Order,Track Order,Track Name,Track Slug,Pattern / Topic #,Pattern / Topic Name,Subtopic #,Subtopic Name,Problem Order in Subtopic,Problem Title,Platform,Difficulty,Practice Problem / Apply Link,Video Tutorial Link,Hint / Solution Link / Notes,Subtopic Tutorial Link,XP / Points,Content Type,Problem ID
1,1,Curious Freaks Coding Sheet (50 Patterns DSA),curious-coding-sheet,1,Basics,1,Beginners Basic Math Probs,1,Find even or odd,GeeksforGeeks,Medium,https://practice.geeksforgeeks.org/problems/odd-or-even3618/1,https://www.youtube.com/watch?v=2c9FY7wlojI,https://www.geeksforgeeks.org/dsa/check-whether-given-number-even-odd/,,5,article,6371ef94-1e48-4c1e-ae01-2428ded4f567
2,1,Curious Freaks Coding Sheet (50 Patterns DSA),curious-coding-sheet,1,Basics,1,Beginners Basic Math Probs,2,Find last digit in a number,GeeksforGeeks,Medium,https://www.geeksforgeeks.org/problems/find-last-digit-of-ab-for-large-numbers1936/1,https://youtu.be/RbDqCwgW_mE?si=_IYYtHfya-LIgXm_,https://www.geeksforgeeks.org/dsa/find-first-last-digits-number/,,5,article,74aec746-e8a8-4a6f-8462-546e1229eb29
3,1,Curious Freaks Coding Sheet (50 Patterns DSA),curious-coding-sheet,1,Basics,1,Beginners Basic Math Probs,3,Count digits in a number,GeeksforGeeks,Medium,https://practice.geeksforgeeks.org/problems/count-digits5716/1,Best Tutorial link - click to view,Article link-click to view,,5,article,621123bd-4f0b-4ee4-9526-589a717a74fb
4,1,Curious Freaks Coding Sheet (50 Patterns DSA),curious-coding-sheet,1,Basics,1,Beginners Basic Math Probs,4,Reverse a number,GeeksforGeeks,Medium,https://www.geeksforgeeks.org/problems/reverse-digit0316/1,Best Tutorial link - click to view,Article link-click to view,,5,article,256df34a-203a-40c7-8405-00eaeabc2d1c
5,1,Curious Freaks Coding Sheet (50 Patterns DSA),curious-coding-sheet,1,Basics,1,Beginners Basic Math Probs,5,Find power of a number,GeeksforGeeks,Medium,https://www.geeksforgeeks.org/problems/power-of-numbers-1587115620/1,https://youtu.be/l0YC3876qxg?si=3ZOycZxertwtfFUf,Article link-click to view,,5,article,10d6a04c-6b7f-4829-b122-5c85c14d36fb
6,1,Curious Freaks Coding Sheet (50 Patterns DSA),curious-coding-sheet,1,Basics,1,Beginners Basic Math Probs,6,GCD,GeeksforGeeks,Medium,https://practice.geeksforgeeks.org/problems/gcd-of-two-numbers3459/1,https://youtu.be/jUErKnEzBEU?si=r-2LsGZ-QYsmOISd,Article link-click to view,,5,article,9c2e68c1-a2a4-4862-b246-7414e3737e01
7,1,Curious Freaks Coding Sheet (50 Patterns DSA),curious-coding-sheet,1,Basics,1,Beginners Basic Math Probs,7,Print all divisors of a number,Coding Ninjas,Medium,https://www.codingninjas.com/studio/problems/print-all-divisors-of-a-number_1164188,https://youtu.be/UmzdzwsAsLg?si=wOXxYRpYsJ6lzlXe,Article link-click to view,,5,article,c3160524-a74f-4242-a7ec-961c103d2dbf
8,1,Curious Freaks Coding Sheet (50 Patterns DSA),curious-coding-sheet,1,Basics,1,Beginners Basic Math Probs,8,Prime number,GeeksforGeeks,Medium,https://practice.geeksforgeeks.org/problems/prime-number2314/1,Best Tutorial link - click to view,Article link-click to view,,5,article,ee0ca80e-4bd9-46fe-ae99-2e5f2e97cb38
9,1,Curious Freaks Coding Sheet (50 Patterns DSA),curious-coding-sheet,1,Basics,1,Beginners Basic Math Probs,9,Armstrong number,GeeksforGeeks,Medium,https://www.geeksforgeeks.org/problems/armstrong-numbers2727/1,Best Tutorial link - click to view,Article link-click to view,,5,article,fe136175-985d-4903-aeda-e08bd9dc766d
10,1,Curious Freaks Coding Sheet (50 Patterns DSA),curious-coding-sheet,1,Basics,1,Beginners Basic Math Probs,10,Check palindrome of number,GeeksforGeeks,Medium,https://practice.geeksforgeeks.org/problems/palindrome0746/1,Best Tutorial link - click to view,Article link-click to view,,5,article,0ec1b2c1-fe5d-43b2-a898-1bb3766332c8
11,1,Curious Freaks Coding Sheet (50 Patterns DSA),curious-coding-sheet,1,Basics,1,Beginners Basic Math Probs,11,Square root of a number,GeeksforGeeks,Medium,https://www.geeksforgeeks.org/problems/square-root/1,Best Tutorial link - click to view,Article link-click to view,,5,article,e36d0b65-8ebe-46a6-9936-205ee259e174
12,1,Curious Freaks Coding Sheet (50 Patterns DSA),curious-coding-sheet,1,Basics,1,Beginners Basic Math Probs,12,Perfect number,GeeksforGeeks,Medium,https://practice.geeksforgeeks.org/problems/perfect-numbers3207/1,https://youtu.be/KpgEakivSHw?si=IFF0Ei1u0qBAmR1Y,Article link-click to view,,5,article,f3d80170-34a8-4fc6-9434-fc22b5c52bc5
13,1,Curious Freaks Coding Sheet (50 Patterns DSA),curious-coding-sheet,2,Array - Data structure,1,Basics with traversal,1,What is an array? How is it represented?,YouTube,Medium,,https://youtu.be/37E9ckMDdTk?si=0TR032zkFFRqHymE,Article link-click to view,,5,article,dc5c9d5a-66af-42f6-ac82-9e06f53a2b41
14,1,Curious Freaks Coding Sheet (50 Patterns DSA),curious-coding-sheet,2,Array - Data structure,1,Basics with traversal,2,Find the maximum and minimum element in array,GeeksforGeeks,Medium,https://www.geeksforgeeks.org/problems/find-minimum-and-maximum-element-in-an-array4428/1,Best Tutorial link - click to view,Article link-click to view,,5,article,daef9764-ae37-4c74-99d0-20bcb9019e5c
15,1,Curious Freaks Coding Sheet (50 Patterns DSA),curious-coding-sheet,2,Array - Data structure,1,Basics with traversal,3,Find third largest element in array,GeeksforGeeks,Medium,https://practice.geeksforgeeks.org/problems/third-largest-element/1,https://youtu.be/37E9ckMDdTk?si=0TR032zkFFRqHymE,Article link-click to view,,5,article,ba8351ef-f935-4126-81b1-610fb041ea34
16,1,Curious Freaks Coding Sheet (50 Patterns DSA),curious-coding-sheet,2,Array - Data structure,1,Basics with traversal,4,Search an element in array,GeeksforGeeks,Medium,https://www.geeksforgeeks.org/problems/search-an-element-in-an-array-1587115621/1,https://youtu.be/wvcQg43_V8U?si=duJ5xqerLGj0IR7R,Article link-click to view,,5,article,1bdc5afb-69c6-4614-86b7-e10cee81be0e
17,1,Curious Freaks Coding Sheet (50 Patterns DSA),curious-coding-sheet,2,Array - Data structure,1,Basics with traversal,5,Find missing number in array,GeeksforGeeks,Medium,https://practice.geeksforgeeks.org/problems/missing-number-in-array1416/1,https://youtu.be/2D0D8HE6uak?si=HL1gv_qVc7mUaHoJ,Article link-click to view,,5,article,9b3e2d20-126b-450a-88eb-5e9045f862b0
18,1,Curious Freaks Coding Sheet (50 Patterns DSA),curious-coding-sheet,2,Array - Data structure,1,Basics with traversal,6,Find repeating number in array,YouTube,Medium,,https://youtu.be/2D0D8HE6uak?si=HL1gv_qVc7mUaHoJ,,,5,article,98921812-2013-433c-b04f-169bfa86825c
19,1,Curious Freaks Coding Sheet (50 Patterns DSA),curious-coding-sheet,2,Array - Data structure,1,Basics with traversal,7,"Sort an array of 0s , 1s and 2s",GeeksforGeeks,Medium,https://www.geeksforgeeks.org/problems/sort-an-array-of-0s-1s-and-2s4231/1?itm_source=geeksforgeeks&itm_medium=Article&itm_campaign=bottom_sticky_on_Article,Best Tutorial link - click to view,Article link-click to view,,5,article,9c000ae3-9feb-4d16-8442-379286ebd246
20,1,Curious Freaks Coding Sheet (50 Patterns DSA),curious-coding-sheet,2,Array - Data structure,1,Basics with traversal,8,Check if two arrays are equal or not,GeeksforGeeks,Medium,https://www.geeksforgeeks.org/problems/check-if-two-arrays-are-equal-or-not3847/1?itm_source=geeksforgeeks&itm_medium=Article&itm_campaign=bottom_sticky_on_Article,Best Tutorial link - click to view,Article link-click to view,,5,article,edf8af14-b7a6-4d55-9b78-8c65604e184e
21,1,Curious Freaks Coding Sheet (50 Patterns DSA),curious-coding-sheet,2,Array - Data structure,1,Basics with traversal,9,Rotate the array by 1,GeeksforGeeks,Medium,https://www.geeksforgeeks.org/problems/cyclically-rotate-an-array-by-one2614/1?itm_source=geeksforgeeks&itm_medium=Article&itm_campaign=bottom_sticky_on_Article,https://youtu.be/BHr381Guz3Y?si=LxSVwsQemuIvjvdu,Article link-click to view,,5,article,70ef6320-050e-4bc5-be7e-222a02e1694a
22,1,Curious Freaks Coding Sheet (50 Patterns DSA),curious-coding-sheet,2,Array - Data structure,1,Basics with traversal,10,Rotate the array by k,Coding Ninjas,Medium,https://www.codingninjas.com/studio/problems/rotate-array_1230543,https://youtu.be/wvcQg43_V8U?si=sd6dy_KO9X1yvwQY,Article link-click to view,,5,article,ed48961a-aa67-4289-843a-584a2e0291f3
23,1,Curious Freaks Coding Sheet (50 Patterns DSA),curious-coding-sheet,2,Array - Data structure,1,Basics with traversal,11,Array subset of another array,GeeksforGeeks,Medium,https://www.geeksforgeeks.org/problems/array-subset-of-another-array2317/1,Best Tutorial link - click to view,Article link-click to view,,5,article,bc09fe48-4450-4973-8393-541bde9b3034
24,1,Curious Freaks Coding Sheet (50 Patterns DSA),curious-coding-sheet,2,Array - Data structure,1,Basics with traversal,12,Learn what is map and how its represented before moving forward,YouTube,Medium,,https://youtu.be/KEs5UyBJ39g?si=RVR7_pJUEOH4dlUZ,Article link-click to view,,5,article,e69fc455-952b-4c79-a053-502b4ba865ab
25,1,Curious Freaks Coding Sheet (50 Patterns DSA),curious-coding-sheet,2,Array - Data structure,1,Basics with traversal,13,Count frequency of elements in array,GeeksforGeeks,Medium,https://practice.geeksforgeeks.org/problems/frequency-of-array-elements-1587115620/1,Best Tutorial link - click to view,Article link-click to view,,5,article,3053e7fb-8dd7-42ee-8ab0-099dbcd2b25f
26,1,Curious Freaks Coding Sheet (50 Patterns DSA),curious-coding-sheet,2,Array - Data structure,2,Two pointer,1,Find pair with given sum,GeeksforGeeks,Medium,https://www.geeksforgeeks.org/problems/key-pair5616/1?itm_source=geeksforgeeks&itm_medium=Article&itm_campaign=bottom_sticky_on_Article,https://youtu.be/UXDSeD9mN-k?si=0OalQrKPSoSeO6io,Article link-click to view,,5,article,ee028028-a832-4dd1-a202-6b43a4dc0273
27,1,Curious Freaks Coding Sheet (50 Patterns DSA),curious-coding-sheet,2,Array - Data structure,2,Two pointer,2,3 Sum,GeeksforGeeks,Medium,https://www.geeksforgeeks.org/problems/triplet-sum-in-array-1587115621/1?itm_source=geeksforgeeks&itm_medium=Article&itm_campaign=bottom_sticky_on_Article,https://youtu.be/DhFh8Kw7ymk?si=Fwh27YWXIuwurZjz,Article link-click to view,,5,article,a3479abc-3e69-4c89-a5ad-d4e7ff39d8d2
28,1,Curious Freaks Coding Sheet (50 Patterns DSA),curious-coding-sheet,2,Array - Data structure,2,Two pointer,3,4 Sum,LeetCode,Medium,https://leetcode.com/problems/4sum/,https://youtu.be/eD95WRfh81c?si=01Uliqaf14HWboWE,Article link-click to view,,5,article,9f3ee424-3e78-428b-b593-ff089bf13e22
29,1,Curious Freaks Coding Sheet (50 Patterns DSA),curious-coding-sheet,2,Array - Data structure,2,Two pointer,4,Find triplets with zero sum,GeeksforGeeks,Medium,https://www.geeksforgeeks.org/problems/find-triplets-with-zero-sum/1,https://youtu.be/cJlJwroDw6o?si=UzoMg7WQXEX_-nQL,Article link-click to view,,5,article,78c3f4c5-c063-40f7-b61d-9ba4608ad409
30,1,Curious Freaks Coding Sheet (50 Patterns DSA),curious-coding-sheet,2,Array - Data structure,2,Two pointer,5,Find count of triplets,YouTube,Medium,Count the triplets | Practice | GeeksforGeeks,https://youtu.be/jqI7kKIJVF8?si=tN1E706NtO33ZE29,Article link-click to view,,5,article,15e21e34-d9de-4a9f-9da4-3e59637246ad
31,1,Curious Freaks Coding Sheet (50 Patterns DSA),curious-coding-sheet,2,Array - Data structure,2,Two pointer,6,Union of two arrays,GeeksforGeeks,Medium,https://www.geeksforgeeks.org/problems/union-of-two-arrays3538/1,Best Tutorial link - click to view,Article link-click to view,,5,article,29e0bb67-af26-42b2-9f83-d9cb039484ae
32,1,Curious Freaks Coding Sheet (50 Patterns DSA),curious-coding-sheet,2,Array - Data structure,2,Two pointer,7,Intersection of two arrays,GeeksforGeeks,Medium,https://www.geeksforgeeks.org/problems/intersection-of-two-arrays2404/1?itm_source=geeksforgeeks&itm_medium=Article&itm_campaign=bottom_sticky_on_Article,https://youtu.be/wvcQg43_V8U?si=sd6dy_KO9X1yvwQY,Article link-click to view,,5,article,c33590c9-5814-483c-8cb6-aeb6d9d6f912
33,1,Curious Freaks Coding Sheet (50 Patterns DSA),curious-coding-sheet,2,Array - Data structure,2,Two pointer,8,Remove duplicates from array,GeeksforGeeks,Medium,https://www.geeksforgeeks.org/problems/remove-duplicate-elements-from-sorted-array/1?itm_source=geeksforgeeks&itm_medium=Article&itm_campaign=bottom_sticky_on_Article,Best Tutorial link - click to view,Article link-click to view,,5,article,b5f408b5-d6f9-4e70-8f39-100994b086f1
34,1,Curious Freaks Coding Sheet (50 Patterns DSA),curious-coding-sheet,2,Array - Data structure,2,Two pointer,9,kth element of 2 sorted arrays,GeeksforGeeks,Medium,https://www.geeksforgeeks.org/problems/k-th-element-of-two-sorted-array1317/1?itm_source=geeksforgeeks&itm_medium=Article&itm_campaign=bottom_sticky_on_Article,Best Tutorial link - click to view,Article link-click to view,,5,article,3ffec5fe-1463-4145-b354-0d226f792bfa
35,1,Curious Freaks Coding Sheet (50 Patterns DSA),curious-coding-sheet,2,Array - Data structure,2,Two pointer,10,Length of longest subarray with sum k,GeeksforGeeks,Medium,https://www.geeksforgeeks.org/problems/longest-sub-array-with-sum-k0809/1?itm_source=geeksforgeeks&itm_medium=article&itm_campaign=bottom_sticky_on_article,https://youtu.be/frf7qxiN2qU?si=JPQuhDD95ggmdzkh,Article link-click to view,,5,article,c76369ee-7309-4b7f-b629-8a87f46c48af
36,1,Curious Freaks Coding Sheet (50 Patterns DSA),curious-coding-sheet,2,Array - Data structure,2,Two pointer,11,Trapping rain water,GeeksforGeeks,Medium,https://www.geeksforgeeks.org/problems/trapping-rain-water-1587115621/1?itm_source=geeksforgeeks&itm_medium=Article&itm_campaign=bottom_sticky_on_Article,https://youtu.be/m18Hntz4go8?si=ciSWVbyZK9fRqwlD,Article link-click to view,,5,article,207b2fff-baea-4525-870a-552ce10309a5
37,1,Curious Freaks Coding Sheet (50 Patterns DSA),curious-coding-sheet,2,Array - Data structure,3,Advanced Problems,1,Majority element,LeetCode,Medium,https://leetcode.com/problems/majority-element/,https://youtu.be/nP_ns3uSh80?si=7StWyumzZ4xALf_n,Article link-click to view,,5,article,3a542c8f-c6a4-4e51-aaaf-43760e5984c2
38,1,Curious Freaks Coding Sheet (50 Patterns DSA),curious-coding-sheet,2,Array - Data structure,3,Advanced Problems,2,Kadane's algo (super imp),GeeksforGeeks,Medium,https://practice.geeksforgeeks.org/problems/kadanes-algorithm-1587115620/1,https://youtu.be/AHZpyENo7k4?si=Gedgrb5NcCsKTvpr,Article link-click to view,,5,article,ec9cbde1-14e4-4c6e-8fc7-15168f0e6947
39,1,Curious Freaks Coding Sheet (50 Patterns DSA),curious-coding-sheet,2,Array - Data structure,3,Advanced Problems,3,Count inversions,GeeksforGeeks,Medium,https://practice.geeksforgeeks.org/problems/inversion-of-array-1587115620/1,https://youtu.be/AseUmwVNaoY?si=ryexsr9Pkd2oEqLb,Article link-click to view,,5,article,70235132-8921-4c0c-bba0-5ca0778223f2
40,1,Curious Freaks Coding Sheet (50 Patterns DSA),curious-coding-sheet,2,Array - Data structure,3,Advanced Problems,4,Merge intervals,LeetCode,Medium,https://leetcode.com/problems/merge-intervals/,https://youtu.be/IexN60k62jo?si=fTYDjb_XUvQNSMQK,Article link-click to view,,5,article,c0b5c4fb-0f8b-4d58-91a0-a8c38687516e
41,1,Curious Freaks Coding Sheet (50 Patterns DSA),curious-coding-sheet,2,Array - Data structure,3,Advanced Problems,5,Maximum product subarray,GeeksforGeeks,Medium,https://practice.geeksforgeeks.org/problems/maximum-product-subarray3604/1,https://youtu.be/hnswaLJvr6g?si=dsjYUnsya81zUUoU,Article link-click to view,,5,article,25cab4da-5db8-44ec-9748-da590e3d9810
42,1,Curious Freaks Coding Sheet (50 Patterns DSA),curious-coding-sheet,2,Array - Data structure,3,Advanced Problems,6,Next permutation,LeetCode,Medium,https://leetcode.com/problems/next-permutation/,https://youtu.be/JDOXKqF60RQ?si=N0kQyEkb3HU3cAFN,Article link-click to view,,5,article,388a8c7f-8ad9-4812-8273-2d05b5dddb67
43,1,Curious Freaks Coding Sheet (50 Patterns DSA),curious-coding-sheet,2,Array - Data structure,3,Advanced Problems,7,Seive of eratosthenes (Popular algo for prime numbers),GeeksforGeeks,Medium,https://www.geeksforgeeks.org/problems/sieve-of-eratosthenes5242/1,https://youtu.be/QDFM7Mjk2mc?si=N-KRLLlVPFDbP7ig,Article link-click to view,,5,article,695e80c2-e665-4250-9dc9-c1b57943617e
44,1,Curious Freaks Coding Sheet (50 Patterns DSA),curious-coding-sheet,4,Matrix - Data structure,1,Traversal & Basic & Must solve,1,What is a 2D Array? How to access element?,YouTube,Medium,,https://youtu.be/J1aQ9JN4vZY?si=Zyvvj50RIqnHS_dI,Article link-click to view,,5,article,1c450ab6-89dd-4674-8c2e-0e901e3ef01d
45,1,Curious Freaks Coding Sheet (50 Patterns DSA),curious-coding-sheet,4,Matrix - Data structure,1,Traversal & Basic & Must solve,2,Search in a matrix,LeetCode,Medium,https://leetcode.com/problems/search-a-2d-matrix/,https://youtu.be/JXU4Akft7yk?si=ftzaCZifMOyqSHYd,Article link-click to view,,5,article,89145a5c-bd12-4680-99e5-9ef2d8eccff3
46,1,Curious Freaks Coding Sheet (50 Patterns DSA),curious-coding-sheet,4,Matrix - Data structure,1,Traversal & Basic & Must solve,3,Rotate by 90 degree,GeeksforGeeks,Medium,https://www.geeksforgeeks.org/problems/rotate-by-90-degree-1587115621/1,https://youtu.be/Z0R2u6gd3GU?si=09YatNJUpyE7ZCjg,Article link-click to view,,5,article,19d5f981-a545-4085-a204-b799c29c493d
47,1,Curious Freaks Coding Sheet (50 Patterns DSA),curious-coding-sheet,4,Matrix - Data structure,1,Traversal & Basic & Must solve,4,Maximum num of 1's row,GeeksforGeeks,Medium,https://www.geeksforgeeks.org/problems/row-with-minimum-number-of-1s5430/1?itm_source=geeksforgeeks&itm_medium=Article&itm_campaign=bottom_sticky_on_Article,https://youtu.be/SCz-1TtYxDI?si=XeAz7btJ6r2MbZuh,Article link-click to view,,5,article,53bc1f07-5955-4cd7-8e91-76672ae1c450
48,1,Curious Freaks Coding Sheet (50 Patterns DSA),curious-coding-sheet,4,Matrix - Data structure,1,Traversal & Basic & Must solve,5,Left rotate matrix k times,GeeksforGeeks,Medium,https://practice.geeksforgeeks.org/problems/left-rotate-matrix-k-times2351/1,https://youtu.be/Z0R2u6gd3GU?si=7sxqBk_sUWTCigqc,Article link-click to view,,5,article,c0451a30-3751-4e3a-bc7c-2a2044d242fc
49,1,Curious Freaks Coding Sheet (50 Patterns DSA),curious-coding-sheet,4,Matrix - Data structure,1,Traversal & Basic & Must solve,6,Print matrix in diagonal pattern,GeeksforGeeks,Medium,https://www.geeksforgeeks.org/problems/print-matrix-in-diagonal-pattern/1?itm_source=geeksforgeeks&itm_medium=Article&itm_campaign=bottom_sticky_on_Article,Best Tutorial link - click to view,Article link-click to view,,5,article,747270b6-4f21-4a5a-9477-76acadfd4e77
50,1,Curious Freaks Coding Sheet (50 Patterns DSA),curious-coding-sheet,4,Matrix - Data structure,1,Traversal & Basic & Must solve,7,Set matrix zeros,LeetCode,Medium,https://leetcode.com/problems/set-matrix-zeroes/,https://youtu.be/N0MgLvceX7M?si=jJ_jUtmeE5mb0LB0,Article link-click to view,,5,article,c881cdf5-344a-4e57-8f02-56eb48136839
51,1,Curious Freaks Coding Sheet (50 Patterns DSA),curious-coding-sheet,5,Binary Search - Algorithm,1,Basic pattern,1,Search in a sorted array,GeeksforGeeks,Medium,https://www.geeksforgeeks.org/problems/who-will-win-1587115621/1?page=1&category=Binary%20Search&sortBy=submissions,Best Tutorial link - click to view,Article link-click to view,,15,article,bdab74d6-60ed-4b9a-ba8c-36be6a7cb0b0
52,1,Curious Freaks Coding Sheet (50 Patterns DSA),curious-coding-sheet,5,Binary Search - Algorithm,1,Basic pattern,2,Find floor and ceil in sorted array,GeeksforGeeks,Medium,https://www.geeksforgeeks.org/problems/floor-in-a-sorted-array-1587115620/1,https://youtu.be/6zhGS79oQ4k?si=HTYRycV3VAbAV7wJ,Article link-click to view,,15,article,52240ddf-e8ae-4087-8312-582d1ce6150f
53,1,Curious Freaks Coding Sheet (50 Patterns DSA),curious-coding-sheet,5,Binary Search - Algorithm,1,Basic pattern,3,Find first and last occurrence of element in sorted array,GeeksforGeeks,Medium,https://www.geeksforgeeks.org/problems/first-and-last-occurrences-of-x3116/1?page=1&category=Binary%20Search&sortBy=submissions,https://youtu.be/hjR1IYVx9lY?si=LvMcs8L77aY4RPsP,Article link-click to view,,15,article,a6f880d6-2f33-4183-861f-57456fdde377
54,1,Curious Freaks Coding Sheet (50 Patterns DSA),curious-coding-sheet,5,Binary Search - Algorithm,1,Basic pattern,4,Find missing num from 1 to N,LeetCode,Medium,https://leetcode.com/problems/missing-number/,https://youtu.be/2D0D8HE6uak?si=lL-NPH7ot2zCdWFk,Article link-click to view,,15,article,24ee328c-588e-4a8d-8cee-2ce31d47174e
55,1,Curious Freaks Coding Sheet (50 Patterns DSA),curious-coding-sheet,5,Binary Search - Algorithm,1,Basic pattern,5,Find square root,GeeksforGeeks,Medium,https://www.geeksforgeeks.org/problems/square-root/1?itm_source=geeksforgeeks&itm_medium=Article&itm_campaign=bottom_sticky_on_Article,https://youtu.be/Bsv3FPUX_BA?si=pkOV3citxe_BydNv,Article link-click to view,,15,article,ad9570b2-fea7-4749-9a0a-66902cc60976
56,1,Curious Freaks Coding Sheet (50 Patterns DSA),curious-coding-sheet,5,Binary Search - Algorithm,1,Basic pattern,6,Search for element in infinite array,Coding Ninjas,Medium,https://www.codingninjas.com/studio/problems/search-in-infinite-sorted-0-1-array_696193,https://youtu.be/W9QJ8HaRvJQ?si=7qkUdUy7sHugcc-4,Article link-click to view,,20,article,6284db7c-338d-4963-acb3-d322e70184fd
57,1,Curious Freaks Coding Sheet (50 Patterns DSA),curious-coding-sheet,5,Binary Search - Algorithm,2,Sorted rotated array,1,Search element in sorted rotated array,LeetCode,Medium,https://leetcode.com/problems/search-in-rotated-sorted-array-ii/,https://youtu.be/5qGrJbHhqFs?si=BQOhDElObCoMlfNF,Article link click to view,,20,article,439ecb69-1c25-443a-b202-9d25cf8b30c7
58,1,Curious Freaks Coding Sheet (50 Patterns DSA),curious-coding-sheet,5,Binary Search - Algorithm,2,Sorted rotated array,2,Minimum element in sorted rotated array,GeeksforGeeks,Medium,https://www.geeksforgeeks.org/problems/minimum-number-in-a-sorted-rotated-array-1587115620/1?page=1&category=Binary%20Search&sortBy=submissions,Best Tutorial link - click to view,Article link click to view,,20,article,bf8a4225-4ecc-4862-9f2b-1998ffae33a8
59,1,Curious Freaks Coding Sheet (50 Patterns DSA),curious-coding-sheet,5,Binary Search - Algorithm,2,Sorted rotated array,3,Number of times array is sorted,GeeksforGeeks,Medium,https://www.geeksforgeeks.org/problems/rotation4723/1?itm_source=geeksforgeeks&itm_medium=Article&itm_campaign=bottom_sticky_on_Article,https://youtu.be/jtSiWTPLwd0?si=-rI5dZ-3sY3qDsS6,Article link click to view,,20,article,266262f6-8b5c-4f18-a461-0bea4799d800
60,1,Curious Freaks Coding Sheet (50 Patterns DSA),curious-coding-sheet,5,Binary Search - Algorithm,2,Sorted rotated array,4,Maximum element in sorted rotated array,External Web Resource,Medium,,Best Tutorial link - click to view,Article link click to view,,20,article,036b561d-96a0-436f-a2e3-508c6fbc1c2e
61,1,Curious Freaks Coding Sheet (50 Patterns DSA),curious-coding-sheet,5,Binary Search - Algorithm,3,Biotonic array,1,Find the peak element,GeeksforGeeks,Medium,https://www.geeksforgeeks.org/problems/peak-element/1?page=1&category=Arrays&difficulty=Medium&status=solved&sortBy=submissions,https://youtu.be/cXxmbemS6XM?si=uuZ5GDVRhz1DuRpp,Article link click to view,,20,article,e721c6e6-821a-41ba-8cde-a59438c26ae6
62,1,Curious Freaks Coding Sheet (50 Patterns DSA),curious-coding-sheet,5,Binary Search - Algorithm,3,Biotonic array,2,Search element in biotonic array,YouTube,Medium,https://www.interviewbit.com/problems/search-in-bitonic-array/,https://youtu.be/W9QJ8HaRvJQ?si=7qkUdUy7sHugcc-4,Article link click to view,,20,article,e29a635c-7841-4451-a682-06d3053f1913
63,1,Curious Freaks Coding Sheet (50 Patterns DSA),curious-coding-sheet,5,Binary Search - Algorithm,4,Matrix,1,Find row with maximum number of 1s,GeeksforGeeks,Medium,https://www.geeksforgeeks.org/problems/binary-matrix-having-maximum-number-of-1s--170647/1?page=2&category=Binary%20Search&sortBy=submissions,https://youtu.be/SCz-1TtYxDI?si=U_jEDIFYaa8QGnxo,Article link-click to view,,20,article,ab95661e-6eee-4021-a349-defb4e465970
64,1,Curious Freaks Coding Sheet (50 Patterns DSA),curious-coding-sheet,5,Binary Search - Algorithm,4,Matrix,2,Search in row wise column wise sorted matrix,GeeksforGeeks,Medium,https://www.geeksforgeeks.org/problems/search-in-a-matrix-1587115621/1?itm_source=geeksforgeeks&itm_medium=Article&itm_campaign=bottom_sticky_on_Article,https://youtu.be/JXU4Akft7yk?si=oY5y29BNgKveTd7q,Article link-click to view,,20,article,ad0c33e1-9606-430e-9b61-2bd6983748d4
65,1,Curious Freaks Coding Sheet (50 Patterns DSA),curious-coding-sheet,5,Binary Search - Algorithm,4,Matrix,3,Search in sorted matrix II,LeetCode,Medium,https://leetcode.com/problems/search-a-2d-matrix-ii/,https://youtu.be/9ZbB397jU4k?si=LYzHu6tpjUc5D73I,Article link-click to view,,20,article,90528e76-8aee-487b-b7ba-a8c5e93bd528
66,1,Curious Freaks Coding Sheet (50 Patterns DSA),curious-coding-sheet,5,Binary Search - Algorithm,4,Matrix,4,Find peak in sorted matrix,LeetCode,Medium,https://leetcode.com/problems/find-a-peak-element-ii/,https://youtu.be/9ZbB397jU4k?si=wSh6BEJiQjJRFuhD,Article link-click to view,,20,article,d61542f4-49e5-4f8f-8c14-45ab5c9e0c09
67,1,Curious Freaks Coding Sheet (50 Patterns DSA),curious-coding-sheet,5,Binary Search - Algorithm,5,Application(Super imp),1,Aggressive cows,GeeksforGeeks,Medium,https://www.geeksforgeeks.org/problems/aggressive-cows/1?page=1&category=Binary%20Search&sortBy=submissions,https://youtu.be/R_Mfw4ew-Vo?si=5YexrvejL-U8Lp9e,Article link-click to view,,25,article,c2bc2b41-562d-4588-8dbb-89880bf40457
68,1,Curious Freaks Coding Sheet (50 Patterns DSA),curious-coding-sheet,5,Binary Search - Algorithm,5,Application(Super imp),2,Allocate minimum pages,GeeksforGeeks,Medium,https://www.geeksforgeeks.org/problems/allocate-minimum-number-of-pages0937/1?itm_source=geeksforgeeks&itm_medium=Article&itm_campaign=bottom_sticky_on_Article,https://youtu.be/Z0hwjftStI4?si=md6pnkK1gK2OydeX,Article link-click to view,,25,article,95863e6e-6be1-40d9-89c3-edcd13ef8a41
69,1,Curious Freaks Coding Sheet (50 Patterns DSA),curious-coding-sheet,5,Binary Search - Algorithm,5,Application(Super imp),3,Painter partition,GeeksforGeeks,Medium,https://www.geeksforgeeks.org/problems/the-painters-partition-problem1535/1?page=1&category=Binary%20Search&sortBy=submissions,https://youtu.be/thUd_WJn6wk?si=83_t-BSmFO1JPtFX,Article link-click to view,,25,article,f989e8b0-ba2e-4244-be35-8cebf7e6ab06
70,1,Curious Freaks Coding Sheet (50 Patterns DSA),curious-coding-sheet,5,Binary Search - Algorithm,5,Application(Super imp),4,Split array largest sum,GeeksforGeeks,Medium,https://www.geeksforgeeks.org/problems/split-array-largest-sum--141634/1?page=2&category=Binary%20Search&sortBy=submissions,https://youtu.be/thUd_WJn6wk?si=83_t-BSmFO1JPtFX,Article link-click to view,,25,article,a5acd422-4c94-4162-b86f-0ead4ccba1b6
71,1,Curious Freaks Coding Sheet (50 Patterns DSA),curious-coding-sheet,5,Binary Search - Algorithm,5,Application(Super imp),5,Minimum num of days to make m bouquets,LeetCode,Medium,https://leetcode.com/problems/minimum-number-of-days-to-make-m-bouquets/,https://youtu.be/TXAuxeYBTdg?si=am2Vhrx6NzRn666i,Article link-click to view,,25,article,b8ae8a4a-3a90-4a01-9d52-f47d84487581
72,1,Curious Freaks Coding Sheet (50 Patterns DSA),curious-coding-sheet,5,Binary Search - Algorithm,5,Application(Super imp),6,Capacity to ship packages within D days,GeeksforGeeks,Medium,https://www.geeksforgeeks.org/problems/capacity-to-ship-packages-within-d-days/1?page=2&category=Binary%20Search&sortBy=submissions,https://youtu.be/MG-Ac4TAvTY?si=AZ1NbXoBg0WpOIVu,Article link-click to view,,25,article,b420ce35-4c9c-4bd2-a66e-bb4010b8e1ac
73,1,Curious Freaks Coding Sheet (50 Patterns DSA),curious-coding-sheet,5,Binary Search - Algorithm,5,Application(Super imp),7,koko eating bananas,LeetCode,Medium,https://leetcode.com/problems/koko-eating-bananas/,https://youtu.be/qyfekrNni90?si=jMI1EAu9QbNoPwdL,Article link-click to view,,25,article,d68523b6-9416-47ed-be25-bfa56b936123
74,1,Curious Freaks Coding Sheet (50 Patterns DSA),curious-coding-sheet,5,Binary Search - Algorithm,5,Application(Super imp),8,kth smallest number in matrix multiplication table,LeetCode,Medium,https://leetcode.com/problems/kth-smallest-number-in-multiplication-table/,https://youtu.be/N-7biZf7a0I?si=CfkbhxMALJCEo69w,Article link-click to view,,25,article,730ecbe9-6aad-460a-b03d-6b74295bf8e5
75,1,Curious Freaks Coding Sheet (50 Patterns DSA),curious-coding-sheet,5,Binary Search - Algorithm,5,Application(Super imp),9,kth smallest pair distance,LeetCode,Medium,https://leetcode.com/problems/find-k-th-smallest-pair-distance/,https://youtu.be/veu_Q-da6ZY?si=T0MVODyANtV8Q8jE,Article link-click to view,,25,article,8685ddc3-5740-40b8-8120-504b708ee29d
76,1,Curious Freaks Coding Sheet (50 Patterns DSA),curious-coding-sheet,5,Binary Search - Algorithm,5,Application(Super imp),10,Ugly number II,LeetCode,Medium,https://leetcode.com/problems/ugly-number-ii/,https://youtu.be/X5SuOsIWCoI?si=EQTTz3FlzY37wihS,Article link-click to view,,25,article,f08a6965-d66c-4aee-9754-63cc9cf9deec
77,1,Curious Freaks Coding Sheet (50 Patterns DSA),curious-coding-sheet,5,Binary Search - Algorithm,5,Application(Super imp),11,Median of 2 sorted arrays,YouTube,Medium,Median of 2 Sorted Arrays of Different Sizes | Practice | GeeksforGeeks,https://youtu.be/F9c7LpRZWVQ?si=UBBKqg6vDwaEPBla,Article link-click to view,,25,article,0be691df-3121-4bfa-95dd-d7dbfb998ebb
78,1,Curious Freaks Coding Sheet (50 Patterns DSA),curious-coding-sheet,5,Binary Search - Algorithm,5,Application(Super imp),12,Find smallest divisor given threshold,YouTube,Medium,Find the Smallest Divisor Given a Threshold - LeetCode,https://youtu.be/UvBKTVaG6U8?si=U-dfjanJFfqbEEOE,Article link-click to view,,25,article,48a9eb9a-a481-421f-939d-62e2157198f4
79,1,Curious Freaks Coding Sheet (50 Patterns DSA),curious-coding-sheet,6,Sorting - Algorithm,1,Basics,1,Bubble sort,GeeksforGeeks,Medium,https://www.geeksforgeeks.org/problems/bubble-sort/1?itm_source=geeksforgeeks&itm_medium=Article&itm_campaign=bottom_sticky_on_Article,Best Tutorial link - click to view,Article link-click to view,,15,article,1ff1604d-4366-4cc0-9927-ac595f475eb6
80,1,Curious Freaks Coding Sheet (50 Patterns DSA),curious-coding-sheet,6,Sorting - Algorithm,1,Basics,2,Selection sort,GeeksforGeeks,Medium,https://www.geeksforgeeks.org/problems/selection-sort/1?itm_source=geeksforgeeks&itm_medium=Article&itm_campaign=bottom_sticky_on_Article,https://youtu.be/HGk_ypEuS24?si=7Y4nO0hu37rPwmjB,Article link-click to view,,15,article,29aeb2b1-bdce-4a42-9ed4-0093a8812d6c
81,1,Curious Freaks Coding Sheet (50 Patterns DSA),curious-coding-sheet,6,Sorting - Algorithm,1,Basics,3,Insertion sort,GeeksforGeeks,Medium,https://www.geeksforgeeks.org/problems/insertion-sort/1?itm_source=geeksforgeeks&itm_medium=Article&itm_campaign=bottom_sticky_on_Article,https://youtu.be/HGk_ypEuS24?si=7Y4nO0hu37rPwmjB,Article link-click to view,,15,article,47c0cc7d-8841-4e27-936b-6cf574d0e2af
82,1,Curious Freaks Coding Sheet (50 Patterns DSA),curious-coding-sheet,6,Sorting - Algorithm,1,Basics,4,Merge sort,GeeksforGeeks,Medium,https://www.geeksforgeeks.org/problems/merge-sort/1?itm_source=geeksforgeeks&itm_medium=Article&itm_campaign=bottom_sticky_on_Article,https://youtu.be/ogjf7ORKfd8?si=nHB5zJMfQf-fmOim,Article link-click to view,,15,article,9bfaf781-2bea-4d16-a0f2-a0adb5e4c95a
83,1,Curious Freaks Coding Sheet (50 Patterns DSA),curious-coding-sheet,6,Sorting - Algorithm,1,Basics,5,Quick sort,GeeksforGeeks,Medium,https://www.geeksforgeeks.org/problems/quick-sort/1?itm_source=geeksforgeeks&itm_medium=Article&itm_campaign=bottom_sticky_on_Article,https://youtu.be/WIrA4YexLRQ?si=IBwwb6xHsi3YGOSN,Article link-click to view,,15,article,3841e8c3-ce47-4523-8b0d-4f7956098959
84,1,Curious Freaks Coding Sheet (50 Patterns DSA),curious-coding-sheet,7,Linked List - Data structure,1,Basic patterns,1,"Create, Insert, Delete Operations in LL",YouTube,Medium,,https://youtu.be/VaECK03Dz-g?si=-81fgfc9CAs2P-yg,Article link-click to view,,15,article,aa814bac-28aa-4c14-85bc-e84d68f6e72f
85,1,Curious Freaks Coding Sheet (50 Patterns DSA),curious-coding-sheet,7,Linked List - Data structure,1,Basic patterns,2,Search for an element in LL,GeeksforGeeks,Medium,https://www.geeksforgeeks.org/problems/search-in-linked-list-1664434326/1,Best Tutorial link - click to view,Article link-click to view,,15,article,7a4d47d0-2ff4-4222-a023-7f644643eab5
86,1,Curious Freaks Coding Sheet (50 Patterns DSA),curious-coding-sheet,7,Linked List - Data structure,1,Basic patterns,3,Reverse a LL,GeeksforGeeks,Medium,https://www.geeksforgeeks.org/problems/reverse-a-linked-list/1?page=1&category=Linked%20List&sortBy=submissions,Best Tutorial link - click to view,Article link - click to view,,20,article,decc4e5e-44f2-4ae9-aa65-732170c96df5
87,1,Curious Freaks Coding Sheet (50 Patterns DSA),curious-coding-sheet,7,Linked List - Data structure,1,Basic patterns,4,Check if LL is a Palindrome,GeeksforGeeks,Medium,https://www.geeksforgeeks.org/problems/check-if-linked-list-is-pallindrome/1?page=1&category=Linked%20List&sortBy=submissions,Best Tutorial link - click to view,Article link - click to view,,20,article,216a2ebb-7c33-4580-b448-f6db00ce1dcb
88,1,Curious Freaks Coding Sheet (50 Patterns DSA),curious-coding-sheet,7,Linked List - Data structure,1,Basic patterns,5,Middle element of LL,GeeksforGeeks,Medium,https://www.geeksforgeeks.org/problems/insert-in-middle-of-linked-list/1?page=2&category=Linked%20List&sortBy=submissions,Best Tutorial link - click to view,Article link - click to view,,15,article,3dc1fb12-ef78-4c31-9abc-98674283c940
89,1,Curious Freaks Coding Sheet (50 Patterns DSA),curious-coding-sheet,7,Linked List - Data structure,1,Basic patterns,6,Find the intersection point of Y LL,GeeksforGeeks,Medium,https://www.geeksforgeeks.org/problems/intersection-point-in-y-shapped-linked-lists/1?page=1&category=Linked%20List&sortBy=submissions,Best Tutorial link - click to view,Article link - click to view,,20,article,ce2a54e2-06bc-4c9c-95b3-c9b6fb54e4fa
90,1,Curious Freaks Coding Sheet (50 Patterns DSA),curious-coding-sheet,7,Linked List - Data structure,1,Basic patterns,7,Union and Intersection of LL,GeeksforGeeks,Medium,https://www.geeksforgeeks.org/problems/union-of-two-linked-list/1?itm_source=geeksforgeeks&itm_medium=Article&itm_campaign=bottom_sticky_on_Article,https://youtu.be/wvcQg43_V8U?si=hnKPSWEqSjHN9dNn,Article link - click to view,,20,article,98a98086-7bcf-424c-ab75-d4ed1c01666d
91,1,Curious Freaks Coding Sheet (50 Patterns DSA),curious-coding-sheet,7,Linked List - Data structure,1,Basic patterns,8,Delete without head pointer,GeeksforGeeks,Medium,https://www.geeksforgeeks.org/problems/delete-without-head-pointer/1?page=1&category=Linked%20List&sortBy=submissions,https://youtu.be/icnp4FJdZ_c?si=NZr1bzvtR_ARASzF,Article link - click to view,,20,article,c4a44fce-1336-4a16-8e5e-ce5a1918c9ab
92,1,Curious Freaks Coding Sheet (50 Patterns DSA),curious-coding-sheet,7,Linked List - Data structure,1,Basic patterns,9,Count pairs with given sum,GeeksforGeeks,Medium,https://www.geeksforgeeks.org/problems/count-pairs-whose-sum-is-equal-to-x/1?page=2&category=Linked%20List&sortBy=submissions,Best Tutorial link - click to view,Article link - click to view,,20,article,b860f930-8a40-4c22-bc80-501e4c6971cc
93,1,Curious Freaks Coding Sheet (50 Patterns DSA),curious-coding-sheet,7,Linked List - Data structure,1,Basic patterns,10,Reverse LL in groups of given size,GeeksforGeeks,Medium,https://www.geeksforgeeks.org/problems/reverse-a-linked-list-in-groups-of-given-size/1?page=1&category=Linked%20List&sortBy=submissions,Best Tutorial link - click to view,Article link - click to view,,25,article,c9d60884-6752-4b21-bfde-1c1ea71b2d93
94,1,Curious Freaks Coding Sheet (50 Patterns DSA),curious-coding-sheet,7,Linked List - Data structure,2,Loop,1,Detect loop in LL,GeeksforGeeks,Medium,https://www.geeksforgeeks.org/problems/detect-loop-in-linked-list/1?page=1&category=Linked%20List&sortBy=submissions,Best Tutorial link - click to view,Article link - click to view,,20,article,6a51817b-cf36-4180-bb9b-e820b10f9157
95,1,Curious Freaks Coding Sheet (50 Patterns DSA),curious-coding-sheet,7,Linked List - Data structure,2,Loop,2,Find length of loop in LL,GeeksforGeeks,Medium,https://www.geeksforgeeks.org/problems/find-length-of-loop/1?page=1&category=Linked%20List&difficulty=Easy&sortBy=submissions,https://youtu.be/I4g1qbkTPus?si=YqFJkeqopml7lRkN,Article link - click to view,,20,article,87e22513-cbfe-4e9b-a15e-ce89e4e77068
96,1,Curious Freaks Coding Sheet (50 Patterns DSA),curious-coding-sheet,7,Linked List - Data structure,2,Loop,3,Find the starting point of loop,GeeksforGeeks,Medium,https://www.geeksforgeeks.org/problems/find-the-first-node-of-loop-in-linked-list--170645/1,https://youtu.be/2Kd0KKmmHFc?si=G-cVazaPJN8XjgfB,Article link - click to view,,20,article,0b3a63f4-0b4c-408c-baeb-d0781caf3bff
97,1,Curious Freaks Coding Sheet (50 Patterns DSA),curious-coding-sheet,7,Linked List - Data structure,2,Loop,4,Remove the loop,GeeksforGeeks,Medium,https://www.geeksforgeeks.org/problems/remove-loop-in-linked-list/1?page=1&category=Linked%20List&sortBy=submissions,https://youtu.be/_BG9rjkAXj8?si=egrP9V6ROMAip9jT,Article link - click to view,,20,article,2f9ce697-8a0e-432c-b5b8-9f1f5dc5d7da
98,1,Curious Freaks Coding Sheet (50 Patterns DSA),curious-coding-sheet,7,Linked List - Data structure,3,"Sorting, Merging & Related",1,"Sort 0s, 1s, 2s in LL",GeeksforGeeks,Medium,https://www.geeksforgeeks.org/problems/given-a-linked-list-of-0s-1s-and-2s-sort-it/1?page=1&category=Linked%20List&sortBy=submissions,https://youtu.be/gRII7LhdJWc?si=q-xNQeYvdXPR8WWj,Article link-click to view,,20,article,10862906-526d-4181-aad6-f8000cb6a259
99,1,Curious Freaks Coding Sheet (50 Patterns DSA),curious-coding-sheet,7,Linked List - Data structure,3,"Sorting, Merging & Related",2,Pairwise swap elements,GeeksforGeeks,Medium,https://www.geeksforgeeks.org/problems/pairwise-swap-elements-of-a-linked-list-by-swapping-data/1?page=2&category=Linked%20List&sortBy=submissions,https://youtu.be/bN8nk4ZXzK0?si=iA2AjojAqKG9d_WU,Article link-click to view,,20,article,57ec46ab-b452-4293-a92d-3158f8afec92
100,1,Curious Freaks Coding Sheet (50 Patterns DSA),curious-coding-sheet,7,Linked List - Data structure,3,"Sorting, Merging & Related",3,Merge k sorted LL,GeeksforGeeks,Medium,https://www.geeksforgeeks.org/problems/merge-two-sorted-linked-lists/1?page=1&category=Linked%20List&sortBy=submissions,Best Tutorial link - click to view,Article link-click to view,,20,article,ad07980a-3f5a-4536-b2ee-5ea73973e668
101,1,Curious Freaks Coding Sheet (50 Patterns DSA),curious-coding-sheet,7,Linked List - Data structure,3,"Sorting, Merging & Related",4,Merge sort in LL,GeeksforGeeks,Medium,https://www.geeksforgeeks.org/problems/sort-a-linked-list/1?page=2&category=Linked%20List&sortBy=submissions,https://youtu.be/ogjf7ORKfd8?si=rzOnEXKe2To-rSdw,Article link-click to view,,20,article,0e42aeba-9b10-4ebf-a26a-e00c9b70f314
102,1,Curious Freaks Coding Sheet (50 Patterns DSA),curious-coding-sheet,7,Linked List - Data structure,3,"Sorting, Merging & Related",5,Quick sort in LL,GeeksforGeeks,Medium,https://www.geeksforgeeks.org/problems/quick-sort-on-linked-list/1?itm_source=geeksforgeeks&itm_medium=Article&itm_campaign=bottom_sticky_on_Article,https://youtu.be/WIrA4YexLRQ?si=-NZqIbzEpb-6OARV,Article link-click to view,,20,article,b2c5b995-4cbb-47fd-8b62-44c8667b2236
103,1,Curious Freaks Coding Sheet (50 Patterns DSA),curious-coding-sheet,7,Linked List - Data structure,3,"Sorting, Merging & Related",6,Remove occurrence of duplicates in sorted & unsorted LL,GeeksforGeeks,Medium,https://www.geeksforgeeks.org/problems/remove-duplicate-element-from-sorted-linked-list/1?page=1&category=Linked%20List&difficulty=Easy&sortBy=submissions https://www.geeksforgeeks.org/problems/remove-duplicates-from-an-unsorted-linked-list/1?page=1&category=Linked%20List&difficulty=Easy&sortBy=submissions,https://youtu.be/YJKVTnOJXSY?si=v8RSH10efQJUvW0C,Article link-click to view,,20,article,8fdb156b-3398-4be6-b82e-064f9b81ecff
104,1,Curious Freaks Coding Sheet (50 Patterns DSA),curious-coding-sheet,7,Linked List - Data structure,3,"Sorting, Merging & Related",7,Seggregate even and odd nodes in LL,GeeksforGeeks,Medium,https://practice.geeksforgeeks.org/problems/segregate-even-and-odd-nodes-in-a-linked-list5035/1,https://www.youtube.com/live/JfWROTUQcn8?si=o9X1KOCltap_orbJ,Article link-click to view,,20,article,3d112158-501d-4d61-b432-86a908959028
105,1,Curious Freaks Coding Sheet (50 Patterns DSA),curious-coding-sheet,7,Linked List - Data structure,4,"Arithmetic(Reversal & traversal - Once you learnt these, you can solve probs in this pattern)",1,Add 1 to a number represented as LL,GeeksforGeeks,Medium,https://practice.geeksforgeeks.org/problems/add-1-to-a-number-represented-as-linked-list/1,https://youtu.be/aXQWhbvT3w0?si=YWdIiQXsrfQHnrYn,Article link-click to view,,20,article,77d02206-b51d-4376-972f-6b83eab83a29
106,1,Curious Freaks Coding Sheet (50 Patterns DSA),curious-coding-sheet,7,Linked List - Data structure,4,"Arithmetic(Reversal & traversal - Once you learnt these, you can solve probs in this pattern)",2,Add 2 numbers represented as LL,GeeksforGeeks,Medium,https://practice.geeksforgeeks.org/problems/add-two-numbers-represented-by-linked-lists/1,https://youtu.be/LBVsXSMOIk4?si=iIQRk_sF9zAtwknT,Article link-click to view,,20,article,666ac9a1-f197-4e4a-b45e-d885efbb0518
107,1,Curious Freaks Coding Sheet (50 Patterns DSA),curious-coding-sheet,7,Linked List - Data structure,4,"Arithmetic(Reversal & traversal - Once you learnt these, you can solve probs in this pattern)",3,Subtraction on LL,GeeksforGeeks,Medium,https://www.geeksforgeeks.org/problems/subtraction-in-linked-list/1?page=1&category=Linked%20List&difficulty=Hard&sortBy=submissions,Best Tutorial link - click to view,Article link - click to view,,25,article,4c1c6e62-cfd5-4538-8795-92f6700f50e3
108,1,Curious Freaks Coding Sheet (50 Patterns DSA),curious-coding-sheet,7,Linked List - Data structure,5,"Must solve other probs(Try to solve these probs on own, brute force atleast you can come up for most of them after solving above)",1,Rotate LL,GeeksforGeeks,Medium,https://www.geeksforgeeks.org/problems/reorder-list/1?page=3&category=Linked%20List&sortBy=submissions,https://youtu.be/uT7YI7XbTY8?si=ueKdt7ev8rjshlGW,Article link-click to view,,25,article,461f831a-4919-4640-84bf-b5196281a0b0
109,1,Curious Freaks Coding Sheet (50 Patterns DSA),curious-coding-sheet,7,Linked List - Data structure,5,"Must solve other probs(Try to solve these probs on own, brute force atleast you can come up for most of them after solving above)",2,Flattening a LL,GeeksforGeeks,Medium,https://www.geeksforgeeks.org/problems/flattening-a-linked-list--170645/1?page=4&category=Linked%20List&sortBy=submissions,Best Tutorial link - click to view,Article link-click to view,,25,article,d440a554-f199-4cb7-ac3c-31850873bc76
110,1,Curious Freaks Coding Sheet (50 Patterns DSA),curious-coding-sheet,7,Linked List - Data structure,5,"Must solve other probs(Try to solve these probs on own, brute force atleast you can come up for most of them after solving above)",3,Delete nodes having greater value on right,GeeksforGeeks,Medium,https://practice.geeksforgeeks.org/problems/delete-nodes-having-greater-value-on-right/1,https://youtu.be/jDPrM5XIqzM?si=w0IEUl9Y2qmXSdtC,Article link-click to view,,25,article,aa38db2d-02e8-4e54-b96f-e4b20e06f23a
111,1,Curious Freaks Coding Sheet (50 Patterns DSA),curious-coding-sheet,7,Linked List - Data structure,5,"Must solve other probs(Try to solve these probs on own, brute force atleast you can come up for most of them after solving above)",4,Delete N nodes after M nodes,GeeksforGeeks,Medium,https://www.geeksforgeeks.org/problems/delete-n-nodes-after-m-nodes-of-a-linked-list/1?page=3&category=Linked%20List&sortBy=submissions,https://youtu.be/icnp4FJdZ_c?si=a2BJWMCc9ETeevAO,Article link-click to view,,25,article,e8700504-b869-4d68-8c0f-96f83b20a4bc
112,1,Curious Freaks Coding Sheet (50 Patterns DSA),curious-coding-sheet,7,Linked List - Data structure,5,"Must solve other probs(Try to solve these probs on own, brute force atleast you can come up for most of them after solving above)",5,Delete all occurrence of node,YouTube,Medium,,https://youtu.be/Mh0NH_SD92k?si=_jaOPDZKpnHohet2,,,25,article,66303225-d75c-4843-8998-ccc016e11e3b
113,1,Curious Freaks Coding Sheet (50 Patterns DSA),curious-coding-sheet,7,Linked List - Data structure,5,"Must solve other probs(Try to solve these probs on own, brute force atleast you can come up for most of them after solving above)",6,Clone a LL,GeeksforGeeks,Medium,https://www.geeksforgeeks.org/problems/clone-a-linked-list-with-next-and-random-pointer/1?page=1&category=Linked%20List&difficulty=Hard&sortBy=submissions,https://youtu.be/VNf6VynfpdM?si=e1slTowpTqIc---M,Article link - click to view,,30,article,30ea5db0-9c69-4792-b252-eb6fdc3075a0
114,1,Curious Freaks Coding Sheet (50 Patterns DSA),curious-coding-sheet,7,Linked List - Data structure,5,"Must solve other probs(Try to solve these probs on own, brute force atleast you can come up for most of them after solving above)",7,Length of longest palindrome in LL,GeeksforGeeks,Medium,https://www.geeksforgeeks.org/problems/length-of-longest-palindrome-in-linked-list/1?page=2&category=Linked%20List&difficulty=Medium&sortBy=submissions,https://youtu.be/6i_T5kkfv4A?si=L6rVlrvdYuSXGiWa,Article link - click to view,,25,article,d1330ea3-299a-4ebb-9397-57ab66fb39a4
115,1,Curious Freaks Coding Sheet (50 Patterns DSA),curious-coding-sheet,7,Linked List - Data structure,5,"Must solve other probs(Try to solve these probs on own, brute force atleast you can come up for most of them after solving above)",8,Learn the basics of circular LL,External Web Resource,Medium,,Best Tutorial link - click to view,,,15,article,b85bbb1d-dc07-4195-b845-702fb976e9af
116,1,Curious Freaks Coding Sheet (50 Patterns DSA),curious-coding-sheet,7,Linked List - Data structure,6,Double Linked List,1,Learn the basic representation of the nodes in LL,YouTube,Medium,,https://youtu.be/Nq7ok-OyEpg?si=dDrqbUkV_lKFkLSV,,,15,article,ec90a682-0daf-4afc-8ed4-c32be7dddc9f
117,1,Curious Freaks Coding Sheet (50 Patterns DSA),curious-coding-sheet,7,Linked List - Data structure,6,Double Linked List,2,"Insert, Delete, Reverse DLL",GeeksforGeeks,Medium,https://www.geeksforgeeks.org/problems/reverse-a-doubly-linked-list/1?page=1&category=doubly-linked-list&sortBy=submissions,https://youtu.be/u3WUW2qe6ww?si=hAazIXgy1oPd1_KJ,Article link-click to view,,20,article,d376ecfd-b1d6-4aee-8dfb-3c49bc004eee
118,1,Curious Freaks Coding Sheet (50 Patterns DSA),curious-coding-sheet,7,Linked List - Data structure,6,Double Linked List,3,Pairs with given sum in DLL,GeeksforGeeks,Medium,https://www.geeksforgeeks.org/problems/find-pairs-with-given-sum-in-doubly-linked-list/1?page=1&category=doubly-linked-list&difficulty=Easy&sortBy=submissions,https://youtu.be/YitR4dQsddE?si=mrZaT1w0xdI_VKYJ,Article link-click to view,,20,article,3d5f388f-f432-4181-9d96-9acfe8bbc98b
119,1,Curious Freaks Coding Sheet (50 Patterns DSA),curious-coding-sheet,8,Stack - Data structure,1,Basic,1,What is stack? Learn how to represent the data structure and working of it,GeeksforGeeks,Medium,https://www.geeksforgeeks.org/problems/implement-stack-using-array/1?page=1&category=Stack&sortBy=submissions,Best Tutorial link - click to view,Article link-click to view,,15,article,c8f18b73-d287-454c-b073-1d5d109b3616
120,1,Curious Freaks Coding Sheet (50 Patterns DSA),curious-coding-sheet,8,Stack - Data structure,1,Basic,2,Implement 2 stack using array,GeeksforGeeks,Medium,https://www.geeksforgeeks.org/problems/implement-two-stacks-in-an-array/1?page=1&category=Stack&sortBy=submissions,https://youtu.be/GYptUgnIM_I?si=YEr87UrxZw1xaMk3,Article link-click to view,,15,article,2a53a37b-f132-4f22-a4be-4f5cc2028ff7
121,1,Curious Freaks Coding Sheet (50 Patterns DSA),curious-coding-sheet,8,Stack - Data structure,1,Basic,3,Check for balanced parenthesis,GeeksforGeeks,Medium,https://www.geeksforgeeks.org/problems/parenthesis-checker2744/1?page=1&category=Stack&sortBy=submissions,https://youtu.be/wkDfsKijrZ8?si=xmSeeK82cI-4hsWZ,Article link-click to view,,15,article,6b200ffa-f045-46b5-bf34-39436b01fbb9
122,1,Curious Freaks Coding Sheet (50 Patterns DSA),curious-coding-sheet,8,Stack - Data structure,1,Basic,4,Get min from stack in O(1) space and time,GeeksforGeeks,Medium,https://www.geeksforgeeks.org/problems/get-minimum-element-from-stack/1?page=1&category=Stack&sortBy=submissions,Best Tutorial link - click to view,Article link-click to view,,20,article,67a679b9-af07-48e1-9989-1f812109b177
123,1,Curious Freaks Coding Sheet (50 Patterns DSA),curious-coding-sheet,8,Stack - Data structure,2,Next greater element,1,Next greater element,GeeksforGeeks,Medium,https://www.geeksforgeeks.org/problems/next-larger-element-1587115620/1?page=1&category=Stack&sortBy=submissions,https://youtu.be/Du881K7Jtk8?si=1KDoD1_Ke3mzxlL1,Article link-click to view,,20,article,719e65af-eacb-4cbc-8686-e52c4c5d0a87
124,1,Curious Freaks Coding Sheet (50 Patterns DSA),curious-coding-sheet,8,Stack - Data structure,2,Next greater element,2,Next greater element II,LeetCode,Medium,https://leetcode.com/problems/next-greater-element-ii/,Best Tutorial link - click to view,Article link-click to view,,20,article,8edcde55-ed67-4f7d-b90d-85992f832d05
125,1,Curious Freaks Coding Sheet (50 Patterns DSA),curious-coding-sheet,8,Stack - Data structure,3,"Next smallest element(Once above pattern is covered, try to solve this on own)",1,Next smallest element on left,GeeksforGeeks,Medium,https://www.geeksforgeeks.org/problems/help-classmates--141631/1?itm_source=geeksforgeeks,https://youtu.be/_RtghJnM1Qo?si=4qrv3aDDwijeRm_o,Article link-click to view,,20,article,e91cee16-f445-497e-ba7a-cfbf8890da73
126,1,Curious Freaks Coding Sheet (50 Patterns DSA),curious-coding-sheet,8,Stack - Data structure,3,"Next smallest element(Once above pattern is covered, try to solve this on own)",2,Next smallest element on right,Coding Ninjas,Medium,https://www.codingninjas.com/studio/problems/next-smaller-element_1112581,https://youtu.be/_RtghJnM1Qo?si=4qrv3aDDwijeRm_o,Article link-click to view,,20,article,74300b87-4f90-4787-99b1-aa12a700efda
127,1,Curious Freaks Coding Sheet (50 Patterns DSA),curious-coding-sheet,8,Stack - Data structure,3,"Next smallest element(Once above pattern is covered, try to solve this on own)",3,Stock span problem,GeeksforGeeks,Medium,https://www.geeksforgeeks.org/problems/stock-span-problem-1587115621/1?page=1&category=Stack&sortBy=submissions,Best Tutorial link - click to view,Article link-click to view,,20,article,fc91ecf4-b34c-4aa7-9df0-547f57d967d5
128,1,Curious Freaks Coding Sheet (50 Patterns DSA),curious-coding-sheet,8,Stack - Data structure,3,"Next smallest element(Once above pattern is covered, try to solve this on own)",4,Trapping rainwater,GeeksforGeeks,Medium,https://www.geeksforgeeks.org/problems/trapping-rain-water-1587115621/1?itm_source=geeksforgeeks&itm_medium=Article&itm_campaign=bottom_sticky_on_Article,https://youtu.be/m18Hntz4go8?si=7qLelcwMU1zX_f8T,Article link-click to view,,20,article,a2009229-942d-4b05-8530-1a10f44855f4
129,1,Curious Freaks Coding Sheet (50 Patterns DSA),curious-coding-sheet,8,Stack - Data structure,3,"Next smallest element(Once above pattern is covered, try to solve this on own)",5,Maximum rectangular area on histogram,GeeksforGeeks,Medium,https://www.geeksforgeeks.org/problems/maximum-rectangular-area-in-a-histogram-1587115620/1?page=1&category=Stack&sortBy=submissions,Best Tutorial link - click to view,Article link-click to view,,25,article,ab3f857f-e831-49da-8c99-4533d97f69ef
130,1,Curious Freaks Coding Sheet (50 Patterns DSA),curious-coding-sheet,8,Stack - Data structure,3,"Next smallest element(Once above pattern is covered, try to solve this on own)",6,Max rectangle,GeeksforGeeks,Medium,https://www.geeksforgeeks.org/problems/max-rectangle/1?page=1&category=Stack&sortBy=submissions,Best Tutorial link - click to view,Article link-click to view,,25,article,933fa9a8-eaca-4c82-82a2-0de738e2c25a
131,1,Curious Freaks Coding Sheet (50 Patterns DSA),curious-coding-sheet,8,Stack - Data structure,4,Expressions,1,Infix to postfix,GeeksforGeeks,Medium,https://www.geeksforgeeks.org/problems/infix-to-postfix-1587115620/1?page=2&category=Stack&sortBy=submissions,https://youtu.be/PAceaOSnxQs?si=LFGbZRMkHTMthAqQ,Article link-click to view,,20,article,545b328a-75c6-4754-a5ae-a48d599085a2
132,1,Curious Freaks Coding Sheet (50 Patterns DSA),curious-coding-sheet,8,Stack - Data structure,4,Expressions,2,Evaluation of postfix expression,GeeksforGeeks,Medium,https://www.geeksforgeeks.org/problems/evaluation-of-postfix-expression1735/1?page=2&category=Stack&sortBy=submissions,https://youtu.be/u3paQa8KXu0?si=v-QZxZvRK7yRTdnm,Article link-click to view,,20,article,4b081d23-9266-4826-bc21-5e5847d3fc9a
133,1,Curious Freaks Coding Sheet (50 Patterns DSA),curious-coding-sheet,8,Stack - Data structure,4,Expressions,3,Prefix to postfix,GeeksforGeeks,Medium,https://practice.geeksforgeeks.org/problems/infix-to-postfix-1587115620/1,https://youtu.be/RY4GkLahbCI?si=PxZ0CNQSmPe5Iri2,Article link-click to view,,20,article,92e8f528-42d6-47b1-bd39-959d48c1065f
134,1,Curious Freaks Coding Sheet (50 Patterns DSA),curious-coding-sheet,8,Stack - Data structure,4,Expressions,4,Arithmetic expression evaluation,Coding Ninjas,Medium,https://www.codingninjas.com/studio/problems/arithmetic-expression-evaluation_1170517,Best Tutorial link - click to view,Article link-click to view,,20,article,bf83c669-444e-4d5f-9818-0400ffae2183
135,1,Curious Freaks Coding Sheet (50 Patterns DSA),curious-coding-sheet,8,Stack - Data structure,5,Reversing stack,1,Insert at bottom of stack,GeeksforGeeks,Medium,https://www.geeksforgeeks.org/problems/insert-an-element-at-the-bottom-of-a-stack/1?page=4&category=Stack&sortBy=submissions,https://youtu.be/BmZnJehDzyU?si=bZejmkHrQhG9nc-D,Article link-click to view,,20,article,c7d16ffb-ae08-4c24-9991-22c690ca02d7
136,1,Curious Freaks Coding Sheet (50 Patterns DSA),curious-coding-sheet,8,Stack - Data structure,5,Reversing stack,2,Reverse a stack,GeeksforGeeks,Medium,https://www.geeksforgeeks.org/problems/reverse-a-stack/1?page=2&category=Stack&sortBy=submissions,https://youtu.be/SW14tOda_kI?si=8j5-licSNQkxX7GW,Article link-click to view,,20,article,c15ef542-46de-4423-ae74-aa48fbeb23ff
137,1,Curious Freaks Coding Sheet (50 Patterns DSA),curious-coding-sheet,8,Stack - Data structure,5,Reversing stack,3,Sort stack,GeeksforGeeks,Medium,https://www.geeksforgeeks.org/problems/sort-a-stack/1?page=1&category=Stack&sortBy=submissions,Best Tutorial link - click to view,Article link-click to view,,20,article,6652a03c-90fd-464c-b708-2fcd8db5aa37
138,1,Curious Freaks Coding Sheet (50 Patterns DSA),curious-coding-sheet,8,Stack - Data structure,6,Implementation probs,1,Celebrity problem,GeeksforGeeks,Medium,https://www.geeksforgeeks.org/problems/the-celebrity-problem/1?page=1&category=Stack&sortBy=submissions,https://youtu.be/9u2BJfmWNEg?si=6KkJHm8rjX6xTOsm,Article link-click to view,,20,article,3bb49f83-9357-4dd6-943d-0c394b4a0a16
139,1,Curious Freaks Coding Sheet (50 Patterns DSA),curious-coding-sheet,8,Stack - Data structure,6,Implementation probs,2,Restrictive candy crush,GeeksforGeeks,Medium,https://www.geeksforgeeks.org/problems/restrictive-candy-crush--141631/1?page=2&category=Stack&sortBy=submissions,https://youtu.be/fIdNHd5nEqI?si=AX5qTxIvmvKKlyRf,Article link-click to view,,20,article,755dd401-01d4-4bd1-93d5-99f64056fcab
140,1,Curious Freaks Coding Sheet (50 Patterns DSA),curious-coding-sheet,8,Stack - Data structure,6,Implementation probs,3,Count the reversals,GeeksforGeeks,Medium,https://www.geeksforgeeks.org/problems/count-the-reversals0401/1?page=1&category=Queue&sortBy=submissions,https://www.youtube.com/live/Bg0Y9__J8UE?si=bR4Jmm1QtbwHocbQ,Article link-click to view,,20,article,df1c85d1-1937-4ae8-9936-dbc7f7fd092e
141,1,Curious Freaks Coding Sheet (50 Patterns DSA),curious-coding-sheet,9,Queue - Data structure,1,Basic pattern,1,What is queue? Learn the basic representation and how its implemented?,GeeksforGeeks,Medium,https://www.geeksforgeeks.org/problems/implement-queue-using-array/1?page=1&category=Queue&sortBy=submissions,https://youtu.be/M6GnoUDpqEE?si=_dqoKIYUU275Hcmv,Article link-click to view,,15,article,04b698c7-a504-4181-8487-b24c3014e668
142,1,Curious Freaks Coding Sheet (50 Patterns DSA),curious-coding-sheet,9,Queue - Data structure,1,Basic pattern,2,Implement queue using linkedlist,GeeksforGeeks,Medium,https://www.geeksforgeeks.org/problems/implement-queue-using-linked-list/1?page=1&category=Queue&sortBy=submissions,Best Tutorial link - click to view,Article link-click to view,,15,article,d1d0b7af-ef67-4f54-9bcb-cab8647d7161
143,1,Curious Freaks Coding Sheet (50 Patterns DSA),curious-coding-sheet,9,Queue - Data structure,1,Basic pattern,3,Implement queue using stack(super imp),GeeksforGeeks,Medium,https://www.geeksforgeeks.org/problems/queue-using-two-stacks/1?page=1&category=Queue&sortBy=submissions,https://youtu.be/3Et9MrMc02A?si=voYSp9_jK2S7pkFr,Article link-click to view,,20,article,ae6fa784-1d30-4b0a-a6c5-5495ab64977d
144,1,Curious Freaks Coding Sheet (50 Patterns DSA),curious-coding-sheet,9,Queue - Data structure,1,Basic pattern,4,Implement stack using queue(super imp),GeeksforGeeks,Medium,https://www.geeksforgeeks.org/problems/stack-using-two-queues/1?page=1&category=Queue&sortBy=submissions,https://youtu.be/jDZQKzEtbYQ?si=-3eKyh6SDVQXJPIv,Article link-click to view,,20,article,e0c41cf6-8203-443d-8711-fefcbba944d8
145,1,Curious Freaks Coding Sheet (50 Patterns DSA),curious-coding-sheet,9,Queue - Data structure,1,Basic pattern,5,Reverse a queue,GeeksforGeeks,Medium,https://www.geeksforgeeks.org/problems/queue-reversal/1?page=1&category=Queue&sortBy=submissions,Best Tutorial link - click to view,Article link-click to view,,15,article,1d977b77-f57b-454f-a922-79968c455ebd
146,1,Curious Freaks Coding Sheet (50 Patterns DSA),curious-coding-sheet,9,Queue - Data structure,2,Implementation probs,1,Circular tour,GeeksforGeeks,Medium,https://www.geeksforgeeks.org/problems/circular-tour-1587115620/1?page=1&category=Queue&sortBy=submissions,https://youtu.be/_gJ3to4RyeQ?si=qK6-vjLpG1O_jjW3,Article link-click to view,,20,article,febc5ea2-b8a9-4021-aa35-70fb9f667e02
147,1,Curious Freaks Coding Sheet (50 Patterns DSA),curious-coding-sheet,9,Queue - Data structure,2,Implementation probs,2,First non repeating char in stream,GeeksforGeeks,Medium,https://www.geeksforgeeks.org/problems/first-non-repeating-character-in-a-stream1216/1?page=1&category=Queue&sortBy=submissions,https://youtu.be/_gJ3to4RyeQ?si=qK6-vjLpG1O_jjW3,Article link-click to view,,20,article,0c7abe3e-c975-4a14-ad17-46581b4493d2
148,1,Curious Freaks Coding Sheet (50 Patterns DSA),curious-coding-sheet,9,Queue - Data structure,2,Implementation probs,3,Reverse first k elements in queue,GeeksforGeeks,Medium,https://www.geeksforgeeks.org/problems/reverse-first-k-elements-of-queue/1?page=1&category=Queue&sortBy=submissions,https://www.youtube.com/watch?v=_gJ3to4RyeQ&t=4244s,Article link-click to view,,20,article,d4dca23d-2d34-4bdd-b4c7-beae20045d85
149,1,Curious Freaks Coding Sheet (50 Patterns DSA),curious-coding-sheet,9,Queue - Data structure,2,Implementation probs,4,LRU Cache(super imp),GeeksforGeeks,Medium,https://www.geeksforgeeks.org/problems/lru-cache/1?page=1&category=Queue&sortBy=submissions,https://youtu.be/xDEuM5qa0zg?si=1I7GJk3ep77i7dN3,Article link-click to view,,25,article,35bf7a3c-f115-4660-bfb6-c5c581542442
150,1,Curious Freaks Coding Sheet (50 Patterns DSA),curious-coding-sheet,9,Queue - Data structure,2,Implementation probs,5,Minimum cost of ropes,GeeksforGeeks,Medium,https://www.geeksforgeeks.org/problems/minimum-cost-of-ropes-1587115620/1?page=1&category=Queue&sortBy=submissions,https://youtu.be/_k_c9nqzKN0?si=8aU6CU030tv-stpm,Article link-click to view,,20,article,e7ffd41d-009c-4558-a06e-4c4df68342d8
151,1,Curious Freaks Coding Sheet (50 Patterns DSA),curious-coding-sheet,9,Queue - Data structure,2,Implementation probs,6,Nearly sorted,GeeksforGeeks,Medium,https://www.geeksforgeeks.org/problems/nearly-sorted-1587115620/1?page=3&category=Arrays&difficulty=Medium,Best Tutorial link - click to view,Article link-click to view,,20,article,ab0b5b8d-7b7b-40ed-823f-75b4541a430e
152,1,Curious Freaks Coding Sheet (50 Patterns DSA),curious-coding-sheet,10,Tree - Data structure,1,Traversals,1,Understand the basic of how tree data structure is represented,YouTube,Medium,,https://youtu.be/_ANrF3FJm7I?si=U4__gOBVdaEBZwJ9,,,15,article,b105e3a2-fe66-454a-ad24-25d9dea53061
153,1,Curious Freaks Coding Sheet (50 Patterns DSA),curious-coding-sheet,10,Tree - Data structure,1,Traversals,2,PreOrder Traversal,GeeksforGeeks,Medium,https://www.geeksforgeeks.org/problems/preorder-traversal/1?page=1&category=Tree&sortBy=submissions,https://youtu.be/RlUu72JrOCQ?si=Vfh9JTBxwgVQGeIk,Article link-click to view,,15,article,49e196ed-3c1a-46f1-ac1e-51892badbf08
154,1,Curious Freaks Coding Sheet (50 Patterns DSA),curious-coding-sheet,10,Tree - Data structure,1,Traversals,3,InOrder Traversal,GeeksforGeeks,Medium,https://www.geeksforgeeks.org/problems/inorder-traversal/1?page=2&category=Tree&sortBy=submissions,https://youtu.be/Z_NEgBgbRVI?si=Ji2rLUtTb7-6OylN,Article link-click to view,,15,article,735588ac-131b-4c25-a4c8-9b3c6ef73d6c
155,1,Curious Freaks Coding Sheet (50 Patterns DSA),curious-coding-sheet,10,Tree - Data structure,1,Traversals,4,PostOrder Traversal,GeeksforGeeks,Medium,https://www.geeksforgeeks.org/problems/postorder-traversal/1?page=2&category=Tree&sortBy=submissions,https://youtu.be/COQOU6klsBg?si=0yuM-upS3qmX2kWF,Article link-click to view,,15,article,bc8e4799-895b-4a75-afd6-d5803de32f0c
156,1,Curious Freaks Coding Sheet (50 Patterns DSA),curious-coding-sheet,10,Tree - Data structure,1,Traversals,5,Level Order Traversal,GeeksforGeeks,Medium,https://www.geeksforgeeks.org/problems/level-order-traversal/1?page=1&category=Tree&sortBy=submissions,https://youtu.be/EoAsWbO7sqg?si=1NSXTiOBM6LObxiN,Article link-click to view,,15,article,02f8f514-67f0-4336-a7e1-4a6a3278db90
157,1,Curious Freaks Coding Sheet (50 Patterns DSA),curious-coding-sheet,10,Tree - Data structure,1,Traversals,6,Boundary Traversal,GeeksforGeeks,Medium,https://www.geeksforgeeks.org/problems/boundary-traversal-of-binary-tree/1?page=1&category=Tree&sortBy=submissions,Best Tutorial link - click to view,Article link-click to view,,20,article,3e10f829-8f18-4259-b362-2bf713158380
158,1,Curious Freaks Coding Sheet (50 Patterns DSA),curious-coding-sheet,10,Tree - Data structure,1,Traversals,7,Vertical Traversal,GeeksforGeeks,Medium,https://www.geeksforgeeks.org/problems/print-a-binary-tree-in-vertical-order/1?page=1&category=Tree&sortBy=submissions,Best Tutorial link - click to view,Article link-click to view,,20,article,15ad1a2e-ac29-4a6a-a608-78fc2a9f1c23
159,1,Curious Freaks Coding Sheet (50 Patterns DSA),curious-coding-sheet,10,Tree - Data structure,1,Traversals,8,Top View of BT,GeeksforGeeks,Medium,https://www.geeksforgeeks.org/problems/top-view-of-binary-tree/1?page=1&category=Tree&sortBy=submissions,Best Tutorial link - click to view,Article link-click to view,,20,article,076ffaa1-0541-44d1-96fc-54f8e2c5db1b
160,1,Curious Freaks Coding Sheet (50 Patterns DSA),curious-coding-sheet,10,Tree - Data structure,1,Traversals,9,Bottom View of BT,GeeksforGeeks,Medium,https://www.geeksforgeeks.org/problems/bottom-view-of-binary-tree/1?page=1&category=Tree&sortBy=submissions,Best Tutorial link - click to view,Article link-click to view,,20,article,705b9e00-79a1-4521-8ce8-b75422ff1958
161,1,Curious Freaks Coding Sheet (50 Patterns DSA),curious-coding-sheet,10,Tree - Data structure,1,Traversals,10,Left View of BT,GeeksforGeeks,Medium,https://www.geeksforgeeks.org/problems/left-view-of-binary-tree/1?page=1&category=Tree&sortBy=submissions,Best Tutorial link - click to view,Article link-click to view,,20,article,fed32095-9515-4711-987c-35eb587d0e6f
162,1,Curious Freaks Coding Sheet (50 Patterns DSA),curious-coding-sheet,10,Tree - Data structure,1,Traversals,11,Right View of BT,GeeksforGeeks,Medium,https://www.geeksforgeeks.org/problems/right-view-of-binary-tree/1?page=1&category=Tree&sortBy=submissions,Best Tutorial link - click to view,Article link-click to view,,20,article,24f4ea63-f863-4b90-82e6-eab72a3d64aa
163,1,Curious Freaks Coding Sheet (50 Patterns DSA),curious-coding-sheet,10,Tree - Data structure,1,Traversals,12,Diagonal Traversal,GeeksforGeeks,Medium,https://www.geeksforgeeks.org/problems/diagonal-traversal-of-binary-tree/1?page=3&category=Tree&sortBy=submissions,Best Tutorial link - click to view,Article link-click to view,,20,article,50ae41bc-de8c-4f1e-9342-16b9e3df78c7
164,1,Curious Freaks Coding Sheet (50 Patterns DSA),curious-coding-sheet,10,Tree - Data structure,2,Basic and Easy patterns(Try to solve these once you learnt traversals),1,Insert node in a tree,External Web Resource,Medium,,Best Tutorial link - click to view,Article link-click to view,,15,article,573cd80b-b3fc-44a9-bb2d-c96a730469d4
165,1,Curious Freaks Coding Sheet (50 Patterns DSA),curious-coding-sheet,10,Tree - Data structure,2,Basic and Easy patterns(Try to solve these once you learnt traversals),2,Height of the tree,GeeksforGeeks,Medium,https://www.geeksforgeeks.org/problems/height-of-binary-tree/1?page=1&category=Tree&sortBy=submissions,https://youtu.be/eD3tmO66aBA?si=USzVxf8j_Bh8cF9s,Article link-click to view,,15,article,9131f1c5-66e1-4b56-a602-7c967c5c1983
166,1,Curious Freaks Coding Sheet (50 Patterns DSA),curious-coding-sheet,10,Tree - Data structure,2,Basic and Easy patterns(Try to solve these once you learnt traversals),3,Diameter of the tree,GeeksforGeeks,Medium,https://www.geeksforgeeks.org/problems/diameter-of-binary-tree/1?page=1&category=Tree&sortBy=submissions,https://youtu.be/Rezetez59Nk?si=1PPe8FweQ_aY4r5R,Article link-click to view,,15,article,12520784-d0e2-422e-bdfd-6f1f41398324
167,1,Curious Freaks Coding Sheet (50 Patterns DSA),curious-coding-sheet,10,Tree - Data structure,2,Basic and Easy patterns(Try to solve these once you learnt traversals),4,Check if 2 trees are identical,GeeksforGeeks,Medium,https://www.geeksforgeeks.org/problems/determine-if-two-trees-are-identical/1?page=1&category=Tree&sortBy=submissions,https://youtu.be/BhuvF_-PWS0?si=jkA1zhLsZjSM3As8,Article link-click to view,,15,article,9a159528-8ca7-4720-8c80-308e8f1ce7f3
168,1,Curious Freaks Coding Sheet (50 Patterns DSA),curious-coding-sheet,10,Tree - Data structure,2,Basic and Easy patterns(Try to solve these once you learnt traversals),5,Check if subtree,GeeksforGeeks,Medium,https://www.geeksforgeeks.org/problems/check-if-subtree/1?page=2&category=Tree&sortBy=submissions,https://youtu.be/E36O5SWp-LE?si=cIhKUJ-T11II1wJx,Article link-click to view,,15,article,c9c4e4ac-8996-4c45-8ea2-c0f4aa38d716
169,1,Curious Freaks Coding Sheet (50 Patterns DSA),curious-coding-sheet,10,Tree - Data structure,2,Basic and Easy patterns(Try to solve these once you learnt traversals),6,Check for balanced tree,GeeksforGeeks,Medium,https://www.geeksforgeeks.org/problems/check-for-balanced-tree/1?page=1&category=Tree&sortBy=submissions,https://youtu.be/Yt50Jfbd8Po?si=W4TpdW3XaW-S4cFc,Article link-click to view,,15,article,bb8b1d31-97fa-4a9b-8311-784634a3c494
170,1,Curious Freaks Coding Sheet (50 Patterns DSA),curious-coding-sheet,10,Tree - Data structure,2,Basic and Easy patterns(Try to solve these once you learnt traversals),7,Lowest common Ancestor in BT,GeeksforGeeks,Medium,https://www.geeksforgeeks.org/problems/lowest-common-ancestor-in-a-binary-tree/1?page=1&category=Tree&sortBy=submissions,https://youtu.be/_-QHfMDde90?si=HJ5h-9Tm18BT0ezj,Article link-click to view,,15,article,4f7ff16e-09b5-47e5-a1f8-5d160eb5aaa6
171,1,Curious Freaks Coding Sheet (50 Patterns DSA),curious-coding-sheet,10,Tree - Data structure,2,Basic and Easy patterns(Try to solve these once you learnt traversals),8,Sum tree,GeeksforGeeks,Medium,https://www.geeksforgeeks.org/problems/sum-tree/1?page=1&category=Tree&sortBy=submissions,Best Tutorial link - click to view,Article link-click to view,,15,article,23a48b0f-9cca-4968-9749-d00ab30fa703
172,1,Curious Freaks Coding Sheet (50 Patterns DSA),curious-coding-sheet,10,Tree - Data structure,2,Basic and Easy patterns(Try to solve these once you learnt traversals),9,Symmetric tree,GeeksforGeeks,Medium,https://www.geeksforgeeks.org/problems/symmetric-tree/1?page=2&category=Tree&sortBy=submissions,https://youtu.be/nKggNAiEpBE?si=dUY7QGWwUBs3XxYs,Article link-click to view,,15,article,e31ea4a0-99ba-4bcb-b08f-354d5b964682
173,1,Curious Freaks Coding Sheet (50 Patterns DSA),curious-coding-sheet,10,Tree - Data structure,2,Basic and Easy patterns(Try to solve these once you learnt traversals),10,Mirror of a tree,GeeksforGeeks,Medium,https://www.geeksforgeeks.org/problems/mirror-tree/1?page=1&category=Tree&sortBy=submissions,https://youtu.be/FtdyIHBaKjc?si=pf4peCzMbF56N5UF,Article link-click to view,,15,article,1ecd03a3-a9c7-46c1-acc2-6cea5f9eb154
174,1,Curious Freaks Coding Sheet (50 Patterns DSA),curious-coding-sheet,10,Tree - Data structure,2,Basic and Easy patterns(Try to solve these once you learnt traversals),11,Check if isomorphic,GeeksforGeeks,Medium,https://www.geeksforgeeks.org/problems/check-if-tree-is-isomorphic/1?page=2&category=Tree&sortBy=submissions,https://youtu.be/Q9Np3-FX91U?si=ioypQwgjldt1tCGQ,Article link-click to view,,15,article,2a30853b-54d0-4f08-a94b-1ba82abb2568
175,1,Curious Freaks Coding Sheet (50 Patterns DSA),curious-coding-sheet,10,Tree - Data structure,3,Path and Distance,1,Root to leaf paths,GeeksforGeeks,Medium,https://www.geeksforgeeks.org/problems/root-to-leaf-paths/1?page=4&category=Tree&sortBy=submissions,https://youtu.be/fmflMqVOC7k?si=iSdK8HdoNEeKJARf,Article link-click to view,,20,article,92524ed8-23d7-4dda-9145-6ae5e3a5ca62
176,1,Curious Freaks Coding Sheet (50 Patterns DSA),curious-coding-sheet,10,Tree - Data structure,3,Path and Distance,2,Root to leaf path sum,GeeksforGeeks,Medium,https://www.geeksforgeeks.org/problems/root-to-leaf-paths/1?page=4&category=Tree&sortBy=submissions,Best Tutorial link - click to view,Article link-click to view,,20,article,457b56c9-20ed-465d-a7b2-a77fc9fedeb2
177,1,Curious Freaks Coding Sheet (50 Patterns DSA),curious-coding-sheet,10,Tree - Data structure,3,Path and Distance,3,Maximum path sum from any node,GeeksforGeeks,Medium,https://www.geeksforgeeks.org/problems/maximum-path-sum-from-any-node/1?page=3&category=Tree&sortBy=submissions,Best Tutorial link - click to view,Article link-click to view,,25,article,38da2e34-8216-4104-a520-dd5b76b5f2ac
178,1,Curious Freaks Coding Sheet (50 Patterns DSA),curious-coding-sheet,10,Tree - Data structure,3,Path and Distance,4,K Sum Paths,GeeksforGeeks,Medium,https://www.geeksforgeeks.org/problems/k-sum-paths/1?page=3&category=Tree&sortBy=submissions,Best Tutorial link - click to view,Article link-click to view,,25,article,1ceec6aa-b8b5-421d-9278-1ec02f2a70e1
179,1,Curious Freaks Coding Sheet (50 Patterns DSA),curious-coding-sheet,10,Tree - Data structure,3,Path and Distance,5,Nodes at given distance,GeeksforGeeks,Medium,https://www.geeksforgeeks.org/problems/nodes-at-given-distance-in-binary-tree/1?page=3&category=Tree&sortBy=submissions,https://youtu.be/i9ORlEy6EsI?si=Z4dWg3diarKcc3jR,Article link-click to view,,25,article,a24725cb-20bf-471f-81fe-4461a43c5c84
180,1,Curious Freaks Coding Sheet (50 Patterns DSA),curious-coding-sheet,10,Tree - Data structure,3,Path and Distance,6,Range sum of BST,External Web Resource,Medium,,Best Tutorial link - click to view,Article link-click to view,,20,article,8fd0f7bc-e92b-4031-9182-bc988b59167e
181,1,Curious Freaks Coding Sheet (50 Patterns DSA),curious-coding-sheet,10,Tree - Data structure,3,Path and Distance,7,Minimum distance between 2 nodes,GeeksforGeeks,Medium,https://www.geeksforgeeks.org/problems/min-distance-between-two-given-nodes-of-a-binary-tree/1?page=2&category=Tree&sortBy=submissions,Best Tutorial link - click to view,Article link-click to view,,25,article,3a63229d-aad2-42f7-bc0d-005ff473c579
182,1,Curious Freaks Coding Sheet (50 Patterns DSA),curious-coding-sheet,10,Tree - Data structure,3,Path and Distance,8,Maximum distance between node and ancestor,GeeksforGeeks,Medium,https://www.geeksforgeeks.org/problems/maximum-difference-between-node-and-its-ancestor/1?page=3&category=Tree&sortBy=submissions,Best Tutorial link - click to view,Article link-click to view,,25,article,cb9410b7-5b1f-4953-a46e-582819fbfd7e
183,1,Curious Freaks Coding Sheet (50 Patterns DSA),curious-coding-sheet,10,Tree - Data structure,3,Path and Distance,9,Min time to burn a tree,GeeksforGeeks,Medium,https://www.geeksforgeeks.org/problems/burning-tree/1?page=4&category=Tree&sortBy=submissions,Best Tutorial link - click to view,Article link-click to view,,30,article,98f17cc3-fab5-47b6-991b-423cac4222c6
184,1,Curious Freaks Coding Sheet (50 Patterns DSA),curious-coding-sheet,10,Tree - Data structure,4,Binary Search Tree,1,Understand what BST is?,YouTube,Medium,,https://youtu.be/p7-9UvDQZ3w?si=iz_Zheaz1rsdY4bv,,,15,article,4bf01bcd-e290-47bf-b479-6066c92fa5fb
185,1,Curious Freaks Coding Sheet (50 Patterns DSA),curious-coding-sheet,10,Tree - Data structure,4,Binary Search Tree,2,Insert a node in BST,LeetCode,Medium,https://leetcode.com/problems/insert-into-a-binary-search-tree/,https://youtu.be/FiFiNvM29ps?si=7o-MgkkpMI1Aaa5W,Article link-click to view,,20,article,1f57f945-7119-4e3d-a580-105159576cbc
186,1,Curious Freaks Coding Sheet (50 Patterns DSA),curious-coding-sheet,10,Tree - Data structure,4,Binary Search Tree,3,Search a value in BST,GeeksforGeeks,Medium,https://practice.geeksforgeeks.org/problems/search-a-node-in-bst/1,Best Tutorial link - click to view,Article link-click to view,,20,article,6af47cd9-85d6-4637-a612-f0e44788b9d8
187,1,Curious Freaks Coding Sheet (50 Patterns DSA),curious-coding-sheet,10,Tree - Data structure,4,Binary Search Tree,4,Find minimum and maximum in BST,GeeksforGeeks,Medium,https://www.geeksforgeeks.org/problems/max-and-min-element-in-binary-tree/1?page=5&category=Tree&sortBy=submissions,Best Tutorial link - click to view,Article link-click to view,,20,article,aee01303-0374-42dc-8bf1-47f16ddcde33
188,1,Curious Freaks Coding Sheet (50 Patterns DSA),curious-coding-sheet,10,Tree - Data structure,4,Binary Search Tree,5,Find the Kth largest element/kth Smallest in BST,GeeksforGeeks,Medium,https://www.geeksforgeeks.org/problems/kth-largest-element-in-bst/1?page=2&category=Tree&sortBy=submissions,Best Tutorial link - click to view,Article link-click to view,,25,article,47c39f8f-a036-4ec3-b936-b255766c24fa
189,1,Curious Freaks Coding Sheet (50 Patterns DSA),curious-coding-sheet,10,Tree - Data structure,4,Binary Search Tree,6,Check for BST,GeeksforGeeks,Medium,https://www.geeksforgeeks.org/problems/check-for-bst/1?page=1&category=Tree&sortBy=submissions,Best Tutorial link - click to view,Article link-click to view,,20,article,50aaabe3-5778-48a2-8cb6-cdd4e4b38b85
190,1,Curious Freaks Coding Sheet (50 Patterns DSA),curious-coding-sheet,10,Tree - Data structure,4,Binary Search Tree,7,Find the closest element in BST,GeeksforGeeks,Medium,https://www.geeksforgeeks.org/problems/find-the-closest-element-in-bst/1?page=3&category=Tree&sortBy=submissions,Best Tutorial link - click to view,Article link-click to view,,20,article,32f5b26e-2fd5-4474-83b2-3ebaf3fe9c69
191,1,Curious Freaks Coding Sheet (50 Patterns DSA),curious-coding-sheet,10,Tree - Data structure,4,Binary Search Tree,8,Count BST nodes in the given range,GeeksforGeeks,Medium,https://www.geeksforgeeks.org/problems/count-bst-nodes-that-lie-in-a-given-range/1?page=3&category=Tree&sortBy=submissions,https://youtu.be/jfk-uX_xKK4?si=2KQlXW2aA51Tz6q5,Article link-click to view,,20,article,60aa47d8-7112-40f0-b9c1-2259c1d1fcc7
192,1,Curious Freaks Coding Sheet (50 Patterns DSA),curious-coding-sheet,10,Tree - Data structure,4,Binary Search Tree,9,Largest BST in BT,GeeksforGeeks,Medium,https://www.geeksforgeeks.org/problems/largest-bst/1?page=2&category=Tree&sortBy=submissions,Best Tutorial link - click to view,Article link-click to view,,30,article,ddae6cb8-4522-4f44-a59b-7ca35e7e7034
193,1,Curious Freaks Coding Sheet (50 Patterns DSA),curious-coding-sheet,10,Tree - Data structure,4,Binary Search Tree,10,Lowest Common Ancestor in BST,GeeksforGeeks,Medium,https://www.geeksforgeeks.org/problems/lowest-common-ancestor-in-a-bst/1?page=1&category=Tree&sortBy=submissions,https://youtu.be/cX_kPV_foZc?si=vm8U3w99lvp7UPpc,Article link-click to view,,25,article,a4a7956f-d117-4f0e-b62c-fab1547fbbf3
194,1,Curious Freaks Coding Sheet (50 Patterns DSA),curious-coding-sheet,10,Tree - Data structure,4,Binary Search Tree,11,Merge two BST,GeeksforGeeks,Medium,https://www.geeksforgeeks.org/problems/merge-two-bst-s/1?page=4&category=Tree&sortBy=submissions,Best Tutorial link - click to view,Article link-click to view,,30,article,8e468b84-4dba-4dca-bf41-3cddae0f5684
195,1,Curious Freaks Coding Sheet (50 Patterns DSA),curious-coding-sheet,10,Tree - Data structure,4,Binary Search Tree,12,Inorder successor and predecessor,GeeksforGeeks,Medium,https://www.geeksforgeeks.org/problems/predecessor-and-successor/1?page=2&category=Tree&sortBy=submissions,https://youtu.be/SXKAD2svfmI?si=802ib5wC0gtY44eH,Article link-click to view,,25,article,c091f927-eb74-47f0-badd-565c8a65be70
196,1,Curious Freaks Coding Sheet (50 Patterns DSA),curious-coding-sheet,10,Tree - Data structure,4,Binary Search Tree,13,Populate inorder successor for all nodes,GeeksforGeeks,Medium,https://www.geeksforgeeks.org/problems/populate-inorder-successor-for-all-nodes/1?page=5&category=Tree&sortBy=submissions,Best Tutorial link - click to view,Article link-click to view,,25,article,177e1843-75bd-4879-935c-4f8095fc7e41
197,1,Curious Freaks Coding Sheet (50 Patterns DSA),curious-coding-sheet,10,Tree - Data structure,4,Binary Search Tree,14,BST to greater sum tree,GeeksforGeeks,Medium,https://www.geeksforgeeks.org/problems/bst-to-greater-sum-tree/1?page=8&category=Tree&sortBy=submissions,https://youtu.be/7vVEJwVvAlI?si=Uwd3HoE8H_BhHFb0,Article link-click to view,,25,article,3c4944ff-53ef-42b0-933a-5b1067ed5c77
198,1,Curious Freaks Coding Sheet (50 Patterns DSA),curious-coding-sheet,10,Tree - Data structure,4,Binary Search Tree,15,Delete given node from BST,LeetCode,Medium,https://leetcode.com/problems/delete-node-in-a-bst/,https://youtu.be/kouxiP_H5WE?si=wjgRijNs4nuSCHXn,Article link-click to view,,25,article,d762f778-dca3-4de3-a325-355a544cdb57
199,1,Curious Freaks Coding Sheet (50 Patterns DSA),curious-coding-sheet,10,Tree - Data structure,5,Construct from given,1,Construct Binary Tree from Preorder and Inorder Traversal,GeeksforGeeks,Medium,https://www.geeksforgeeks.org/problems/construct-tree-1/1?page=1&category=Tree&sortBy=submissions,Best Tutorial link - click to view,Article link-click to view,,30,article,3beab028-f58b-4edb-a3c5-c21ba7a3ef1b
200,1,Curious Freaks Coding Sheet (50 Patterns DSA),curious-coding-sheet,10,Tree - Data structure,5,Construct from given,2,Construct Binary Tree from Inorder and Postorder Traversal,LeetCode,Medium,https://leetcode.com/problems/construct-binary-tree-from-inorder-and-postorder-traversal/,https://youtu.be/LgLRTaEMRVc?si=-Lc1FKuOxYBj4n6u,Article link-click to view,,30,article,f9a98683-3281-4ff2-a7b8-ba09f6783218
201,1,Curious Freaks Coding Sheet (50 Patterns DSA),curious-coding-sheet,10,Tree - Data structure,5,Construct from given,3,Construct BST from given preorder traversal,GeeksforGeeks,Medium,https://www.geeksforgeeks.org/problems/construct-tree-from-preorder-traversal/1?page=7&category=Tree&sortBy=submissions,https://youtu.be/UmJT3j26t1I?si=tvJcbXtbATGbAUYG,Article link-click to view,,30,article,bfbe94e6-be02-4707-9b76-74e5ff8a92af
202,1,Curious Freaks Coding Sheet (50 Patterns DSA),curious-coding-sheet,10,Tree - Data structure,5,Construct from given,4,Construct BT from parent array,GeeksforGeeks,Medium,https://www.geeksforgeeks.org/problems/construct-binary-tree-from-parent-array/1?page=5&category=Tree&sortBy=submissions,Best Tutorial link - click to view,Article link-click to view,,30,article,d3b9eded-a888-4aa0-8db3-25d771795f87
203,1,Curious Freaks Coding Sheet (50 Patterns DSA),curious-coding-sheet,10,Tree - Data structure,6,Subtree & Other must do tree probs,1,Serialize and deserialize BT,GeeksforGeeks,Medium,https://www.geeksforgeeks.org/problems/serialize-and-deserialize-a-binary-tree/1?page=4&category=Tree&sortBy=submissions,https://youtu.be/-YbXySKJsX8?si=7GAc6pJLr12-MB1Y,Article link-click to view,,30,article,0252c350-fc6b-4d56-b2e3-7f4a9ca32475
204,1,Curious Freaks Coding Sheet (50 Patterns DSA),curious-coding-sheet,10,Tree - Data structure,6,Subtree & Other must do tree probs,2,Largest subtree sum in a tree,GeeksforGeeks,Medium,https://www.geeksforgeeks.org/problems/largest-subtree-sum-in-a-tree/1?page=6&category=Tree&sortBy=submissions,Best Tutorial link - click to view,Article link-click to view,,30,article,4d7e1270-fee8-4c3f-8ba8-1c3445708594
205,1,Curious Freaks Coding Sheet (50 Patterns DSA),curious-coding-sheet,10,Tree - Data structure,6,Subtree & Other must do tree probs,3,Maximum sum of non adjacent nodes,GeeksforGeeks,Medium,https://www.geeksforgeeks.org/problems/maximum-sum-of-non-adjacent-nodes/1?page=3&category=Tree&sortBy=submissions,https://youtu.be/DBxCv9NpPYM?si=jX3oFEBSEGDVyDQF,Article link-click to view,,30,article,b7bf69f8-4f13-4114-9ec7-018a3676fe34
206,1,Curious Freaks Coding Sheet (50 Patterns DSA),curious-coding-sheet,10,Tree - Data structure,6,Subtree & Other must do tree probs,4,Duplicate subtree,GeeksforGeeks,Medium,https://www.geeksforgeeks.org/problems/duplicate-subtrees/1?page=4&category=Tree&sortBy=submissions,https://youtu.be/kn0Z5_qPPzY?si=5hSUj98E7uOL1JXP,Article link-click to view,,30,article,2576022e-0659-43b3-93eb-69a9fcf1e020
207,1,Curious Freaks Coding Sheet (50 Patterns DSA),curious-coding-sheet,10,Tree - Data structure,6,Subtree & Other must do tree probs,5,Flatten BT to linked list,GeeksforGeeks,Medium,https://www.geeksforgeeks.org/problems/flatten-binary-tree-to-linked-list/1?page=5&category=Tree&sortBy=submissions,https://youtu.be/sWf7k1x9XR4?si=fuqHbNz-Kw01_dI1,Article link-click to view,,30,article,1d607f5a-9a4d-4316-99d9-5b5b018bbfe2
208,1,Curious Freaks Coding Sheet (50 Patterns DSA),curious-coding-sheet,11,Sliding Window - Technique,1,Fixed Sliding Window,1,Maximum sum subarray of size k,GeeksforGeeks,Medium,https://www.geeksforgeeks.org/problems/max-sum-subarray-of-size-k5313/1?itm_source=geeksforgeeks&itm_medium=Article&itm_campaign=bottom_sticky_on_Article,https://youtu.be/TCHSXAu5pls?si=ZP_jrOEraTJAophE,Article link-click to view,,20,article,d3c69e43-3a9e-4dcd-bf87-7bb23829d081
209,1,Curious Freaks Coding Sheet (50 Patterns DSA),curious-coding-sheet,11,Sliding Window - Technique,1,Fixed Sliding Window,2,Count distinct element in every window,GeeksforGeeks,Medium,https://www.geeksforgeeks.org/problems/count-distinct-elements-in-every-window/1?page=1&category=sliding-window&sortBy=submissions,Best Tutorial link - click to view,Article link-click to view,,20,article,a24e3f73-c606-4829-b5d2-1cd3dc7959e5
210,1,Curious Freaks Coding Sheet (50 Patterns DSA),curious-coding-sheet,11,Sliding Window - Technique,1,Fixed Sliding Window,3,First negative integer in every window of size k,GeeksforGeeks,Medium,https://www.geeksforgeeks.org/problems/first-negative-integer-in-every-window-of-size-k3345/1?page=1&category=sliding-window&sortBy=submissions,Best Tutorial link - click to view,Article link-click to view,,20,article,c88e7a54-54ce-4166-9374-e0d4185fa749
211,1,Curious Freaks Coding Sheet (50 Patterns DSA),curious-coding-sheet,11,Sliding Window - Technique,1,Fixed Sliding Window,4,Maximum of all subarray of size k,GeeksforGeeks,Medium,https://www.geeksforgeeks.org/problems/maximum-of-all-subarrays-of-size-k3101/1?page=1&category=sliding-window&sortBy=submissions,https://youtu.be/CZQGRp93K4k?si=7zprdiDcdlnC9vmM,Article link-click to view,,20,article,5055d285-b899-499b-aee9-394eeb2b2ed9
212,1,Curious Freaks Coding Sheet (50 Patterns DSA),curious-coding-sheet,11,Sliding Window - Technique,1,Fixed Sliding Window,5,Count substring of length k with k-1 distinct elements,GeeksforGeeks,Medium,https://www.geeksforgeeks.org/problems/substrings-of-length-k-with-k-1-distinct-elements/1?page=1&category=sliding-window&sortBy=submissions,https://youtu.be/WIkO_t1Kam8?si=u2P3Mo1qvBqxwfRv,Article link-click to view,,20,article,e05ff6a0-2405-4fd9-8be8-737293e15428
213,1,Curious Freaks Coding Sheet (50 Patterns DSA),curious-coding-sheet,11,Sliding Window - Technique,1,Fixed Sliding Window,6,Maximum of minimum for every window,GeeksforGeeks,Medium,https://www.geeksforgeeks.org/problems/maximum-of-minimum-for-every-window-size3453/1?page=1&category=sliding-window&sortBy=submissions,https://www.youtube.com/live/CK8PIAF-m2E?si=t61U2qRD6k7jeFwn,Article link-click to view,,25,article,99d9cfe8-9f4d-4f87-9952-8c853549d63a
214,1,Curious Freaks Coding Sheet (50 Patterns DSA),curious-coding-sheet,11,Sliding Window - Technique,2,Variable Sliding Window,1,Subarray with given sum,GeeksforGeeks,Medium,https://www.geeksforgeeks.org/problems/subarray-with-given-sum-1587115621/1?page=1&category=sliding-window&sortBy=submissions,https://youtu.be/Ofl4KgFhLsM?si=68FBAztFdbHbV_CF,Article link-click to view,,20,article,230db427-a2c1-484b-aa98-7129937b3355
215,1,Curious Freaks Coding Sheet (50 Patterns DSA),curious-coding-sheet,11,Sliding Window - Technique,2,Variable Sliding Window,2,Longest subarray with given sum k,GeeksforGeeks,Medium,https://www.geeksforgeeks.org/problems/longest-sub-array-with-sum-k0809/1?page=1&category=sliding-window&sortBy=submissions,Best Tutorial link - click to view,Article link-click to view,,20,article,77a7f1ae-6506-4146-915e-d8954642389c
216,1,Curious Freaks Coding Sheet (50 Patterns DSA),curious-coding-sheet,11,Sliding Window - Technique,2,Variable Sliding Window,3,Subarray with 0 sum,GeeksforGeeks,Medium,https://www.geeksforgeeks.org/problems/subarray-with-0-sum-1587115621/1?page=1&category=sliding-window&sortBy=submissions,https://youtu.be/xmguZ6GbatA?si=Zxs8fEIzorVIa5_X,Article link-click to view,,20,article,c17dafd8-8270-44de-9938-720f26744e29
217,1,Curious Freaks Coding Sheet (50 Patterns DSA),curious-coding-sheet,11,Sliding Window - Technique,2,Variable Sliding Window,4,Smallest window of distinct elements,GeeksforGeeks,Medium,https://www.geeksforgeeks.org/problems/smallest-distant-window3132/1?page=1&category=sliding-window&sortBy=submissions,https://youtu.be/zm50uGBsSz4?si=hGS8FZK2mWMPg-vX,Article link-click to view,,20,article,3199740a-0467-4dbf-a539-562648cfd87f
218,1,Curious Freaks Coding Sheet (50 Patterns DSA),curious-coding-sheet,11,Sliding Window - Technique,2,Variable Sliding Window,5,"Smallest window containing 0,1,2",GeeksforGeeks,Medium,https://www.geeksforgeeks.org/problems/smallest-window-containing-0-1-and-2--170637/1?page=2&category=sliding-window&sortBy=submissions,https://www.youtube.com/live/FMxJQqWaD28?si=py1VR3QKmYSdtQWy,Article link-click to view,,20,article,bee60071-a6c6-433d-b769-ef3a6e8402f4
219,1,Curious Freaks Coding Sheet (50 Patterns DSA),curious-coding-sheet,11,Sliding Window - Technique,2,Variable Sliding Window,6,Smallest window in string containing all chars of another string,GeeksforGeeks,Medium,https://www.geeksforgeeks.org/problems/smallest-window-in-a-string-containing-all-the-characters-of-another-string-1587115621/1?page=1&category=sliding-window&sortBy=submissions,https://youtu.be/jSto0O4AJbM?si=y-lWXYWB4yZZ9cVQ,Article link-click to view,,20,article,3f81f704-04e5-4fe8-9657-4ecd54212c21
220,1,Curious Freaks Coding Sheet (50 Patterns DSA),curious-coding-sheet,11,Sliding Window - Technique,2,Variable Sliding Window,7,Length of longest substring,GeeksforGeeks,Medium,https://www.geeksforgeeks.org/problems/length-of-the-longest-substring3036/1?page=1&category=sliding-window&sortBy=submissions,https://youtu.be/qtVh-XEpsJo?si=DdoYedxtXw0DDrNf,Article link-click to view,,20,article,04e52c9d-b7cb-4c6b-804a-1df6f22c2394
221,1,Curious Freaks Coding Sheet (50 Patterns DSA),curious-coding-sheet,11,Sliding Window - Technique,2,Variable Sliding Window,8,Largest subarray of 0s and 1s,GeeksforGeeks,Medium,https://www.geeksforgeeks.org/problems/largest-subarray-of-0s-and-1s/1?page=1&category=sliding-window&sortBy=submissions,https://youtu.be/xmguZ6GbatA?si=x29mj29byvR_FBBd,Article link-click to view,,20,article,42b7dd3d-b9da-40cf-9988-4cbfd8d4f808
222,1,Curious Freaks Coding Sheet (50 Patterns DSA),curious-coding-sheet,11,Sliding Window - Technique,2,Variable Sliding Window,9,Count of anagram occurrence,GeeksforGeeks,Medium,https://www.geeksforgeeks.org/problems/count-occurences-of-anagrams5839/1?page=1&category=sliding-window&sortBy=submissions,https://youtu.be/fYgU6Bi2fRg?si=q45yqwde54whHlR2,Article link-click to view,,25,article,bc0a47c4-04ed-4832-8068-0eb12144da1b
223,1,Curious Freaks Coding Sheet (50 Patterns DSA),curious-coding-sheet,11,Sliding Window - Technique,2,Variable Sliding Window,10,Max consecutive ones III,LeetCode,Medium,https://leetcode.com/problems/max-consecutive-ones-iii/,https://youtu.be/Mo33MjjMlyA?si=01XiyS0oBtaaFenb,Article link-click to view,,20,article,2ed2e6e0-361c-4635-96bd-b3ffa1b049ed
224,1,Curious Freaks Coding Sheet (50 Patterns DSA),curious-coding-sheet,11,Sliding Window - Technique,2,Variable Sliding Window,11,Fruit into basket,LeetCode,Medium,https://leetcode.com/problems/fruit-into-baskets,Best Tutorial link - click to view,Article link-click to view,,20,article,98f90256-6522-41d6-ad0e-39b5f57e7f34
225,1,Curious Freaks Coding Sheet (50 Patterns DSA),curious-coding-sheet,11,Sliding Window - Technique,2,Variable Sliding Window,12,Count number of nice subarrays,LeetCode,Medium,https://leetcode.com/problems/count-number-of-nice-subarrays/,https://youtu.be/gqXU1UyA8pk?si=ytPr4mkVqLJfD7v4,Article link-click to view,,20,article,7808f70b-73ce-43ac-b82b-04b55c312a20
226,1,Curious Freaks Coding Sheet (50 Patterns DSA),curious-coding-sheet,11,Sliding Window - Technique,2,Variable Sliding Window,13,Longest repeating char replacement,LeetCode,Medium,https://leetcode.com/problems/longest-repeating-character-replacement,https://youtu.be/gqXU1UyA8pk?si=rMwzYE99DsiO2Gj-,Article link-click to view,,20,article,3cd761a2-9a87-4f30-b1dd-1ab16efce1b2
227,1,Curious Freaks Coding Sheet (50 Patterns DSA),curious-coding-sheet,11,Sliding Window - Technique,2,Variable Sliding Window,14,Minimum window substring,LeetCode,Medium,https://leetcode.com/problems/minimum-window-substring/description/,https://youtu.be/jSto0O4AJbM?si=-ls0q5Dhw9uqf-cF,Article link-click to view,,25,article,ce8f678b-f158-4659-bf0c-22b3ee895e4d
228,1,Curious Freaks Coding Sheet (50 Patterns DSA),curious-coding-sheet,11,Sliding Window - Technique,2,Variable Sliding Window,15,Minimum window subsequence,LeetCode,Medium,https://leetcode.com/problems/minimum-window-subsequence/,Best Tutorial link - click to view,Article link-click to view,,25,article,3949f2f5-0d4b-4f61-b911-02521bf21212
229,1,Curious Freaks Coding Sheet (50 Patterns DSA),curious-coding-sheet,11,Sliding Window - Technique,2,Variable Sliding Window,16,Subarray with k diff integers,LeetCode,Medium,https://leetcode.com/problems/subarrays-with-k-different-integers/,https://youtu.be/akwRFY2eyXs?si=AKnbBikPvDJtF2lA,Article link-click to view,,20,article,e5702c13-640d-4299-b9a1-d6dda0b8c3ae
230,1,Curious Freaks Coding Sheet (50 Patterns DSA),curious-coding-sheet,11,Sliding Window - Technique,2,Variable Sliding Window,17,Sliding window median,LeetCode,Medium,https://leetcode.com/problems/sliding-window-median/,https://youtu.be/DfljaUwZsOk?si=ATC7K2_3a6QPXdsS,Article link-click to view,,25,article,16630015-b6a2-441a-8283-78c4f6cefdac
231,1,Curious Freaks Coding Sheet (50 Patterns DSA),curious-coding-sheet,12,Graph - Data structure,1,Traversals & Basic,1,Understand how graph is represented?,YouTube,Medium,,https://youtu.be/M3_pLsDdeuU?si=SItRP4M088yoch07,,,15,article,61d8db1e-482c-4d1c-b53b-51dfccc5ac8c
232,1,Curious Freaks Coding Sheet (50 Patterns DSA),curious-coding-sheet,12,Graph - Data structure,1,Traversals & Basic,2,BFS Traversal,GeeksforGeeks,Medium,https://www.geeksforgeeks.org/problems/bfs-traversal-of-graph/1?page=1&category=Graph&sortBy=submissions,Best Tutorial link - click to view,Article link-click to view,,20,article,9c5f1d4d-c17f-4820-8ef5-909fd70c93b0
233,1,Curious Freaks Coding Sheet (50 Patterns DSA),curious-coding-sheet,12,Graph - Data structure,1,Traversals & Basic,3,DFS Traversal,GeeksforGeeks,Medium,https://www.geeksforgeeks.org/problems/depth-first-traversal-for-a-graph/1?page=1&category=Graph&sortBy=submissions,Best Tutorial link - click to view,Article link-click to view,,20,article,91883376-359d-4c43-9c1a-acf300da73f9
234,1,Curious Freaks Coding Sheet (50 Patterns DSA),curious-coding-sheet,12,Graph - Data structure,1,Traversals & Basic,4,Detect cycle in Directed graph,GeeksforGeeks,Medium,https://www.geeksforgeeks.org/problems/detect-cycle-in-a-directed-graph/1?page=1&category=Graph&sortBy=submissions,https://youtu.be/9twcmtQj4DU?si=8a8yz9stT7quiRiP,Article link-click to view,,20,article,90d90edc-eaf9-4547-bbc8-a47a3d50f387
235,1,Curious Freaks Coding Sheet (50 Patterns DSA),curious-coding-sheet,12,Graph - Data structure,1,Traversals & Basic,5,Detect cycle in Undirected graph,GeeksforGeeks,Medium,https://www.geeksforgeeks.org/problems/detect-cycle-in-an-undirected-graph/1?page=1&category=Graph&sortBy=submissions,https://youtu.be/zQ3zgFypzX4?si=oXS_VKyOM-oL_4yz,Article link-click to view,,20,article,2fb36786-b140-47c7-88c9-08b3d24dd287
236,1,Curious Freaks Coding Sheet (50 Patterns DSA),curious-coding-sheet,12,Graph - Data structure,1,Traversals & Basic,6,Detect Negative cycle in graph,GeeksforGeeks,Medium,https://www.geeksforgeeks.org/problems/negative-weight-cycle3504/1?page=2&category=Graph&sortBy=submissions,Best Tutorial link - click to view,Article link-click to view,,20,article,a2b71961-80a2-4917-81fa-433d4ab82eb0
237,1,Curious Freaks Coding Sheet (50 Patterns DSA),curious-coding-sheet,12,Graph - Data structure,2,"Connected component(After traversal, this will be easy to solve)",1,Connected component,GeeksforGeeks,Medium,https://practice.geeksforgeeks.org/problems/strongly-connected-component-tarjanss-algo-1587115621/1,Best Tutorial link - click to view,Article link-click to view,,25,article,1fc43464-1730-49c2-a2b4-28150a851b1c
238,1,Curious Freaks Coding Sheet (50 Patterns DSA),curious-coding-sheet,12,Graph - Data structure,2,"Connected component(After traversal, this will be easy to solve)",2,Number of Provinces,GeeksforGeeks,Medium,https://www.geeksforgeeks.org/problems/number-of-provinces/1?page=2&category=Graph&sortBy=submissions,Best Tutorial link - click to view,Article link-click to view,,25,article,ee630f2b-aacb-4b94-a0b1-21bc18421edb
239,1,Curious Freaks Coding Sheet (50 Patterns DSA),curious-coding-sheet,12,Graph - Data structure,2,"Connected component(After traversal, this will be easy to solve)",3,Number of Islands,GeeksforGeeks,Medium,https://www.geeksforgeeks.org/problems/find-the-number-of-islands/1?page=1&category=Graph&sortBy=submissions,https://youtu.be/muncqlKJrH0?si=YO3SUPZz6yDpCTM8,Article link-click to view,,25,article,3736e729-667e-4666-9ddd-fa3cef66f652
240,1,Curious Freaks Coding Sheet (50 Patterns DSA),curious-coding-sheet,12,Graph - Data structure,2,"Connected component(After traversal, this will be easy to solve)",4,Number of distinct island,GeeksforGeeks,Medium,https://www.geeksforgeeks.org/problems/find-number-of-closed-islands/1?page=3&category=Graph&sortBy=submissions,https://youtu.be/7zmgQSJghpo?si=T3zcl9BeVooJBUAX,Article link-click to view,,25,article,704f42ed-a152-482a-b7aa-5509dd7c58c2
241,1,Curious Freaks Coding Sheet (50 Patterns DSA),curious-coding-sheet,12,Graph - Data structure,2,"Connected component(After traversal, this will be easy to solve)",5,Number of closed island,GeeksforGeeks,Medium,https://www.geeksforgeeks.org/problems/find-number-of-closed-islands/1?page=3&category=Graph&sortBy=submissions,https://youtu.be/X8k48xek8g8?si=UILPOo-_LidtdV_k,Article link-click to view,,25,article,eec88db9-32c7-4525-ab3c-2c78e3e467dd
242,1,Curious Freaks Coding Sheet (50 Patterns DSA),curious-coding-sheet,12,Graph - Data structure,3,Bipartite,1,Bipartite graph,GeeksforGeeks,Medium,https://www.geeksforgeeks.org/problems/bipartite-graph/1?page=1&category=Graph&sortBy=submissions,https://youtu.be/-vu34sct1g8?si=G9gY0BZEWVQf810J,Article link-click to view,,25,article,79c3f4fa-dddc-44ba-8d5a-974f69456f77
243,1,Curious Freaks Coding Sheet (50 Patterns DSA),curious-coding-sheet,12,Graph - Data structure,3,Bipartite,2,M-colouring,GeeksforGeeks,Medium,https://practice.geeksforgeeks.org/problems/m-coloring-problem-1587115620/1,https://youtu.be/wuVwUK25Rfc?si=CYcBDjL6ARNTh1FG,Article link-click to view,,25,article,a9473b83-5c4b-4244-9f37-f24b2963383e
244,1,Curious Freaks Coding Sheet (50 Patterns DSA),curious-coding-sheet,12,Graph - Data structure,4,Shortest Path,1,Find shortest path in UG,Coding Ninjas,Medium,https://www.codingninjas.com/studio/problems/shortest-path-in-an-unweighted-graph_981297,Best Tutorial link - click to view,Article link-click to view,,25,article,9e4de20b-cf6e-4587-acec-658a85110a7b
245,1,Curious Freaks Coding Sheet (50 Patterns DSA),curious-coding-sheet,12,Graph - Data structure,4,Shortest Path,2,Find shortest path in DAG,GeeksforGeeks,Medium,https://www.geeksforgeeks.org/problems/shortest-path-in-undirected-graph/1?page=1&category=Graph&sortBy=submissions,https://youtu.be/ZUFQfFaU-8U?si=LW37HXwpS6wWWgTC,Article link-click to view,,25,article,43b551d9-9a26-4752-8b6b-8b71ba5fe0b2
246,1,Curious Freaks Coding Sheet (50 Patterns DSA),curious-coding-sheet,12,Graph - Data structure,4,Shortest Path,3,Djikstra Algo,GeeksforGeeks,Medium,https://www.geeksforgeeks.org/problems/implementing-dijkstra-set-1-adjacency-matrix/1?page=1&category=Graph&sortBy=submissions,https://youtu.be/V6H1qAeB-l4?si=W36zrJBLarmVkn_C,Article link-click to view,,25,article,5e84b78c-2402-4fe7-8498-7b5d7b48c870
247,1,Curious Freaks Coding Sheet (50 Patterns DSA),curious-coding-sheet,12,Graph - Data structure,4,Shortest Path,4,Step by Knight,GeeksforGeeks,Medium,https://www.geeksforgeeks.org/problems/steps-by-knight5927/1?page=1&category=Graph&sortBy=submissions,https://www.youtube.com/live/6lgT0vEhMPo?si=pTJ2-6RIZfCDjz0X,Article link-click to view,,25,article,9731d47f-0366-42e9-9375-df0470449c6e
248,1,Curious Freaks Coding Sheet (50 Patterns DSA),curious-coding-sheet,12,Graph - Data structure,4,Shortest Path,5,Shortest path source to destiny,GeeksforGeeks,Medium,https://www.geeksforgeeks.org/problems/shortest-source-to-destination-path3544/1?page=1&category=Graph&sortBy=submissions,Best Tutorial link - click to view,Article link-click to view,,25,article,ab7f2faf-830a-422e-ae19-d8a533ce6efe
249,1,Curious Freaks Coding Sheet (50 Patterns DSA),curious-coding-sheet,12,Graph - Data structure,4,Shortest Path,6,Find if path exists,GeeksforGeeks,Medium,https://www.geeksforgeeks.org/problems/find-whether-path-exist5238/1?page=2&category=Graph&sortBy=submissions,https://youtu.be/Eso1Lu4mtmU?si=EqoQnXHqvPXzrtDP,Article link-click to view,,25,article,df39b7ef-690e-4bed-b1eb-df260bb1853f
250,1,Curious Freaks Coding Sheet (50 Patterns DSA),curious-coding-sheet,12,Graph - Data structure,4,Shortest Path,7,Covid spread,GeeksforGeeks,Medium,https://www.geeksforgeeks.org/problems/covid-spread--141631/1?page=4&category=Graph&sortBy=submissions,Best Tutorial link - click to view,Article link-click to view,,25,article,0178cb3f-82b5-49c8-8cc1-ee97e48d9dfa
251,1,Curious Freaks Coding Sheet (50 Patterns DSA),curious-coding-sheet,12,Graph - Data structure,4,Shortest Path,8,Minimum cost path,GeeksforGeeks,Medium,https://www.geeksforgeeks.org/problems/minimum-cost-path3833/1?page=2&category=Graph&sortBy=submissions,https://youtu.be/t1shZ8_s6jc?si=xHiW9k7kJJ_tUTI5,Article link-click to view,,25,article,56f96c17-d607-4213-8563-8e19320b3195
252,1,Curious Freaks Coding Sheet (50 Patterns DSA),curious-coding-sheet,12,Graph - Data structure,4,Shortest Path,9,Word ladder I,GeeksforGeeks,Medium,https://www.geeksforgeeks.org/problems/word-ladder/1?page=3&category=Graph&sortBy=submissions,https://youtu.be/tRPda0rcf8E?si=qMWyd0E8oMQ7WIvy,Article link-click to view,,25,article,1311d5f7-b3ea-408d-9b58-b22f075c6051
253,1,Curious Freaks Coding Sheet (50 Patterns DSA),curious-coding-sheet,12,Graph - Data structure,4,Shortest Path,10,Word ladder II,GeeksforGeeks,Medium,https://www.geeksforgeeks.org/problems/word-ladder-ii/1?page=3&category=Graph&sortBy=submissions,https://youtu.be/DREutrv2XD0?si=QfIrMBzjrv0paKAJ,Article link-click to view,,25,article,3c72774e-f212-43d5-9142-3609d68c430d
254,1,Curious Freaks Coding Sheet (50 Patterns DSA),curious-coding-sheet,12,Graph - Data structure,4,Shortest Path,11,Floyd warshal algo,GeeksforGeeks,Medium,https://www.geeksforgeeks.org/problems/implementing-floyd-warshall2042/1?page=1&category=Graph&sortBy=submissions,https://youtu.be/YbY8cVwWAvw?si=qeBBm6l3SrryejiB,Article link-click to view,,25,article,234101d0-cc3f-4461-866e-5f80a893aae7
255,1,Curious Freaks Coding Sheet (50 Patterns DSA),curious-coding-sheet,12,Graph - Data structure,4,Shortest Path,12,Bellmanford algo,GeeksforGeeks,Medium,https://www.geeksforgeeks.org/problems/distance-from-the-source-bellman-ford-algorithm/1?page=2&category=Graph&sortBy=submissions,Best Tutorial link - click to view,Article link-click to view,,25,article,e36698e3-f910-4e64-a729-2d218673cf59
256,1,Curious Freaks Coding Sheet (50 Patterns DSA),curious-coding-sheet,13,Backtracking & Recursion advanced - Technique,1,"Basic patterns and must solve(Each prob in this pattern will teach you something and also as you solve, you will start mastering it though initially it takes sometime)",1,Understand the basics of backtracking and start solving,External Web Resource,Medium,,Best Tutorial link - click to view,,,15,article,f857aa83-9d67-4e7e-ab1d-9d918b45a03c
257,1,Curious Freaks Coding Sheet (50 Patterns DSA),curious-coding-sheet,13,Backtracking & Recursion advanced - Technique,1,"Basic patterns and must solve(Each prob in this pattern will teach you something and also as you solve, you will start mastering it though initially it takes sometime)",2,Permutations of a string,GeeksforGeeks,Medium,https://www.geeksforgeeks.org/problems/permutations-of-a-given-string2041/1?page=1&category=Backtracking&sortBy=submissions,https://youtu.be/YK78FU5Ffjw?si=b9cfoplt08JA0xJQ,Article link-click to view,,25,article,5919e608-33f2-4952-a8b9-9e8248c457ec
258,1,Curious Freaks Coding Sheet (50 Patterns DSA),curious-coding-sheet,13,Backtracking & Recursion advanced - Technique,1,"Basic patterns and must solve(Each prob in this pattern will teach you something and also as you solve, you will start mastering it though initially it takes sometime)",3,Permutation II,LeetCode,Medium,https://leetcode.com/problems/permutations-ii,Best Tutorial link - click to view,Article link-click to view,,25,article,3f3a75ba-83a7-45a9-8cc3-bfc8e8c6a5ad
259,1,Curious Freaks Coding Sheet (50 Patterns DSA),curious-coding-sheet,13,Backtracking & Recursion advanced - Technique,1,"Basic patterns and must solve(Each prob in this pattern will teach you something and also as you solve, you will start mastering it though initially it takes sometime)",4,Combination sum I,GeeksforGeeks,Medium,https://www.geeksforgeeks.org/problems/combination-sum-1587115620/1?page=1&category=Backtracking&sortBy=submissions,https://youtu.be/OyZFFqQtu98?si=h4ntlYqyMU635DUw,Article link-click to view,,25,article,5c8c784a-3ce9-4254-94dc-d013773d54cf
260,1,Curious Freaks Coding Sheet (50 Patterns DSA),curious-coding-sheet,13,Backtracking & Recursion advanced - Technique,1,"Basic patterns and must solve(Each prob in this pattern will teach you something and also as you solve, you will start mastering it though initially it takes sometime)",5,Combination sum II,LeetCode,Medium,https://leetcode.com/problems/combination-sum-ii,Best Tutorial link - click to view,Article link-click to view,,25,article,7ecce6a9-a70e-4298-945a-defb4e03994b
261,1,Curious Freaks Coding Sheet (50 Patterns DSA),curious-coding-sheet,13,Backtracking & Recursion advanced - Technique,1,"Basic patterns and must solve(Each prob in this pattern will teach you something and also as you solve, you will start mastering it though initially it takes sometime)",6,Combination sum III,LeetCode,Medium,https://leetcode.com/problems/combination-sum-iii,Best Tutorial link - click to view,Article link-click to view,,25,article,297115e0-77f3-4094-9f9f-5f296361ba8c
262,1,Curious Freaks Coding Sheet (50 Patterns DSA),curious-coding-sheet,13,Backtracking & Recursion advanced - Technique,1,"Basic patterns and must solve(Each prob in this pattern will teach you something and also as you solve, you will start mastering it though initially it takes sometime)",7,Rat in maze,GeeksforGeeks,Medium,https://www.geeksforgeeks.org/problems/rat-in-a-maze-problem/1?page=1&category=Backtracking&sortBy=submissions,Best Tutorial link - click to view,Article link-click to view,,25,article,edc9d836-8ecd-4631-9bcc-009b5f5546be
263,1,Curious Freaks Coding Sheet (50 Patterns DSA),curious-coding-sheet,13,Backtracking & Recursion advanced - Technique,1,"Basic patterns and must solve(Each prob in this pattern will teach you something and also as you solve, you will start mastering it though initially it takes sometime)",8,Possible words from phone digits,GeeksforGeeks,Medium,https://www.geeksforgeeks.org/problems/possible-words-from-phone-digits-1587115620/1?page=1&category=Backtracking&sortBy=submissions,https://youtu.be/9ByWqPzfXDU?si=HVyZBiY385QXDma5,Article link-click to view,,25,article,c7272657-8176-4e88-991f-9670b20610cc
264,1,Curious Freaks Coding Sheet (50 Patterns DSA),curious-coding-sheet,13,Backtracking & Recursion advanced - Technique,1,"Basic patterns and must solve(Each prob in this pattern will teach you something and also as you solve, you will start mastering it though initially it takes sometime)",9,Subsets,GeeksforGeeks,Medium,https://www.geeksforgeeks.org/problems/subsets-1613027340/1?page=1&category=Backtracking&sortBy=submissions,https://youtu.be/rYkfBRtMJr8?si=xdRYuVuGFT0hm2UI,Article link-click to view,,25,article,223b3f16-3d5d-4e7f-a102-5a49c79e7dd5
265,1,Curious Freaks Coding Sheet (50 Patterns DSA),curious-coding-sheet,13,Backtracking & Recursion advanced - Technique,1,"Basic patterns and must solve(Each prob in this pattern will teach you something and also as you solve, you will start mastering it though initially it takes sometime)",10,Unique subset,GeeksforGeeks,Medium,https://www.geeksforgeeks.org/problems/subsets-1587115621/1?page=1&category=Backtracking&sortBy=submissions,Best Tutorial link - click to view,Article link-click to view,,25,article,be7b54bc-7909-4a90-bc6e-255320c4584c
266,1,Curious Freaks Coding Sheet (50 Patterns DSA),curious-coding-sheet,13,Backtracking & Recursion advanced - Technique,1,"Basic patterns and must solve(Each prob in this pattern will teach you something and also as you solve, you will start mastering it though initially it takes sometime)",11,N-Queen,GeeksforGeeks,Medium,https://www.geeksforgeeks.org/problems/n-queen-problem0315/1?page=1&category=Backtracking&sortBy=submissions,Best Tutorial link - click to view,Article link-click to view,,30,article,87034115-b7c1-48f8-9cc1-e3f6bd929006
267,1,Curious Freaks Coding Sheet (50 Patterns DSA),curious-coding-sheet,13,Backtracking & Recursion advanced - Technique,1,"Basic patterns and must solve(Each prob in this pattern will teach you something and also as you solve, you will start mastering it though initially it takes sometime)",12,N Queen II,LeetCode,Medium,https://leetcode.com/problems/n-queens-ii,Best Tutorial link - click to view,Article link-click to view,,30,article,63d5b164-ad1b-44ae-9762-721605480b68
268,1,Curious Freaks Coding Sheet (50 Patterns DSA),curious-coding-sheet,13,Backtracking & Recursion advanced - Technique,1,"Basic patterns and must solve(Each prob in this pattern will teach you something and also as you solve, you will start mastering it though initially it takes sometime)",13,Permutation with spaces,GeeksforGeeks,Medium,https://www.geeksforgeeks.org/problems/permutation-with-spaces3627/1?page=1&category=Backtracking&sortBy=submissions,https://youtu.be/Ya_16rXu7W8?si=c6ZdSR9XKDv4D-gR,Article link-click to view,,25,article,f777f925-6f91-44ee-b04b-f0232b5d9281
269,1,Curious Freaks Coding Sheet (50 Patterns DSA),curious-coding-sheet,13,Backtracking & Recursion advanced - Technique,1,"Basic patterns and must solve(Each prob in this pattern will teach you something and also as you solve, you will start mastering it though initially it takes sometime)",14,Generate parantheses,GeeksforGeeks,Medium,https://www.geeksforgeeks.org/problems/generate-all-possible-parentheses/1?page=1&category=Backtracking&sortBy=submissions,https://youtu.be/s9fokUqJ76A?si=zfcDWcp1AqqDy5cG,Article link-click to view,,25,article,1a209ff9-cf50-482d-a0b6-d4f7b4622187
270,1,Curious Freaks Coding Sheet (50 Patterns DSA),curious-coding-sheet,13,Backtracking & Recursion advanced - Technique,1,"Basic patterns and must solve(Each prob in this pattern will teach you something and also as you solve, you will start mastering it though initially it takes sometime)",15,Generate IP address,GeeksforGeeks,Medium,https://www.geeksforgeeks.org/problems/generate-ip-addresses/1?page=1&category=Backtracking&sortBy=submissions,https://youtu.be/XU4inpwKt8A?si=lm9MpSALwsn4roQo,Article link-click to view,,25,article,d5e30680-44d6-40f0-9353-df7b0347834e
271,1,Curious Freaks Coding Sheet (50 Patterns DSA),curious-coding-sheet,13,Backtracking & Recursion advanced - Technique,1,"Basic patterns and must solve(Each prob in this pattern will teach you something and also as you solve, you will start mastering it though initially it takes sometime)",16,Solve the sudoku,GeeksforGeeks,Medium,https://www.geeksforgeeks.org/problems/solve-the-sudoku-1587115621/1?page=1&category=Backtracking&sortBy=submissions,https://youtu.be/FWAIf_EVUKE?si=q2DUJbZj1T6seOwb,Article link-click to view,,30,article,7329537a-2a32-4665-8cf9-9a283238f9ec
272,1,Curious Freaks Coding Sheet (50 Patterns DSA),curious-coding-sheet,13,Backtracking & Recursion advanced - Technique,1,"Basic patterns and must solve(Each prob in this pattern will teach you something and also as you solve, you will start mastering it though initially it takes sometime)",17,kth permutation,GeeksforGeeks,Medium,https://www.geeksforgeeks.org/problems/find-kth-permutation/1?page=2&category=Backtracking&sortBy=submissions,https://youtu.be/wT7gcXLYoao?si=cG3Kl4gKxBl92-1m,Article link-click to view,,30,article,d0ccfb9a-a30a-4241-a89d-accaf4086cf6
273,1,Curious Freaks Coding Sheet (50 Patterns DSA),curious-coding-sheet,13,Backtracking & Recursion advanced - Technique,1,"Basic patterns and must solve(Each prob in this pattern will teach you something and also as you solve, you will start mastering it though initially it takes sometime)",18,Word search,GeeksforGeeks,Medium,https://www.geeksforgeeks.org/problems/word-search/1?page=3&category=Graph&sortBy=submissions,https://youtu.be/pfiQ_PS1g8E?si=NSwX3AHJpS6lGme4,Article link-click to view,,25,article,a47f26e5-faf4-41c3-a7a0-39a5657264fd
274,1,Curious Freaks Coding Sheet (50 Patterns DSA),curious-coding-sheet,13,Backtracking & Recursion advanced - Technique,1,"Basic patterns and must solve(Each prob in this pattern will teach you something and also as you solve, you will start mastering it though initially it takes sometime)",19,Palindrome partition of string,GeeksforGeeks,Medium,https://www.geeksforgeeks.org/problems/find-all-possible-palindromic-partitions-of-a-string/1?page=2&category=Backtracking&sortBy=submissions,https://youtu.be/WBgsABoClE0?si=FBXsqWuBLwm75E81,Article link-click to view,,25,article,ba3f3726-7dc8-41b4-ae4a-3bd25bb96e4e
275,1,Curious Freaks Coding Sheet (50 Patterns DSA),curious-coding-sheet,13,Backtracking & Recursion advanced - Technique,1,"Basic patterns and must solve(Each prob in this pattern will teach you something and also as you solve, you will start mastering it though initially it takes sometime)",20,Decode the string,GeeksforGeeks,Medium,https://www.geeksforgeeks.org/problems/decode-the-string2444/1?page=1&category=Backtracking&sortBy=submissions,https://youtu.be/qB0zZpBJlh8?si=VBKh6H4NSYT6qYVO,Article link-click to view,,25,article,64f8f541-0aed-437a-9f17-8a5f47066756
276,1,Curious Freaks Coding Sheet (50 Patterns DSA),curious-coding-sheet,13,Backtracking & Recursion advanced - Technique,1,"Basic patterns and must solve(Each prob in this pattern will teach you something and also as you solve, you will start mastering it though initially it takes sometime)",21,Letter case permutation,LeetCode,Medium,https://leetcode.com/problems/letter-case-permutation/,https://youtu.be/4eOPYDOiwFo?si=VIbEA8JDKDOvwRuD,Article link-click to view,,25,article,11cc4e18-446e-4197-a43a-c8280b634d83
277,1,Curious Freaks Coding Sheet (50 Patterns DSA),curious-coding-sheet,13,Backtracking & Recursion advanced - Technique,1,"Basic patterns and must solve(Each prob in this pattern will teach you something and also as you solve, you will start mastering it though initially it takes sometime)",22,sum string,GeeksforGeeks,Medium,https://www.geeksforgeeks.org/problems/sum-string3151/1?page=1&category=Backtracking&sortBy=submissions,https://youtu.be/xlPIH9216Ak?si=NpzDre5ux8rDgSdQ,Article link-click to view,,25,article,656af49e-fc9b-4cf5-98d4-dd972123837b
278,1,Curious Freaks Coding Sheet (50 Patterns DSA),curious-coding-sheet,13,Backtracking & Recursion advanced - Technique,1,"Basic patterns and must solve(Each prob in this pattern will teach you something and also as you solve, you will start mastering it though initially it takes sometime)",23,word boggle,GeeksforGeeks,Medium,https://www.geeksforgeeks.org/problems/word-boggle4143/1?page=1&category=Backtracking&sortBy=submissions,https://youtu.be/-3rVMYGBwO0?si=w-NmOX7Or4vw8D4T,Article link-click to view,,25,article,7bedb75b-d35b-4e83-b641-b8cbd233d391
279,1,Curious Freaks Coding Sheet (50 Patterns DSA),curious-coding-sheet,13,Backtracking & Recursion advanced - Technique,1,"Basic patterns and must solve(Each prob in this pattern will teach you something and also as you solve, you will start mastering it though initially it takes sometime)",24,Largest number in k swaps,GeeksforGeeks,Medium,https://www.geeksforgeeks.org/problems/largest-number-in-k-swaps-1587115620/1?page=1&category=Backtracking&sortBy=submissions,https://www.youtube.com/live/GstuPf5u3lg?si=9Ymg0mpYPLzeJ38y,Article link-click to view,,25,article,a2ea5b10-84db-48d2-997a-4bed976a873d
280,1,Curious Freaks Coding Sheet (50 Patterns DSA),curious-coding-sheet,13,Backtracking & Recursion advanced - Technique,1,"Basic patterns and must solve(Each prob in this pattern will teach you something and also as you solve, you will start mastering it though initially it takes sometime)",25,Partition array to k subsets,GeeksforGeeks,Medium,https://www.geeksforgeeks.org/problems/partition-array-to-k-subsets/1?page=1&category=Backtracking&sortBy=submissions,https://youtu.be/mBk4I0X46oI?si=uA-5-uc7zAgLloIe,Article link-click to view,,25,article,5415237a-7815-475a-9497-421d7b16bb7e
281,1,Curious Freaks Coding Sheet (50 Patterns DSA),curious-coding-sheet,14,Greedy - Technique,1,Basics and must solves,1,Minimum number of jumps,GeeksforGeeks,Medium,https://www.geeksforgeeks.org/problems/minimum-number-of-jumps-1587115620/1?page=1&category=Greedy&sortBy=submissions,https://youtu.be/_6QpiqTw_ew?si=xUX4W2QueKEKPr7S,Article link-click to view,,25,article,4b7b70c2-1319-4ccb-890e-7519936088df
282,1,Curious Freaks Coding Sheet (50 Patterns DSA),curious-coding-sheet,14,Greedy - Technique,1,Basics and must solves,2,Minimum operations,GeeksforGeeks,Medium,https://www.geeksforgeeks.org/problems/find-optimum-operation4504/1?page=1&category=Greedy&sortBy=submissions,Best Tutorial link - click to view,Article link-click to view,,25,article,6acc5de5-95b2-4d4b-816c-ff5238f2ce3a
283,1,Curious Freaks Coding Sheet (50 Patterns DSA),curious-coding-sheet,14,Greedy - Technique,1,Basics and must solves,3,Minimize the sum of product,GeeksforGeeks,Medium,https://www.geeksforgeeks.org/problems/minimize-the-sum-of-product1525/1?page=1&category=Greedy&sortBy=submissions,Best Tutorial link - click to view,Article link-click to view,,25,article,e1885e9a-3501-447b-83b6-51a29310da71
284,1,Curious Freaks Coding Sheet (50 Patterns DSA),curious-coding-sheet,14,Greedy - Technique,1,Basics and must solves,4,Largest number possible,GeeksforGeeks,Medium,https://www.geeksforgeeks.org/problems/largest-number-possible5028/1?page=1&category=Greedy&sortBy=submissions,Best Tutorial link - click to view,Article link-click to view,,25,article,96aab61d-c23d-48d6-a641-bbcc0b7b18d3
285,1,Curious Freaks Coding Sheet (50 Patterns DSA),curious-coding-sheet,14,Greedy - Technique,1,Basics and must solves,5,Lemonade change,GeeksforGeeks,Medium,https://www.geeksforgeeks.org/problems/lemonade-change/1?page=2&category=Greedy&sortBy=submissions,Best Tutorial link - click to view,Article link-click to view,,25,article,681e0fcb-b048-4cd1-ad40-678ac1a6e81a
286,1,Curious Freaks Coding Sheet (50 Patterns DSA),curious-coding-sheet,14,Greedy - Technique,1,Basics and must solves,6,Activity selection prob,GeeksforGeeks,Medium,https://www.geeksforgeeks.org/problems/activity-selection-1587115620/1?page=1&category=Greedy&sortBy=submissions,https://youtu.be/jD_D-b6t_eU?si=2zgyQVT6B0-aSO06,Article link-click to view,,30,article,f0e3a108-db40-4d7f-83c5-291512caf89c
287,1,Curious Freaks Coding Sheet (50 Patterns DSA),curious-coding-sheet,14,Greedy - Technique,1,Basics and must solves,7,N meetings in a room,GeeksforGeeks,Medium,https://www.geeksforgeeks.org/problems/n-meetings-in-one-room-1587115620/1?page=1&category=Greedy&sortBy=submissions,https://youtu.be/II6ziNnub1Q?si=nyCFIwB6nl2-LOZo,Article link-click to view,,30,article,0cd0ba07-2d6b-4bbc-ad36-d2f641ec243d
288,1,Curious Freaks Coding Sheet (50 Patterns DSA),curious-coding-sheet,14,Greedy - Technique,1,Basics and must solves,8,Minimum platforms,GeeksforGeeks,Medium,https://www.geeksforgeeks.org/problems/minimum-platforms-1587115620/1?page=1&category=Greedy&sortBy=submissions,https://youtu.be/dxVcMDI7vyI?si=DCFL2eWvpXNvz3dm,Article link-click to view,,25,article,0ee29f22-d2a0-471d-b67c-fdb0eb384755
289,1,Curious Freaks Coding Sheet (50 Patterns DSA),curious-coding-sheet,14,Greedy - Technique,1,Basics and must solves,9,Minimize the height,GeeksforGeeks,Medium,https://www.geeksforgeeks.org/problems/minimize-the-heights-i/1?page=2&category=Greedy&sortBy=submissions,Best Tutorial link - click to view,Article link-click to view,,25,article,0c42c338-f500-412a-82ef-dedeb8c88015
290,1,Curious Freaks Coding Sheet (50 Patterns DSA),curious-coding-sheet,14,Greedy - Technique,1,Basics and must solves,10,Minimum number of coins using greedy,GeeksforGeeks,Medium,https://www.geeksforgeeks.org/problems/-minimum-number-of-coins4426/1?page=1&category=Greedy&sortBy=submissions,Best Tutorial link - click to view,Article link-click to view,,25,article,8ace9b4b-e564-459b-ac46-86a2d57c90cb
291,1,Curious Freaks Coding Sheet (50 Patterns DSA),curious-coding-sheet,14,Greedy - Technique,1,Basics and must solves,11,Job sequencing prob,GeeksforGeeks,Medium,https://www.geeksforgeeks.org/problems/job-sequencing-problem-1587115620/1?page=1&category=Greedy&sortBy=submissions,https://youtu.be/LjPx4wQaRIs?si=QuVNrXDBmW0nqlfy,Article link-click to view,,25,article,8d1677ad-749b-43b6-8d62-f5b986ed8857
292,1,Curious Freaks Coding Sheet (50 Patterns DSA),curious-coding-sheet,14,Greedy - Technique,1,Basics and must solves,12,Fractional knapsack,GeeksforGeeks,Medium,https://www.geeksforgeeks.org/problems/fractional-knapsack-1587115620/1?page=1&category=Greedy&sortBy=submissions,https://youtu.be/F_DDzYnxO14?si=Aiem1u3s1CApvD1Q,Article link-click to view,,25,article,8fa1ef51-5542-42d3-87b4-7d487e47d6d6
293,1,Curious Freaks Coding Sheet (50 Patterns DSA),curious-coding-sheet,14,Greedy - Technique,1,Basics and must solves,13,Jump game,GeeksforGeeks,Medium,https://www.geeksforgeeks.org/problems/jump-game/1?page=2&category=Greedy&sortBy=submissions,https://youtu.be/Yan0cv2cLy8?si=6gEyL0RDv97Ebo_S,Article link-click to view,,25,article,8a73ac0d-49be-472e-8d79-9d46bdafaf76
294,1,Curious Freaks Coding Sheet (50 Patterns DSA),curious-coding-sheet,14,Greedy - Technique,1,Basics and must solves,14,Insert interval,LeetCode,Medium,https://leetcode.com/problems/insert-interval/,https://youtu.be/A8NUOmlwOlM?si=nSYNoRp7jNmzEZbk,Article link-click to view,,25,article,a2b5ee15-79cf-43b9-bd15-255624ce897a
295,1,Curious Freaks Coding Sheet (50 Patterns DSA),curious-coding-sheet,14,Greedy - Technique,1,Basics and must solves,15,Merge interval,LeetCode,Medium,https://leetcode.com/problems/merge-intervals/,Best Tutorial link - click to view,Article link-click to view,,25,article,810e534b-941b-4fe9-81e8-5b8d184b88cd
296,1,Curious Freaks Coding Sheet (50 Patterns DSA),curious-coding-sheet,14,Greedy - Technique,1,Basics and must solves,16,Non overlapping interval,LeetCode,Medium,https://leetcode.com/problems/non-overlapping-intervals/,https://youtu.be/nONCGxWoUfM?si=CCH5fuaNR9Oh4SV9,Article link-click to view,,25,article,b37b143b-5e1d-4e6e-911b-598d3cb0c5f7
297,1,Curious Freaks Coding Sheet (50 Patterns DSA),curious-coding-sheet,14,Greedy - Technique,1,Basics and must solves,17,Minimum cost of ropes,GeeksforGeeks,Medium,https://practice.geeksforgeeks.org/problems/minimum-cost-of-ropes-1587115620/1,https://youtu.be/_k_c9nqzKN0?si=8aU6CU030tv-stpm,Article link-click to view,,25,article,2aaf3bc6-4f94-4a3d-babc-e63f832570d2
298,1,Curious Freaks Coding Sheet (50 Patterns DSA),curious-coding-sheet,14,Greedy - Technique,1,Basics and must solves,18,Partition labels,LeetCode,Medium,https://leetcode.com/problems/partition-labels/,Best Tutorial link - click to view,Article link-click to view,,25,article,9d736b80-7be3-41c8-8f9d-fc64cf4276c9
299,1,Curious Freaks Coding Sheet (50 Patterns DSA),curious-coding-sheet,14,Greedy - Technique,1,Basics and must solves,19,Cinema seat allocation,LeetCode,Medium,https://leetcode.com/problems/cinema-seat-allocation/,Best Tutorial link - click to view,Article link-click to view,,25,article,e508c0ea-1d59-4f23-aa03-408e85157e39
300,1,Curious Freaks Coding Sheet (50 Patterns DSA),curious-coding-sheet,14,Greedy - Technique,1,Basics and must solves,20,Max length chain,GeeksforGeeks,Medium,https://www.geeksforgeeks.org/problems/max-length-chain/1?page=1&category=Greedy&sortBy=submissions,Best Tutorial link - click to view,Article link-click to view,,25,article,ca74ac53-8273-4e80-adda-63d2b6c55033
301,1,Curious Freaks Coding Sheet (50 Patterns DSA),curious-coding-sheet,14,Greedy - Technique,1,Basics and must solves,21,Valid parantheses - Minimum,LeetCode,Medium,https://leetcode.com/problems/minimum-add-to-make-parentheses-valid/,https://youtu.be/wkDfsKijrZ8?si=M76SonbMLKKgwvoL,Article link-click to view,,25,article,abd1eb9d-1c7a-447f-a648-de34b68cdfad
302,1,Curious Freaks Coding Sheet (50 Patterns DSA),curious-coding-sheet,14,Greedy - Technique,1,Basics and must solves,22,Shortest job first,GeeksforGeeks,Medium,https://practice.geeksforgeeks.org/problems/shortest-job-first/1,Best Tutorial link - click to view,Article link-click to view,,25,article,57528cc7-8dda-4e36-b6a6-27320db9dfe7
303,1,Curious Freaks Coding Sheet (50 Patterns DSA),curious-coding-sheet,14,Greedy - Technique,1,Basics and must solves,23,Least recently used,GeeksforGeeks,Medium,https://practice.geeksforgeeks.org/problems/lru-cache/1?utm_source=youtube&utm_medium=collab_fraz_websitelink&utm_campaign=LRU+Cache,https://youtu.be/xDEuM5qa0zg?si=lm-_MF96z7x2k-FC,Article link-click to view,,25,article,bdad9c21-b753-4d24-acb7-730d7e7afe0e
304,1,Curious Freaks Coding Sheet (50 Patterns DSA),curious-coding-sheet,15,Dynamic Programming,1,Basic,1,Understand the basics!!,YouTube,Medium,,https://youtu.be/tyB0ztf0DNY?si=g1XFqILApUcgKtJC,,,15,article,224b84f4-8fa0-46ec-8034-62ff09174797
305,1,Curious Freaks Coding Sheet (50 Patterns DSA),curious-coding-sheet,15,Dynamic Programming,2,1D - Linear DP,1,Count num of hops,GeeksforGeeks,Medium,https://www.geeksforgeeks.org/problems/count-number-of-hops-1587115620/1?page=2&category=Dynamic%20Programming&sortBy=submissions,Best Tutorial link - click to view,Article link-click to view,,25,article,c1083df7-5b58-4fe5-805a-18a9b04c79db
306,1,Curious Freaks Coding Sheet (50 Patterns DSA),curious-coding-sheet,15,Dynamic Programming,2,1D - Linear DP,2,Count way to reach nth stair,GeeksforGeeks,Medium,https://www.geeksforgeeks.org/problems/count-ways-to-reach-the-nth-stair-1587115620/1?page=2&category=Dynamic%20Programming&sortBy=submissions,https://youtu.be/mLfjzJsN8us?si=CtLuQbpWqlseteUe,Article link-click to view,,25,article,1849e749-a4a1-47e4-934f-842a6781b238
307,1,Curious Freaks Coding Sheet (50 Patterns DSA),curious-coding-sheet,15,Dynamic Programming,2,1D - Linear DP,3,Count way to reach nth stair,GeeksforGeeks,Medium,https://www.geeksforgeeks.org/problems/count-ways-to-nth-stairorder-does-not-matter5639/1?page=4&category=Dynamic%20Programming&sortBy=submissions,https://youtu.be/mLfjzJsN8us?si=CtLuQbpWqlseteUe,Article link-click to view,,25,article,a2093793-3673-4de7-97d0-b66d1ea0bda8
308,1,Curious Freaks Coding Sheet (50 Patterns DSA),curious-coding-sheet,15,Dynamic Programming,2,1D - Linear DP,4,House robber,LeetCode,Medium,https://leetcode.com/problems/house-robber/,Best Tutorial link - click to view,Article link-click to view,,25,article,721639d7-48e2-48df-b506-6dd2a9bd3f00
309,1,Curious Freaks Coding Sheet (50 Patterns DSA),curious-coding-sheet,15,Dynamic Programming,2,1D - Linear DP,5,House robber II,LeetCode,Medium,https://leetcode.com/problems/house-robber-ii/,https://youtu.be/3WaxQMELSkw?si=uGgE6spsNU-YYdHQ,Article link-click to view,,25,article,7b50b309-ad5a-4b1b-b419-f7df4c4c7155
310,1,Curious Freaks Coding Sheet (50 Patterns DSA),curious-coding-sheet,15,Dynamic Programming,3,2D Grid DP,1,Count paths - grid,GeeksforGeeks,Medium,https://www.geeksforgeeks.org/problems/count-the-paths4332/1?page=5&category=Dynamic%20Programming&sortBy=submissions,https://youtu.be/sdE0A2Oxofw?si=k-DhYLU6A7eaUxPF,Article link-click to view,,25,article,b5a35fe1-103f-4e7b-8558-4d3adec5ca25
311,1,Curious Freaks Coding Sheet (50 Patterns DSA),curious-coding-sheet,15,Dynamic Programming,3,2D Grid DP,2,Unique paths II,LeetCode,Medium,https://leetcode.com/problems/unique-paths-ii/,https://youtu.be/TmhpgXScLyY?si=Z7i2x05K982xbodl,Article link-click to view,,25,article,961f220c-1609-4bfe-a352-8cb7944f7edb
312,1,Curious Freaks Coding Sheet (50 Patterns DSA),curious-coding-sheet,15,Dynamic Programming,3,2D Grid DP,3,Count all possible paths with condition,GeeksforGeeks,Medium,https://www.geeksforgeeks.org/problems/count-all-possible-paths-from-top-left-to-bottom-right3011/1?page=3&category=Dynamic%20Programming&sortBy=submissions,Best Tutorial link - click to view,Article link-click to view,,25,article,bd6e37f2-b811-4834-b59d-008596777811
313,1,Curious Freaks Coding Sheet (50 Patterns DSA),curious-coding-sheet,15,Dynamic Programming,3,2D Grid DP,4,Minimum path sum in grid,LeetCode,Medium,https://leetcode.com/problems/minimum-path-sum/,https://www.youtube.com/watch?v=_rgTlyky1uQ,Article link-click to view,,25,article,bdff7ba4-901c-492e-ac72-7ef289a05ff6
314,1,Curious Freaks Coding Sheet (50 Patterns DSA),curious-coding-sheet,15,Dynamic Programming,3,2D Grid DP,5,Max path sum,GeeksforGeeks,Medium,https://www.geeksforgeeks.org/problems/path-in-matrix3805/1?page=2&category=Dynamic%20Programming&sortBy=submissions,Best Tutorial link - click to view,Article link-click to view,,25,article,e6240c88-d061-4a6b-972a-f1d4962c24ac
315,1,Curious Freaks Coding Sheet (50 Patterns DSA),curious-coding-sheet,15,Dynamic Programming,3,2D Grid DP,6,Minimum path sum in triangular grid,LeetCode,Medium,https://leetcode.com/problems/triangle/,https://www.youtube.com/watch?v=SrP-PiLSYC0,Article link-click to view,,25,article,d114e3f9-4ab6-435e-ae89-96a3d46267f6
316,1,Curious Freaks Coding Sheet (50 Patterns DSA),curious-coding-sheet,15,Dynamic Programming,3,2D Grid DP,7,Number of paths with k coins,GeeksforGeeks,Medium,https://www.geeksforgeeks.org/problems/number-of-paths-in-a-matrix-with-k-coins2728/1?page=7&category=Dynamic%20Programming&sortBy=submissions,Best Tutorial link - click to view,Article link-click to view,,25,article,7d8bd8d7-02da-4a6a-b681-b7cf8057f861
317,1,Curious Freaks Coding Sheet (50 Patterns DSA),curious-coding-sheet,15,Dynamic Programming,3,2D Grid DP,8,Minimum/Maximum falling path sum,LeetCode,Medium,https://leetcode.com/problems/minimum-falling-path-sum,https://youtu.be/N_aJ5qQbYA0?si=ezuW1n6Qa8XxTNEo,Article link-click to view,,25,article,1f2af9a2-a223-4211-a33d-696d2b4852c3
318,1,Curious Freaks Coding Sheet (50 Patterns DSA),curious-coding-sheet,15,Dynamic Programming,3,2D Grid DP,9,Minimum falling path sum II,LeetCode,Medium,https://leetcode.com/problems/minimum-falling-path-sum-ii,Best Tutorial link - click to view,Article link-click to view,,25,article,51d50011-7d81-42fe-b025-2b48122d15e5
319,1,Curious Freaks Coding Sheet (50 Patterns DSA),curious-coding-sheet,15,Dynamic Programming,4,DP on subsequence,1,Subset sum problem,GeeksforGeeks,Medium,https://www.geeksforgeeks.org/problems/subset-sum-problem-1611555638/1?page=1&category=Dynamic%20Programming&status=solved&sortBy=submissions,https://youtu.be/fWX9xDmIzRI?si=JE2TrHBWy_MknoPu,Article link - click to view,,25,article,17804330-e96e-419b-b616-9e0154f40027
320,1,Curious Freaks Coding Sheet (50 Patterns DSA),curious-coding-sheet,15,Dynamic Programming,4,DP on subsequence,2,Count subset with given sum k,GeeksforGeeks,Medium,https://www.geeksforgeeks.org/problems/perfect-sum-problem5633/1?page=1&category=Dynamic%20Programming&sortBy=submissions,https://youtu.be/ZHyb-A2Mte4?si=E2zp3ic9YMCmi1el,Article link - click to view,,25,article,32da17fb-e885-4a5b-b3da-dd8ec5dbd392
321,1,Curious Freaks Coding Sheet (50 Patterns DSA),curious-coding-sheet,15,Dynamic Programming,4,DP on subsequence,3,Partition equal subset sum,GeeksforGeeks,Medium,https://www.geeksforgeeks.org/problems/subset-sum-problem2014/1?page=1&category=Dynamic%20Programming&sortBy=submissions,Best Tutorial link - click to view,Article link-click to view,,25,article,bb53470f-f098-41e7-a420-e16639619178
322,1,Curious Freaks Coding Sheet (50 Patterns DSA),curious-coding-sheet,15,Dynamic Programming,4,DP on subsequence,4,Minimum sum partition,GeeksforGeeks,Medium,https://www.geeksforgeeks.org/problems/minimum-sum-partition3317/1?page=2&category=Dynamic%20Programming&sortBy=submissions,https://youtu.be/GS_OqZb2CWc?si=jtDc7dlrqIBDGkva,Article link-click to view,,25,article,567758f5-5537-46d7-8934-b4bd56e429b1
323,1,Curious Freaks Coding Sheet (50 Patterns DSA),curious-coding-sheet,15,Dynamic Programming,4,DP on subsequence,5,Count partition with given diff,YouTube,Medium,,https://youtu.be/zoilQD1kYSg?si=Dob0JEkW4sUmGoXn,Article link-click to view,,25,article,eb00f9b2-96f4-4e40-8e61-612543c0012e
324,1,Curious Freaks Coding Sheet (50 Patterns DSA),curious-coding-sheet,15,Dynamic Programming,4,DP on subsequence,6,0-1 Knapsack,GeeksforGeeks,Medium,https://www.geeksforgeeks.org/problems/0-1-knapsack-problem0945/1?page=1&category=Dynamic%20Programming&sortBy=submissions,https://youtu.be/GqOmJHQZivw?si=Z9uoyRurFlHaiwRs,Article link - click to view,,25,article,e3ee6d9a-37da-476f-b872-fb002d4f2a93
325,1,Curious Freaks Coding Sheet (50 Patterns DSA),curious-coding-sheet,15,Dynamic Programming,4,DP on subsequence,7,Maximum non adjacent subsequence,GeeksforGeeks,Medium,https://www.geeksforgeeks.org/problems/max-sum-without-adjacents2430/1?page=3&category=Dynamic%20Programming&sortBy=submissions,https://youtu.be/GrMBfJNk_NY?si=i1ZMM-MkZu3TUA4w,Article link - click to view,,25,article,ebf39879-3748-47d2-b907-3a09dee3cfb4
326,1,Curious Freaks Coding Sheet (50 Patterns DSA),curious-coding-sheet,15,Dynamic Programming,4,DP on subsequence,8,Coin change,GeeksforGeeks,Medium,https://www.geeksforgeeks.org/problems/coin-change2448/1?page=1&category=Dynamic%20Programming&sortBy=submissions,https://youtu.be/HgyouUi11zk?si=lHMMApBzC27_NrBU,Article link - click to view,,25,article,ebc365aa-1d83-45e8-a999-7b1198874640
327,1,Curious Freaks Coding Sheet (50 Patterns DSA),curious-coding-sheet,15,Dynamic Programming,4,DP on subsequence,9,Min number of coins,GeeksforGeeks,Medium,https://www.geeksforgeeks.org/problems/number-of-coins1824/1?page=2&category=Dynamic%20Programming&sortBy=submissions,https://youtu.be/myPeWb3Y68A?si=eeOZCGj3ebD3fay7,Article link - click to view,,25,article,ec324752-d648-4681-b073-93c7ca848b03
328,1,Curious Freaks Coding Sheet (50 Patterns DSA),curious-coding-sheet,15,Dynamic Programming,4,DP on subsequence,10,Rod cutting,GeeksforGeeks,Medium,https://www.geeksforgeeks.org/problems/rod-cutting0840/1?page=2&category=Dynamic%20Programming&status=solved&sortBy=submissions,https://youtu.be/mO8XpGoJwuo?si=qNYFr6yJNxqmw4ky,Article link - click to view,,25,article,b8254179-460c-49f3-a96a-60dd902e49d0
329,1,Curious Freaks Coding Sheet (50 Patterns DSA),curious-coding-sheet,15,Dynamic Programming,4,DP on subsequence,11,Target sum,LeetCode,Medium,https://leetcode.com/problems/target-sum,https://youtu.be/b3GD8263-PQ?si=x22ue_uHcCp3vLdu,Article link-click to view,,25,article,009925bf-f8c5-4154-99d0-38ddee11eb79
330,1,Curious Freaks Coding Sheet (50 Patterns DSA),curious-coding-sheet,15,Dynamic Programming,4,DP on subsequence,12,Minimum cost to fill given weight in bag,GeeksforGeeks,Medium,https://www.geeksforgeeks.org/problems/minimum-cost-to-fill-given-weight-in-a-bag1956/1?page=3&category=Dynamic%20Programming&status=solved&sortBy=submissions,Best Tutorial link - click to view,Article link-click to view,,25,article,94c13f70-de6f-4a47-8330-8a295a9191f7
331,1,Curious Freaks Coding Sheet (50 Patterns DSA),curious-coding-sheet,15,Dynamic Programming,4,DP on subsequence,13,Knapsack with duplication items,GeeksforGeeks,Medium,https://www.geeksforgeeks.org/problems/knapsack-with-duplicate-items4201/1?page=2&category=Dynamic%20Programming&sortBy=submissions,https://youtu.be/OgvOZ6OrJoY?si=dmmo3by1GELu0E6u,Article link - click to view,,25,article,55b50050-d6ed-4c35-a800-bd8909362365
332,1,Curious Freaks Coding Sheet (50 Patterns DSA),curious-coding-sheet,15,Dynamic Programming,5,DP on Increasing subsequence,1,Longest increasing subsequence,LeetCode,Medium,https://leetcode.com/problems/longest-increasing-subsequence/,https://youtu.be/ekcwMsSIzVc?si=8zc9o-Q9JBpR_rLs,Article link-click to view,,25,article,4be66126-62dd-4898-98ad-aa12864f3c28
333,1,Curious Freaks Coding Sheet (50 Patterns DSA),curious-coding-sheet,15,Dynamic Programming,5,DP on Increasing subsequence,2,Print longest increasing subsequence,YouTube,Medium,,https://youtu.be/IFfYfonAFGc?si=KQW5W74J8e_n_kXZ,Article link-click to view,,25,article,18fdf699-dc66-4d5c-878d-4f03a9c421dc
334,1,Curious Freaks Coding Sheet (50 Patterns DSA),curious-coding-sheet,15,Dynamic Programming,5,DP on Increasing subsequence,3,Longest bitonic subsequence,GeeksforGeeks,Medium,https://www.geeksforgeeks.org/problems/longest-bitonic-subsequence0824/1?page=4&category=Dynamic%20Programming&sortBy=submissions,Best Tutorial link - click to view,Article link-click to view,,25,article,60335609-53a0-45e0-b430-a38e963164a4
335,1,Curious Freaks Coding Sheet (50 Patterns DSA),curious-coding-sheet,15,Dynamic Programming,5,DP on Increasing subsequence,4,Longest divisible subset,LeetCode,Medium,https://leetcode.com/problems/largest-divisible-subset/,Best Tutorial link - click to view,Article link-click to view,,25,article,91c616e9-d0c7-48c5-afdc-70903017a660
336,1,Curious Freaks Coding Sheet (50 Patterns DSA),curious-coding-sheet,15,Dynamic Programming,5,DP on Increasing subsequence,5,Longest string chain,LeetCode,Medium,https://leetcode.com/problems/longest-string-chain/,https://youtu.be/YY8iBaYcc4g?si=SVp9w9fPBfUcqhqG,Article link-click to view,,25,article,d394f8f9-f02c-4803-9975-9376fc59897a
337,1,Curious Freaks Coding Sheet (50 Patterns DSA),curious-coding-sheet,15,Dynamic Programming,5,DP on Increasing subsequence,6,Num of longest increasing subsequence,LeetCode,Medium,https://leetcode.com/problems/number-of-longest-increasing-subsequence/,https://youtu.be/cKVl1TFdNXg?si=N8t9as5OGiHoVzrG,Article link-click to view,,25,article,d2b6f0d2-1631-4ff6-af25-7f034273f987
338,1,Curious Freaks Coding Sheet (50 Patterns DSA),curious-coding-sheet,15,Dynamic Programming,6,DP on strings,1,Longest common subsequence,GeeksforGeeks,Medium,https://www.geeksforgeeks.org/problems/longest-common-subsequence-1587115620/1?page=1&category=Dynamic%20Programming&sortBy=submissions,Best Tutorial link - click to view,Article link-click to view,,25,article,538dd59c-0d3f-4793-a522-91cacbb610fd
339,1,Curious Freaks Coding Sheet (50 Patterns DSA),curious-coding-sheet,15,Dynamic Programming,6,DP on strings,2,Print Longest common subsequence,GeeksforGeeks,Medium,https://www.geeksforgeeks.org/problems/print-all-lcs-sequences3413/1?page=7&category=Dynamic%20Programming&sortBy=submissions,Best Tutorial link - click to view,Article link-click to view,,25,article,af3e2da0-7d1a-4585-93d6-90275d5677c1
340,1,Curious Freaks Coding Sheet (50 Patterns DSA),curious-coding-sheet,15,Dynamic Programming,6,DP on strings,3,Longest palindromic subsequence,LeetCode,Medium,https://leetcode.com/problems/longest-palindromic-subsequence,https://youtu.be/6i_T5kkfv4A?si=7PcZQtgR9bGjBbl4,Article link-click to view,,25,article,3ad11d8b-8337-4e19-b7b3-4a2315911691
341,1,Curious Freaks Coding Sheet (50 Patterns DSA),curious-coding-sheet,15,Dynamic Programming,6,DP on strings,4,Form a palindrome with minimum insertions,LeetCode,Medium,https://leetcode.com/problems/minimum-insertion-steps-to-make-a-string-palindrome,https://youtu.be/xPBLEj41rFU?si=V9kn1IUGTx3DAlSJ,Article link-click to view,,25,article,c370176b-3d0e-46bc-a1f2-f54f8b82e2bf
342,1,Curious Freaks Coding Sheet (50 Patterns DSA),curious-coding-sheet,15,Dynamic Programming,6,DP on strings,5,Min num of deletions and insertions to make string s1 equal to s2,GeeksforGeeks,Medium,https://www.geeksforgeeks.org/problems/minimum-number-of-deletions-and-insertions0209/1?page=4&category=Dynamic%20Programming&sortBy=submissions,https://youtu.be/yMnH0jrir0Q?si=wz6fbYwdh8tJgOtr,Article link-click to view,,25,article,fb22d7a8-254a-4bb8-9dab-39a96a524dff
343,1,Curious Freaks Coding Sheet (50 Patterns DSA),curious-coding-sheet,15,Dynamic Programming,6,DP on strings,6,Shortest common supersequence,GeeksforGeeks,Medium,https://www.geeksforgeeks.org/problems/shortest-common-supersequence0322/1?page=2&category=Dynamic%20Programming&sortBy=submissions,https://youtu.be/xElxAuBcvsU?si=4dBiTvsaW1LiQ4Qm,Article link-click to view,,25,article,92d0f66a-8dd5-4a83-b7b6-e406b1cc9b0b
344,1,Curious Freaks Coding Sheet (50 Patterns DSA),curious-coding-sheet,15,Dynamic Programming,6,DP on strings,7,Longest common substring/subarray,GeeksforGeeks,Medium,https://www.geeksforgeeks.org/problems/longest-common-substring1452/1?page=1&category=Dynamic%20Programming&sortBy=submissions,https://youtu.be/_wP9mWNPL5w?si=XyPQqcffZg1cYk6z,Article link-click to view,,25,article,71f488a7-45c0-4574-9530-74e09db89ea7
345,1,Curious Freaks Coding Sheet (50 Patterns DSA),curious-coding-sheet,15,Dynamic Programming,6,DP on strings,8,Longest palindromic substring,GeeksforGeeks,Medium,https://www.geeksforgeeks.org/problems/longest-palindrome-in-a-string3411/1?page=1&category=Dynamic%20Programming&sortBy=submissions,https://youtu.be/UflHuQj6MVA?si=yUS26OPaaMqlvpcb,Article link-click to view,,25,article,c9127188-6443-452f-bd75-0c9861dd285d
346,1,Curious Freaks Coding Sheet (50 Patterns DSA),curious-coding-sheet,15,Dynamic Programming,6,DP on strings,9,Longest repeating subsequence,GeeksforGeeks,Medium,https://www.geeksforgeeks.org/problems/longest-repeating-subsequence2004/1?page=2&category=Dynamic%20Programming&status=solved&sortBy=submissions,https://youtu.be/ZqG89Z-dKpI?si=E5MPTzZgCWf45VvN,Article link-click to view,,25,article,8ef231ed-5b74-4edf-9a21-e4c8a2579ec4
347,1,Curious Freaks Coding Sheet (50 Patterns DSA),curious-coding-sheet,15,Dynamic Programming,7,DP on string,1,Edit distance,GeeksforGeeks,Medium,https://www.geeksforgeeks.org/problems/edit-distance3702/1?page=1&category=Dynamic%20Programming&sortBy=submissions,Best Tutorial link - click to view,Article link-click to view,,30,article,3b551dee-a7a7-4c0b-b4bb-e0761e99052e
348,1,Curious Freaks Coding Sheet (50 Patterns DSA),curious-coding-sheet,15,Dynamic Programming,7,DP on string,2,Distinct occurence,GeeksforGeeks,Medium,https://www.geeksforgeeks.org/problems/distinct-occurrences/1?page=3&category=Dynamic%20Programming&status=solved&sortBy=submissions,https://youtu.be/nVG7eTiD2bY?si=FMMLyM58YqKYxEjh,Article link-click to view,,25,article,1d560b2e-7893-4e8d-9114-43f95f5b88d1
349,1,Curious Freaks Coding Sheet (50 Patterns DSA),curious-coding-sheet,15,Dynamic Programming,7,DP on string,3,Wildcard pattern matching,GeeksforGeeks,Medium,https://www.geeksforgeeks.org/problems/wildcard-pattern-matching/1?page=4&category=Dynamic%20Programming&sortBy=submissions,https://youtu.be/ZmlQ3vgAOMo?si=aqw8ylH5x88-LlJs,Article link-click to view,,25,article,440b0818-3713-4690-b742-a1ec10a2f3d7
350,1,Curious Freaks Coding Sheet (50 Patterns DSA),curious-coding-sheet,15,Dynamic Programming,7,DP on string,4,Longest valid parentheses,GeeksforGeeks,Medium,https://www.geeksforgeeks.org/problems/longest-valid-parentheses5657/1?page=3&category=Dynamic%20Programming&sortBy=submissions,https://youtu.be/Sx9NNgInc3A?si=BVL4wXtCz9BgZLrL,Article link-click to view,,25,article,6a822ac8-dfe2-4eff-854b-ec6e9b24fa01
351,1,Curious Freaks Coding Sheet (50 Patterns DSA),curious-coding-sheet,15,Dynamic Programming,7,DP on string,5,Word break,GeeksforGeeks,Medium,https://www.geeksforgeeks.org/problems/word-break1352/1?page=3&category=Dynamic%20Programming&sortBy=submissions,https://youtu.be/Sx9NNgInc3A?si=Hmn5-egLse5GkvIx,Article link-click to view,,25,article,002576fe-cdec-420d-86d3-a09198e09479
352,1,Curious Freaks Coding Sheet (50 Patterns DSA),curious-coding-sheet,15,Dynamic Programming,7,DP on string,6,Word break II,GeeksforGeeks,Medium,https://www.geeksforgeeks.org/problems/word-break-part-23249/1?page=5&category=Dynamic%20Programming&sortBy=submissions,Best Tutorial link - click to view,Article link-click to view,,25,article,4a8153cb-dd2a-4325-a511-410c4516fab6
353,1,Curious Freaks Coding Sheet (50 Patterns DSA),curious-coding-sheet,15,Dynamic Programming,7,DP on string,7,Word wrap,GeeksforGeeks,Medium,https://www.geeksforgeeks.org/problems/word-wrap1646/1?page=4&category=Dynamic%20Programming&sortBy=submissions,https://youtu.be/aPdpJ_RjaXs?si=Ic_4lgafd2xh_odL,Article link-click to view,,25,article,bb204e25-cdcf-4bd6-a61e-b32c3aae5ef0
354,1,Curious Freaks Coding Sheet (50 Patterns DSA),curious-coding-sheet,15,Dynamic Programming,7,DP on string,8,Interleaved strings,GeeksforGeeks,Medium,https://www.geeksforgeeks.org/problems/interleaved-strings/1?page=3&category=Dynamic%20Programming&sortBy=submissions,https://youtu.be/3Rw3p9LrgvE?si=WDE8R_TrpBnzAeKL,Article link-click to view,,25,article,dd3504f0-60d6-4a8d-8e0f-58658324d811
355,1,Curious Freaks Coding Sheet (50 Patterns DSA),curious-coding-sheet,15,Dynamic Programming,8,DP on stocks,1,Best time to buy and sell stock,LeetCode,Medium,https://leetcode.com/problems/best-time-to-buy-and-sell-stock/,https://youtu.be/excAOvwF_Wk?si=e7EyG99KPKityBdF,Article link-click to view,,25,article,8a62e7b2-f613-458d-95af-5aef02377368
356,1,Curious Freaks Coding Sheet (50 Patterns DSA),curious-coding-sheet,15,Dynamic Programming,8,DP on stocks,2,Best time to buy and sell stock II,LeetCode,Medium,https://leetcode.com/problems/best-time-to-buy-and-sell-stock-ii/,Best Tutorial link - click to view,Article link-click to view,,25,article,ee3ea182-39dd-4c6f-b618-58cca42d2999
357,1,Curious Freaks Coding Sheet (50 Patterns DSA),curious-coding-sheet,15,Dynamic Programming,8,DP on stocks,3,Best time to buy and sell stock III,LeetCode,Medium,https://leetcode.com/problems/best-time-to-buy-and-sell-stock-iii/,https://youtu.be/-uQGzhYj8BQ?si=FDuxAlLnMWU9e21u,Article link-click to view,,25,article,27a312f3-9a32-4315-976d-60b8e995cd2f
358,1,Curious Freaks Coding Sheet (50 Patterns DSA),curious-coding-sheet,15,Dynamic Programming,8,DP on stocks,4,Best time to buy and sell stock IV,LeetCode,Medium,https://leetcode.com/problems/best-time-to-buy-and-sell-stock-iv/,https://youtu.be/IV1dHbk5CDc?si=TILc-BmsGoxTljr-,Article link-click to view,,25,article,595855bb-c522-4458-8611-4d5c7cacfe22
359,1,Curious Freaks Coding Sheet (50 Patterns DSA),curious-coding-sheet,15,Dynamic Programming,8,DP on stocks,5,Best time to buy and sell stock with cooldown,LeetCode,Medium,https://leetcode.com/problems/best-time-to-buy-and-sell-stock-with-cooldown/,https://youtu.be/IGIe46xw3YY?si=iUqI6GSSB8BugjDm,Article link-click to view,,25,article,7493afc7-1ff7-47f9-a86b-08ee35785184
360,1,Curious Freaks Coding Sheet (50 Patterns DSA),curious-coding-sheet,15,Dynamic Programming,8,DP on stocks,6,Best time to buy and sell stock with transaction fee,LeetCode,Medium,https://leetcode.com/problems/best-time-to-buy-and-sell-stock-with-transaction-fee/,https://youtu.be/k4eK-vEmnKg?si=wiaYE8Ioi-K-rSZ0,Article link-click to view,,25,article,94594367-8f58-4c05-9012-12fb8ec7cb6a
361,1,Curious Freaks Coding Sheet (50 Patterns DSA),curious-coding-sheet,15,Dynamic Programming,9,DP on partition and MCM,1,Matrix chain multiplication,GeeksforGeeks,Medium,https://www.geeksforgeeks.org/problems/matrix-chain-multiplication0303/1?page=2&category=Dynamic%20Programming&sortBy=submissions,Best Tutorial link - click to view,Article link-click to view,,30,article,83eced9d-c0d4-45e5-89b6-754661f462bb
362,1,Curious Freaks Coding Sheet (50 Patterns DSA),curious-coding-sheet,15,Dynamic Programming,9,DP on partition and MCM,2,Minimum cost to cut stick,LeetCode,Medium,https://leetcode.com/problems/minimum-cost-to-cut-a-stick/,https://youtu.be/xwomavsC86c?si=IufdXqTfIa1F0V6I,Article link-click to view,,25,article,dc5adb01-c708-4b74-bbb6-704d7ac7d6e1
363,1,Curious Freaks Coding Sheet (50 Patterns DSA),curious-coding-sheet,15,Dynamic Programming,9,DP on partition and MCM,3,Burst balloons,GeeksforGeeks,Medium,https://www.geeksforgeeks.org/problems/burst-balloons/1?page=8&category=Dynamic%20Programming&sortBy=submissions,https://youtu.be/Yz4LlDSlkns?si=d7mq5OJwAtvOBAz2,Article link-click to view,,25,article,dfcd5d6f-009c-46d3-8779-a8c545784205
364,1,Curious Freaks Coding Sheet (50 Patterns DSA),curious-coding-sheet,15,Dynamic Programming,9,DP on partition and MCM,4,Boolean Parenthesization,GeeksforGeeks,Medium,https://www.geeksforgeeks.org/problems/boolean-parenthesization5610/1?page=3&category=Dynamic%20Programming&sortBy=submissions,https://youtu.be/MM7fXopgyjw?si=qhNd2faXTK1r5x04,Article link-click to view,,25,article,4ffe0ce8-0e3b-4fff-b6b9-e86441a5f37d
365,1,Curious Freaks Coding Sheet (50 Patterns DSA),curious-coding-sheet,15,Dynamic Programming,9,DP on partition and MCM,5,Palindrom partitioning,GeeksforGeeks,Medium,https://www.geeksforgeeks.org/problems/palindromic-patitioning4845/1?page=2&category=Dynamic%20Programming&sortBy=submissions,https://youtu.be/_H8V5hJUGd0?si=Sxlz-OqRVMjbgwgu,Article link-click to view,,25,article,3f58d8d7-4e73-4c3e-9eff-0053d1b3772c
366,1,Curious Freaks Coding Sheet (50 Patterns DSA),curious-coding-sheet,15,Dynamic Programming,9,DP on partition and MCM,6,Partition array for max sum,LeetCode,Medium,https://leetcode.com/problems/partition-array-for-maximum-sum/,https://youtu.be/PhWWJmaKfMc?si=qNDjjLCux8ibRyu-,Article link-click to view,,25,article,52792783-f5e4-4c42-990a-f241cd884483
367,1,Curious Freaks Coding Sheet (50 Patterns DSA),curious-coding-sheet,15,Dynamic Programming,9,DP on partition and MCM,7,Max rectangles area with all 1s,GeeksforGeeks,Medium,https://www.geeksforgeeks.org/problems/max-rectangle/1?page=3&category=Dynamic%20Programming&sortBy=submissions,https://youtu.be/tOylVCugy9k?si=eDTgv7YFHqvrRGMe,Article link-click to view,,25,article,42b6afcb-e05a-42fa-b0ec-d0c18239f845
368,1,Curious Freaks Coding Sheet (50 Patterns DSA),curious-coding-sheet,15,Dynamic Programming,9,DP on partition and MCM,8,Count square submatrices,LeetCode,Medium,https://leetcode.com/problems/count-square-submatrices-with-all-ones/,https://youtu.be/auS1fynpnjo?si=iq5LsCojilevzhM4,Article link-click to view,,25,article,9afd9802-ba83-4536-b74c-b1c46349c3e3
369,1,Curious Freaks Coding Sheet (50 Patterns DSA),curious-coding-sheet,16,Heaps - Data structure,1,Basic patterns,1,What is heap? Understand the data structure,YouTube,Medium,,https://youtu.be/N0Frqx9UlrI?si=4iJkhpOo2ry9QwtQ,Article link-click to view,,15,article,c0fd6972-ae40-4f56-b36b-8840cbdad09a
370,1,Curious Freaks Coding Sheet (50 Patterns DSA),curious-coding-sheet,16,Heaps - Data structure,1,Basic patterns,2,Min heap implementation,YouTube,Medium,Min Heap Implementation - Coding Ninjas,https://youtu.be/cuL8gXCSA58?si=LkYy8KbCthuzly5l,Article link-click to view,,20,article,67ca69d3-3e8c-4db7-9c46-05bdc65817c9
371,1,Curious Freaks Coding Sheet (50 Patterns DSA),curious-coding-sheet,16,Heaps - Data structure,1,Basic patterns,3,Max heap implementation,YouTube,Medium,https://www.gatevidyalay.com/tag/max-heap-questions/,https://youtu.be/cuL8gXCSA58?si=uWFN4dlnEnzdzQtq,Article link-click to view,,20,article,fcb64e44-2a94-466c-974a-f75a731aaad7
372,1,Curious Freaks Coding Sheet (50 Patterns DSA),curious-coding-sheet,16,Heaps - Data structure,1,Basic patterns,4,Convert min heap to max heap,GeeksforGeeks,Medium,https://www.geeksforgeeks.org/problems/convert-min-heap-to-max-heap-1666385109/1,https://youtu.be/cuL8gXCSA58?si=eC60B9JXzRSI_yFt,Article link-click to view,,20,article,c3238cb5-113c-4d54-b843-f81756e9fcdb
373,1,Curious Freaks Coding Sheet (50 Patterns DSA),curious-coding-sheet,16,Heaps - Data structure,2,Top k pattern,1,kth largest in array,GeeksforGeeks,Medium,https://www.geeksforgeeks.org/problems/k-largest-elements4206/1?page=1&category=Heap&sortBy=submissions,https://youtu.be/aXJ-p3Qa4TY?si=eWjySsOqZUjCCwBP,Article link-click to view,,25,article,f4289f2b-986f-4cdc-b790-8c1f7a3c29a8
374,1,Curious Freaks Coding Sheet (50 Patterns DSA),curious-coding-sheet,16,Heaps - Data structure,2,Top k pattern,2,kth smallest in array,YouTube,Medium,,https://youtu.be/aXJ-p3Qa4TY?si=oPUFQfZaeFc3tOd_,Article link-click to view,,25,article,6fc44268-7039-45aa-a1d3-067782afbb29
375,1,Curious Freaks Coding Sheet (50 Patterns DSA),curious-coding-sheet,16,Heaps - Data structure,2,Top k pattern,3,Top k frequent elements,LeetCode,Medium,https://leetcode.com/problems/top-k-frequent-elements/,https://youtu.be/Wh3A29psE_Y?si=X6AP6AiuXpjrM79V,Article link-click to view,,25,article,7d4d7a7a-364d-4210-b61f-9e58c223229c
376,1,Curious Freaks Coding Sheet (50 Patterns DSA),curious-coding-sheet,16,Heaps - Data structure,2,Top k pattern,4,Top k frequent words,LeetCode,Medium,https://leetcode.com/problems/top-k-frequent-words,https://youtu.be/YPTqKIgVk-k?si=HGG49q2YPTg-ke_v,Article link-click to view,,25,article,e2484fd2-8f81-4ed4-87b8-502b2955ee36
377,1,Curious Freaks Coding Sheet (50 Patterns DSA),curious-coding-sheet,16,Heaps - Data structure,2,Top k pattern,5,Frequency sort,LeetCode,Medium,https://leetcode.com/problems/sort-characters-by-frequency/,https://youtu.be/vltY5jxqcco?si=ZHg-JUnHMX2FgvRM,Article link-click to view,,25,article,d04c1edb-27d2-445a-a39f-75c63dd10b5f
378,1,Curious Freaks Coding Sheet (50 Patterns DSA),curious-coding-sheet,16,Heaps - Data structure,2,Top k pattern,6,kth largest num in streams,GeeksforGeeks,Medium,https://www.geeksforgeeks.org/problems/kth-largest-element-in-a-stream2220/1?page=1&category=Heap&sortBy=submissions,https://youtu.be/hOjcdrqMoQ8?si=RklRakI8BwOIfYwb,Article link-click to view,,25,article,8e1f33c9-6bb0-4e46-b25e-a927f3d6f089
379,1,Curious Freaks Coding Sheet (50 Patterns DSA),curious-coding-sheet,16,Heaps - Data structure,2,Top k pattern,7,Reorganize string,LeetCode,Medium,https://leetcode.com/problems/reorganize-string/,https://youtu.be/2g_b1aYTHeg?si=yHEmKdbQDc-C-Li9,Article link-click to view,,25,article,f57bf90c-0832-4df9-89cf-2a671a7a9067
380,1,Curious Freaks Coding Sheet (50 Patterns DSA),curious-coding-sheet,16,Heaps - Data structure,2,Top k pattern,8,Reorganize string k distance apart,LeetCode,Medium,https://leetcode.com/problems/rearrange-string-k-distance-apart,https://www.youtube.com/live/C3YCL18cIHM?si=YPvoeHFRgzdCx35n,Article link-click to view,,25,article,0424a457-b69e-4bbd-a9ba-f6057f62d7a4
381,1,Curious Freaks Coding Sheet (50 Patterns DSA),curious-coding-sheet,16,Heaps - Data structure,2,Top k pattern,9,kth smallest sum of matrix,LeetCode,Medium,https://leetcode.com/problems/find-the-kth-smallest-sum-of-a-matrix-with-sorted-rows/,Best Tutorial link - click to view,Article link-click to view,,25,article,f63ae380-dac5-441c-a512-71957ec4ac6b
382,1,Curious Freaks Coding Sheet (50 Patterns DSA),curious-coding-sheet,16,Heaps - Data structure,2,Top k pattern,10,ugly num II,LeetCode,Medium,https://leetcode.com/problems/ugly-number-ii/,Best Tutorial link - click to view,Article link-click to view,,25,article,71f83296-d724-44ec-a724-a3aea054ae5b
383,1,Curious Freaks Coding Sheet (50 Patterns DSA),curious-coding-sheet,16,Heaps - Data structure,3,Merge k sorted pattern,1,Merge k sorted array,GeeksforGeeks,Medium,https://practice.geeksforgeeks.org/problems/merge-k-sorted-arrays/1,https://youtu.be/kpCesr9VXDA?si=UyD8orvz_UXvSQhl,Article link-click to view,,25,article,54c10332-de10-4003-9435-29cdc79691c8
384,1,Curious Freaks Coding Sheet (50 Patterns DSA),curious-coding-sheet,16,Heaps - Data structure,3,Merge k sorted pattern,2,k pairs with smallest sum,LeetCode,Medium,https://leetcode.com/problems/find-k-pairs-with-smallest-sums/,Best Tutorial link - click to view,Article link-click to view,,25,article,18d0c115-8efa-4927-a029-09ac983c224f
385,1,Curious Freaks Coding Sheet (50 Patterns DSA),curious-coding-sheet,16,Heaps - Data structure,3,Merge k sorted pattern,3,k smallest nums in M sorted list,LeetCode,Medium,https://leetcode.com/problems/kth-smallest-element-in-a-sorted-matrix/,Best Tutorial link - click to view,Article link-click to view,,25,article,da7293c7-d269-4f48-96de-fb088599534f
386,1,Curious Freaks Coding Sheet (50 Patterns DSA),curious-coding-sheet,16,Heaps - Data structure,4,Two heaps pattern,1,Find median from data stream,GeeksforGeeks,Medium,https://www.geeksforgeeks.org/problems/find-median-in-a-stream-1587115620/1?page=1&category=Heap&sortBy=submissions,https://youtu.be/itmhHWaHupI?si=kOhqNsy0u87ew1gQ,Article link-click to view,,25,article,905f52ce-f50e-404a-967a-c860104804ae
387,1,Curious Freaks Coding Sheet (50 Patterns DSA),curious-coding-sheet,16,Heaps - Data structure,4,Two heaps pattern,2,Sliding window median,LeetCode,Medium,https://leetcode.com/problems/sliding-window-median/,https://youtu.be/DfljaUwZsOk?si=ATC7K2_3a6QPXdsS,Article link-click to view,,25,article,1d63e4e7-ef3e-4c7b-b252-9235a447f013
388,1,Curious Freaks Coding Sheet (50 Patterns DSA),curious-coding-sheet,16,Heaps - Data structure,4,Two heaps pattern,3,Maximum capital/IPO,LeetCode,Medium,https://leetcode.com/problems/ipo/,Best Tutorial link - click to view,Article link-click to view,,25,article,d61ba55b-b8a9-46cb-9ca1-ca9c5c111b59
389,1,Curious Freaks Coding Sheet (50 Patterns DSA),curious-coding-sheet,16,Heaps - Data structure,5,Minimum number pattern,1,Minimum cost to connect ropes,GeeksforGeeks,Medium,https://practice.geeksforgeeks.org/problems/minimum-cost-of-ropes-1587115620/1,https://youtu.be/f7JOBJIC-NA?si=qACVSM1NauAdTfmG,Article link-click to view,,25,article,74a5ac3f-3580-49cf-a00b-bf1c3c57b11f
390,1,Curious Freaks Coding Sheet (50 Patterns DSA),curious-coding-sheet,16,Heaps - Data structure,5,Minimum number pattern,2,Meeting room II,LeetCode,Medium,https://leetcode.com/problems/meeting-rooms-ii,https://youtu.be/FdzJmTCVyJU?si=I_7q86O10M1_5nTy,Article link-click to view,,25,article,d0f19146-180c-48d7-b664-71f627c7c45d
391,1,Curious Freaks Coding Sheet (50 Patterns DSA),curious-coding-sheet,16,Heaps - Data structure,5,Minimum number pattern,3,Minimum cost to hire k workers,LeetCode,Medium,https://leetcode.com/problems/minimum-cost-to-hire-k-workers/,https://youtu.be/IbhQ3U5NHLI?si=PSp_XzWTzv4wQ57W,Article link-click to view,,25,article,84eaa763-852c-4b84-b066-5f6b3eb7996b
392,1,Curious Freaks Coding Sheet (50 Patterns DSA),curious-coding-sheet,16,Heaps - Data structure,5,Minimum number pattern,4,Minimum num of CPU,LeetCode,Medium,https://leetcode.com/problems/task-scheduler/,Best Tutorial link - click to view,Article link-click to view,,25,article,92ef1a9b-3499-4a4d-bcbe-8c2ed053256e
393,1,Curious Freaks Coding Sheet (50 Patterns DSA),curious-coding-sheet,16,Heaps - Data structure,5,Minimum number pattern,5,Minimum num of refueling stops,LeetCode,Medium,https://leetcode.com/problems/minimum-number-of-refueling-stops/,https://youtu.be/sKjKLN5JswQ?si=kF07TsHuwP_jmuzh,Article link-click to view,,25,article,bbf11c32-017e-423d-9ff8-802cdb7a9fee
394,1,Curious Freaks Coding Sheet (50 Patterns DSA),curious-coding-sheet,17,Trie - Data structure,1,Basic must solve,1,Implement trie,LeetCode,Medium,https://leetcode.com/problems/implement-trie-prefix-tree/,Best Tutorial link - click to view,Article link-click to view,,25,article,866f2e96-d366-47b8-97a8-98278fffc444
395,1,Curious Freaks Coding Sheet (50 Patterns DSA),curious-coding-sheet,17,Trie - Data structure,1,Basic must solve,2,Search suggestions system,LeetCode,Medium,https://leetcode.com/problems/search-suggestions-system/,Best Tutorial link - click to view,Article link-click to view,,25,article,d4dfacca-7542-4c96-8b0f-f0cc33754ee0
396,1,Curious Freaks Coding Sheet (50 Patterns DSA),curious-coding-sheet,17,Trie - Data structure,1,Basic must solve,3,Replace words,LeetCode,Medium,https://leetcode.com/problems/replace-words/,Best Tutorial link - click to view,Article link-click to view,,25,article,079e6cb1-d48d-4318-ae5f-b1a1db678261
397,1,Curious Freaks Coding Sheet (50 Patterns DSA),curious-coding-sheet,17,Trie - Data structure,1,Basic must solve,4,Design add and search words,LeetCode,Medium,https://leetcode.com/problems/design-add-and-search-words-data-structure/,Best Tutorial link - click to view,Article link-click to view,,25,article,52472ce3-83f8-49dd-ba82-888586e7dfef
398,1,Curious Freaks Coding Sheet (50 Patterns DSA),curious-coding-sheet,17,Trie - Data structure,1,Basic must solve,5,Word search II,LeetCode,Medium,https://leetcode.com/problems/word-search-ii/,Best Tutorial link - click to view,Article link-click to view,,25,article,7e3f76e1-8dc2-46aa-93d3-735774bcfe76
399,1,Curious Freaks Coding Sheet (50 Patterns DSA),curious-coding-sheet,17,Trie - Data structure,1,Basic must solve,6,Stream of characters,LeetCode,Medium,https://leetcode.com/problems/stream-of-characters/,Best Tutorial link - click to view,Article link-click to view,,25,article,cf75bcf5-e314-4977-8b55-1df1abddeded
400,1,Curious Freaks Coding Sheet (50 Patterns DSA),curious-coding-sheet,18,String,1,Must solve and Algos specific to string,1,Implement Atoi,GeeksforGeeks,Medium,https://www.geeksforgeeks.org/problems/implement-atoi/1,https://youtu.be/2I9XO8jwZCA?si=ldC-gp4Wv4Gra1z7,Article link-click to view,,25,article,3f8a4bc2-af60-463f-a469-566796c058e7
401,1,Curious Freaks Coding Sheet (50 Patterns DSA),curious-coding-sheet,18,String,1,Must solve and Algos specific to string,2,Count and say,LeetCode,Medium,https://leetcode.com/problems/count-and-say/,Best Tutorial link - click to view,Article link-click to view,,25,article,d392c373-29fd-4cd4-af4a-ac165e6a85dc
402,1,Curious Freaks Coding Sheet (50 Patterns DSA),curious-coding-sheet,18,String,1,Must solve and Algos specific to string,3,Minimum bracket reversals,GeeksforGeeks,Medium,https://www.geeksforgeeks.org/problems/count-the-reversals0401/1?itm_source=geeksforgeeks&itm_medium=Article&itm_campaign=bottom_sticky_on_Article,https://youtu.be/8q1sma-qMsA?si=22qpLT56elmIfBgl,Article link-click to view,,25,article,4057916a-94e2-4af4-9738-dd224eccee02
403,1,Curious Freaks Coding Sheet (50 Patterns DSA),curious-coding-sheet,18,String,1,Must solve and Algos specific to string,4,Rabin karp algo,GeeksforGeeks,Medium,https://practice.geeksforgeeks.org/problems/search-pattern-rabin-karp-algorithm--141631/1,Best Tutorial link - click to view,Article link-click to view,,30,article,4d462039-0869-4c5d-a111-871357142aae
404,1,Curious Freaks Coding Sheet (50 Patterns DSA),curious-coding-sheet,18,String,1,Must solve and Algos specific to string,5,Boyer moor algo,Coding Ninjas,Medium,https://www.codingninjas.com/studio/problems/boyer-moore-algorithm-for-pattern-searching_1115634,Best Tutorial link - click to view,Article link-click to view,,25,article,ac404039-a65b-4f78-997f-2df807e1d84a
405,1,Curious Freaks Coding Sheet (50 Patterns DSA),curious-coding-sheet,18,String,1,Must solve and Algos specific to string,6,KMP algo,GeeksforGeeks,Medium,https://practice.geeksforgeeks.org/problems/longest-prefix-suffix2527/1,Best Tutorial link - click to view,Article link-click to view,,30,article,d9631dcb-328e-4871-82f4-393886076329
406,1,Curious Freaks Coding Sheet (50 Patterns DSA),curious-coding-sheet,18,String,1,Must solve and Algos specific to string,7,Longest happy prefix,GeeksforGeeks,Medium,https://www.geeksforgeeks.org/longest-prefix-also-suffix/,Best Tutorial link - click to view,Article link-click to view,,25,article,2244e5f4-e58b-42ae-80f8-2353a139243d
407,1,Curious Freaks Coding Sheet (50 Patterns DSA),curious-coding-sheet,18,String,1,Must solve and Algos specific to string,8,Remove all adjacent duplicates,LeetCode,Medium,https://leetcode.com/problems/remove-all-adjacent-duplicates-in-string/,https://youtu.be/w6LcypDgC4w?si=q2BwgPUVgXvVBs5K,Article link-click to view,,25,article,162df4bf-1023-41ed-b0ad-3db70916a4e6
408,1,Curious Freaks Coding Sheet (50 Patterns DSA),curious-coding-sheet,18,String,1,Must solve and Algos specific to string,9,Hashing in strings,GeeksforGeeks,Medium,https://www.geeksforgeeks.org/practice-problems-on-hashing/,https://youtu.be/KEs5UyBJ39g?si=9hG4JdZkDb_a1sju,Article link-click to view,,25,article,dcddcc7e-f7a2-4b9a-b00f-7675c0382a70
409,1,Curious Freaks Coding Sheet (50 Patterns DSA),curious-coding-sheet,18,String,1,Must solve and Algos specific to string,10,Print all anagrams,LeetCode,Medium,https://leetcode.com/problems/group-anagrams/,https://youtu.be/vzdNOK2oB2E?si=jgGJngudIz4L_4oP,Article link-click to view,,25,article,5dbcf81e-1087-4410-9e8a-1de04ed64590
410,1,Curious Freaks Coding Sheet (50 Patterns DSA),curious-coding-sheet,18,String,1,Must solve and Algos specific to string,11,Z - Function,GeeksforGeeks,Medium,https://practice.geeksforgeeks.org/problems/search-pattern-z-algorithm--141631/1,https://www.youtube.com/live/-1qq3hekxBw?si=zOa8LDear3iIsWRl,Article link-click to view,,25,article,da7cfb3c-694a-4077-9a11-37a4c6d58412
411,1,Curious Freaks Coding Sheet (50 Patterns DSA),curious-coding-sheet,18,String,1,Must solve and Algos specific to string,12,Shortest palindrome,YouTube,Medium,Shortest Palindrome - LeetCode,https://youtu.be/xPBLEj41rFU?si=04dcB7ymKkMft7VE,Article link-click to view,,25,article,35404060-6e22-4aba-a521-ddcac3b194ca
412,1,Curious Freaks Coding Sheet (50 Patterns DSA),curious-coding-sheet,18,String,1,Must solve and Algos specific to string,13,Circle of strings,GeeksforGeeks,Medium,https://www.geeksforgeeks.org/problems/circle-of-strings4530/1,https://youtu.be/DBcbRXAlE0U?si=Nm16p-kL_VVEuAAY,Article link-click to view,,25,article,41c4e0c4-12be-45ca-836a-1ff3f23650ef
413,1,Curious Freaks Coding Sheet (50 Patterns DSA),curious-coding-sheet,18,String,1,Must solve and Algos specific to string,14,Roman numerals to decimals,GeeksforGeeks,Medium,https://www.geeksforgeeks.org/problems/roman-number-to-integer3201/1?itm_source=geeksforgeeks&itm_medium=Article&itm_campaign=bottom_sticky_on_Article,https://youtu.be/dlATMslQ6Uc?si=ImmwMRmjbHD-umKR,Article link-click to view,,25,article,54fba7dc-f389-4b83-9078-77b6c1fd8b2b
414,2,Aptitude Cheat Sheet (Placement Aptitude),aptitude-cheatsheet,1,Average,1,Finding Average of Numbers,1,Average of Divisible Numbers,Interactive Quiz (GrindGram),Easy,,,"Explanation: Numbers divisible by 6 between 6 and 50 are: 6, 12, 18, 24, 30, 36, 42, 48. Sum = 216, Count = 8. Average = 216/8 = 27.",https://youtu.be/rhSxQ4ieAYc?si=UTkOg0zYu2ooT5Gx,10,quiz,bb5e4ed3-2d1b-42c3-a8e4-fec18455bd23
415,2,Aptitude Cheat Sheet (Placement Aptitude),aptitude-cheatsheet,1,Average,1,Finding Average of Numbers,2,Finding Sixth Number,Interactive Quiz (GrindGram),Medium,,,Explanation: Sum of 13 numbers = 13 × 40 = 520. Sum of first 7 = 7 × 35 = 245. Sum of last 7 = 7 × 46 = 322. Seventh number = 245 + 322 - 520 = 57.,https://youtu.be/rhSxQ4ieAYc?si=UTkOg0zYu2ooT5Gx,15,quiz,2a6606eb-4b61-49f6-8fae-39c05913f537
416,2,Aptitude Cheat Sheet (Placement Aptitude),aptitude-cheatsheet,1,Average,1,Finding Average of Numbers,3,Finding Middle Number,Interactive Quiz (GrindGram),Medium,,,Explanation: Sum of 17 numbers = 17 × 20 = 340. Sum of first 6 = 6 × 18 = 108. Sum of last 10 = 10 × 22 = 220. The 7th number = 340 - 108 - 220 = 12.,https://youtu.be/rhSxQ4ieAYc?si=UTkOg0zYu2ooT5Gx,15,quiz,daf406d3-74b3-4ab1-9877-55e61ef7760f
417,2,Aptitude Cheat Sheet (Placement Aptitude),aptitude-cheatsheet,1,Average,1,Finding Average of Numbers,4,Consecutive Even Numbers,Interactive Quiz (GrindGram),Medium,,,"Explanation: Let the numbers be x, x+2, x+4, x+6, x+8. Average = (5x + 20)/5 = 31. So 5x + 20 = 155, thus x = 27. The largest number = x+8 = 35.",https://youtu.be/rhSxQ4ieAYc?si=UTkOg0zYu2ooT5Gx,15,quiz,50d1cee1-29a9-4db3-a2ec-87bb67c6b63d
418,2,Aptitude Cheat Sheet (Placement Aptitude),aptitude-cheatsheet,1,Average,2,Average Across Multiple Groups,1,Two Batches Average Weight,Interactive Quiz (GrindGram),Medium,,,Explanation: Total weight of batch A = 36 × 40 = 1440 kg. Total weight of batch B = 44 × 35 = 1540 kg. Total weight = 1440 + 1540 = 2980 kg. Total students = 36 + ,https://youtu.be/rhSxQ4ieAYc?si=UTkOg0zYu2ooT5Gx,15,quiz,55a73a9f-4697-4646-8030-0e6320765b4c
419,2,Aptitude Cheat Sheet (Placement Aptitude),aptitude-cheatsheet,1,Average,2,Average Across Multiple Groups,2,Three Batches Average Marks,Interactive Quiz (GrindGram),Medium,,,Explanation: Total marks of batch 1 = 40 × 45 = 1800. Total marks of batch 2 = 50 × 55 = 2750. Total marks of batch 3 = 60 × 70 = 4200. Total marks = 1800 + 2750 +,https://youtu.be/rhSxQ4ieAYc?si=UTkOg0zYu2ooT5Gx,15,quiz,f55d3e5b-24a3-48dd-80a7-ff66de0a3c23
420,2,Aptitude Cheat Sheet (Placement Aptitude),aptitude-cheatsheet,1,Average,2,Average Across Multiple Groups,3,Age Groups Average,Interactive Quiz (GrindGram),Medium,,,Explanation: Total age of group 1 = 25 × 28 = 700. Total age of group 2 = 35 × 35 = 1225. Total age of group 3 = 20 × 45 = 900. Total age = 700 + 1225 + 900 = 2825,https://youtu.be/rhSxQ4ieAYc?si=UTkOg0zYu2ooT5Gx,15,quiz,91918d98-e993-4a13-87cb-c4177c5292ba
421,2,Aptitude Cheat Sheet (Placement Aptitude),aptitude-cheatsheet,1,Average,2,Average Across Multiple Groups,4,Multiple Classes Average,Interactive Quiz (GrindGram),Medium,,,Explanation: Total height of Class 1 = 30 × 150 = 4500 cm. Total height of Class 2 = 25 × 155 = 3875 cm. Total height of Class 3 = 35 × 160 = 5600 cm. Total height,https://youtu.be/rhSxQ4ieAYc?si=UTkOg0zYu2ooT5Gx,15,quiz,227b125a-a017-472e-806b-8bb0c1de6e73
422,2,Aptitude Cheat Sheet (Placement Aptitude),aptitude-cheatsheet,1,Average,3,Average After Adding or Replacing Entry,1,Teacher Age Inclusion,Interactive Quiz (GrindGram),Medium,,,Explanation: Original total age = 29 × 20 = 580 years. New average = 20 + 0.25 = 20.25 years. New total age = 30 × 20.25 = 607.5 years. Teacher's age = 607.5 - 580,https://youtu.be/rhSxQ4ieAYc?si=UTkOg0zYu2ooT5Gx,15,quiz,95279d5e-6924-4959-9ed3-d46ce1f25f9b
423,2,Aptitude Cheat Sheet (Placement Aptitude),aptitude-cheatsheet,1,Average,3,Average After Adding or Replacing Entry,2,Baby Age Calculation,Interactive Quiz (GrindGram),Medium,,,"Explanation: 2 years ago: Total age = 5 × 16 = 80 years. Today: Total age = 80 + (5 × 2) = 90 years. New average = 90/6 = 15 years. But average remains 16, so tota",https://youtu.be/rhSxQ4ieAYc?si=UTkOg0zYu2ooT5Gx,15,quiz,d8aa246c-ee53-495c-97b5-185e48aff625
424,2,Aptitude Cheat Sheet (Placement Aptitude),aptitude-cheatsheet,1,Average,3,Average After Adding or Replacing Entry,3,New Student Joining,Interactive Quiz (GrindGram),Medium,,,Explanation: Original total marks = 24 × 72 = 1728. New total marks = 25 × 74 = 1850. New student's marks = 1850 - 1728 = 122.,https://youtu.be/rhSxQ4ieAYc?si=UTkOg0zYu2ooT5Gx,15,quiz,a9242f03-3b27-4c2f-8584-2aa3837ef181
425,2,Aptitude Cheat Sheet (Placement Aptitude),aptitude-cheatsheet,1,Average,3,Average After Adding or Replacing Entry,4,Student Replacement,Interactive Quiz (GrindGram),Medium,,,Explanation: Original total weight = 15 × 50 = 750 kg. New total weight = 15 × 52 = 780 kg. Difference = 780 - 750 = 30 kg. Weight of new student = 45 + 30 = 75 kg,https://youtu.be/rhSxQ4ieAYc?si=UTkOg0zYu2ooT5Gx,15,quiz,a1cb8b83-5af2-4360-90b1-1c70c37f867a
426,2,Aptitude Cheat Sheet (Placement Aptitude),aptitude-cheatsheet,1,Average,4,Average When Entry is Incorrect,1,Wrong Entry Increases Average,Interactive Quiz (GrindGram),Medium,,,Explanation: Difference in marks = 83 - 63 = 20. Let original average be A and number of students be n. Wrong total = n × A + 20. New average = A + 0.5. So n × (A ,https://youtu.be/rhSxQ4ieAYc?si=UTkOg0zYu2ooT5Gx,15,quiz,af8a4a39-3e57-4aa3-8bb9-b10288249ffc
427,2,Aptitude Cheat Sheet (Placement Aptitude),aptitude-cheatsheet,1,Average,4,Average When Entry is Incorrect,2,Wrong Observation Correction,Interactive Quiz (GrindGram),Medium,,,Explanation: Original total = 40 × 46 = 1840. Difference = 38 - 33 = 5. Corrected total = 1840 + 5 = 1845. Corrected mean = 1845/40 = 46.125 ≈ 46.12.,https://youtu.be/rhSxQ4ieAYc?si=UTkOg0zYu2ooT5Gx,15,quiz,8c6446fc-8ba2-473e-b01f-a92482c9d271
428,2,Aptitude Cheat Sheet (Placement Aptitude),aptitude-cheatsheet,1,Average,4,Average When Entry is Incorrect,3,Wrong Entry Decreases Average,Interactive Quiz (GrindGram),Medium,,,Explanation: Difference = 95 - 75 = 20. Let original average be A. Wrong total = 25A - 20. New average = A - 0.8. So 25(A - 0.8) = 25A - 20. This gives 25A - 20 = ,https://youtu.be/rhSxQ4ieAYc?si=UTkOg0zYu2ooT5Gx,15,quiz,8f103c34-6429-468e-8583-c56cb02d2387
429,2,Aptitude Cheat Sheet (Placement Aptitude),aptitude-cheatsheet,1,Average,4,Average When Entry is Incorrect,4,Multiple Wrong Entries,Interactive Quiz (GrindGram),Medium,,,Explanation: Original total = 30 × 45 = 1350. First correction: 52 - 25 = +27. Second correction: 38 - 35 = +3. Total correction = +30. Corrected total = 1350 + 30,https://youtu.be/rhSxQ4ieAYc?si=UTkOg0zYu2ooT5Gx,15,quiz,a1cb971d-2952-4d25-bb61-c141bc208ba4
430,2,Aptitude Cheat Sheet (Placement Aptitude),aptitude-cheatsheet,1,Average,5,Calculating Average Speed,1,Round Trip Average Speed,Interactive Quiz (GrindGram),Medium,,,Explanation: Total distance = 60 + 60 = 120 km. Time for going = 60/20 = 3 hours. Time for returning = 60/30 = 2 hours. Total time = 3 + 2 = 5 hours. Average speed,https://youtu.be/rhSxQ4ieAYc?si=UTkOg0zYu2ooT5Gx,15,quiz,b6fa8013-3741-48d4-a05f-2f64c14520da
431,2,Aptitude Cheat Sheet (Placement Aptitude),aptitude-cheatsheet,1,Average,5,Calculating Average Speed,2,Train Stoppage Time,Interactive Quiz (GrindGram),Hard,,,Explanation: Let stoppage time be x minutes per hour. Running time = 60 - x minutes = (60-x)/60 hours. Distance covered = 41 × (60-x)/60 km. Average speed = 27 km/,https://youtu.be/rhSxQ4ieAYc?si=UTkOg0zYu2ooT5Gx,20,quiz,e1b9c823-e133-40a6-a727-30f19e2d92ca
432,2,Aptitude Cheat Sheet (Placement Aptitude),aptitude-cheatsheet,1,Average,5,Calculating Average Speed,3,Different Speeds Different Distances,Interactive Quiz (GrindGram),Medium,,,Explanation: Total distance = 120 + 80 + 100 = 300 km. Time for first part = 120/60 = 2 hours. Time for second part = 80/40 = 2 hours. Time for third part = 100/50,https://youtu.be/rhSxQ4ieAYc?si=UTkOg0zYu2ooT5Gx,15,quiz,fcd4bd78-c320-45b5-8549-7db3ebd759be
433,2,Aptitude Cheat Sheet (Placement Aptitude),aptitude-cheatsheet,1,Average,5,Calculating Average Speed,4,Average Speed Time Constraint,Interactive Quiz (GrindGram),Medium,,,Explanation: Let distance be d km. Time to go = d/25 hours. Time to return = d/15 hours. Total time = d/25 + d/15 = 4. LCM of 25 and 15 is 75. So (3d + 5d)/75 = 4.,https://youtu.be/rhSxQ4ieAYc?si=UTkOg0zYu2ooT5Gx,15,quiz,4f339ae9-a0f0-4269-9a13-9abcce38132b
434,2,Aptitude Cheat Sheet (Placement Aptitude),aptitude-cheatsheet,1,Average,6,Cricket Scores and Innings Average,1,Batsman Average After Inning,Interactive Quiz (GrindGram),Medium,,,Explanation: Let original average be A. After 15 innings: total runs = 15A. After 16 innings: total runs = 15A + 80. New average = A + 3. So (15A + 80)/16 = A + 3.,https://youtu.be/rhSxQ4ieAYc?si=UTkOg0zYu2ooT5Gx,15,quiz,ce4fba02-b470-4d08-99ca-aace0f5a3020
435,2,Aptitude Cheat Sheet (Placement Aptitude),aptitude-cheatsheet,1,Average,6,Cricket Scores and Innings Average,2,Team Average With New Player,Interactive Quiz (GrindGram),Medium,,,"Explanation: Total runs of 6 players = 6X. New total = 6X + 112. New average = X + 10. So (6X + 112)/7 = X + 10. Solving: 6X + 112 = 7X + 70, so X = 42.",https://youtu.be/rhSxQ4ieAYc?si=UTkOg0zYu2ooT5Gx,15,quiz,38e7a131-c046-4a3e-9ffb-b6e33034f023
436,2,Aptitude Cheat Sheet (Placement Aptitude),aptitude-cheatsheet,1,Average,6,Cricket Scores and Innings Average,3,Bowler Average After Wickets,Interactive Quiz (GrindGram),Medium,,,Explanation: Total runs given for 18 wickets = 18 × 25 = 450. New total runs = 450 + 30 = 480. New total wickets = 18 + 2 = 20. New average = 480/20 = 24.0.,https://youtu.be/rhSxQ4ieAYc?si=UTkOg0zYu2ooT5Gx,15,quiz,c5bf2540-eafa-41b4-940d-921dd0633390
437,2,Aptitude Cheat Sheet (Placement Aptitude),aptitude-cheatsheet,1,Average,6,Cricket Scores and Innings Average,4,Team Batting Average Comparison,Interactive Quiz (GrindGram),Medium,,,Explanation: Team A total = 160 runs. Team B needs minimum 161 runs. Team B total from 5 players = 5 × 28 = 140. Minimum score by 6th player = 161 - 140 = 21 runs.,https://youtu.be/rhSxQ4ieAYc?si=UTkOg0zYu2ooT5Gx,15,quiz,98d67a44-2d1e-4526-a410-5c004e170e2f
438,2,Aptitude Cheat Sheet (Placement Aptitude),aptitude-cheatsheet,2,Time & Distance,1,Relative Speed in Same or Opposite Directions,1,Meeting Time with Different Start Times,Interactive Quiz (GrindGram),Medium,,,Explanation: First rider travels for 1 hour before second starts: Distance covered = 25 km. Remaining distance = 275 - 25 = 250 km. Relative speed (opposite direct,https://youtu.be/jzNxXm5twx4?si=V6J3w4aEabXTnGv1,15,quiz,3f0175d9-7f69-4b4c-b65d-068cbfe85ade
439,2,Aptitude Cheat Sheet (Placement Aptitude),aptitude-cheatsheet,2,Time & Distance,1,Relative Speed in Same or Opposite Directions,2,Relative Speed in Same Direction,Interactive Quiz (GrindGram),Medium,,,Explanation: Relative speed (same direction) = 60 - 48 = 12 km/hr = 12 × (5/18) = 3.33 m/s. Total distance to cover = 120 + 180 = 300 m. Time = 300/3.33 = 90 secon,https://youtu.be/jzNxXm5twx4?si=V6J3w4aEabXTnGv1,15,quiz,e1b3ddff-7114-48a6-8745-3cf314ad7bf5
440,2,Aptitude Cheat Sheet (Placement Aptitude),aptitude-cheatsheet,2,Time & Distance,1,Relative Speed in Same or Opposite Directions,3,Relative Speed in Opposite Direction,Interactive Quiz (GrindGram),Easy,,,Explanation: Relative speed (opposite direction) = 55 + 50 = 105 km/hr. Time to meet = Distance/Relative Speed = 420/105 = 4 hours.,https://youtu.be/jzNxXm5twx4?si=V6J3w4aEabXTnGv1,10,quiz,652a3457-bb06-4964-aaa1-ee66f1c2e597
441,2,Aptitude Cheat Sheet (Placement Aptitude),aptitude-cheatsheet,2,Time & Distance,1,Relative Speed in Same or Opposite Directions,4,Overtaking Time Calculation,Interactive Quiz (GrindGram),Medium,,,"Explanation: In 30 minutes (0.5 hours), first cyclist covers = 20 × 0.5 = 10 km. Relative speed = 25 - 20 = 5 km/hr. Time to cover 10 km = 10/5 = 2 hours.",https://youtu.be/jzNxXm5twx4?si=V6J3w4aEabXTnGv1,15,quiz,734017ba-e2d1-47e8-984e-c09da36d704e
442,2,Aptitude Cheat Sheet (Placement Aptitude),aptitude-cheatsheet,2,Time & Distance,2,"Finding Time, Speed, or Distance",1,Time Calculation from Distance and Speed,Interactive Quiz (GrindGram),Easy,,,Explanation: Speed = 30 km/hr = 30 × (1000/3600) = 8.33 m/s. Distance = 500 m. Time = Distance/Speed = 500/8.33 = 60 seconds.,https://youtu.be/jzNxXm5twx4?si=V6J3w4aEabXTnGv1,10,quiz,79a3bf5e-11b0-4b7a-a25d-cd92adc6371c
443,2,Aptitude Cheat Sheet (Placement Aptitude),aptitude-cheatsheet,2,Time & Distance,2,"Finding Time, Speed, or Distance",2,Speed Calculation from Distance and Time,Interactive Quiz (GrindGram),Medium,,,Explanation: Distance = 800 m = 0.8 km. Time = 4 min 20 sec = 4.33 min = 4.33/60 hours = 0.072 hours. Speed = Distance/Time = 0.8/0.072 = 11.11 km/hr ≈ 11.05 km/hr,https://youtu.be/jzNxXm5twx4?si=V6J3w4aEabXTnGv1,15,quiz,6eed0df0-f4a0-4d88-94cf-8b14b26cde1a
444,2,Aptitude Cheat Sheet (Placement Aptitude),aptitude-cheatsheet,2,Time & Distance,2,"Finding Time, Speed, or Distance",3,Distance Calculation from Speed and Time,Interactive Quiz (GrindGram),Easy,,,Explanation: Speed = 6 km/hr = 6000 m/hr. Time = 15 minutes = 0.25 hours. Distance = Speed × Time = 6 × 0.25 = 1.5 km = 1500 m.,https://youtu.be/jzNxXm5twx4?si=V6J3w4aEabXTnGv1,10,quiz,e4e0b141-5b44-4e96-b637-e0fb0fb6390b
445,2,Aptitude Cheat Sheet (Placement Aptitude),aptitude-cheatsheet,2,Time & Distance,2,"Finding Time, Speed, or Distance",4,Mixed Units Conversion,Interactive Quiz (GrindGram),Medium,,,"Explanation: Distance = 120 km = 120,000 m. Time = 1.5 hours = 1.5 × 3600 = 5400 seconds. Speed = 120,000/5400 = 22.22 m/s.",https://youtu.be/jzNxXm5twx4?si=V6J3w4aEabXTnGv1,15,quiz,b242316a-0db2-450d-8cb7-227b3c902b39
446,2,Aptitude Cheat Sheet (Placement Aptitude),aptitude-cheatsheet,2,Time & Distance,3,Speed When Moving in Opposite Directions,1,Finding Speed After Meeting,Interactive Quiz (GrindGram),Medium,,,"Explanation: When two people meet while moving in opposite directions, the ratio of speeds is inversely proportional to the square root of the time taken. Speed ra",https://youtu.be/jzNxXm5twx4?si=V6J3w4aEabXTnGv1,15,quiz,ec811efe-86a7-4b30-8eb2-2d61e4c1ad04
447,2,Aptitude Cheat Sheet (Placement Aptitude),aptitude-cheatsheet,2,Time & Distance,3,Speed When Moving in Opposite Directions,2,Ratio of Speeds After Crossing,Interactive Quiz (GrindGram),Medium,,,"Explanation: When two objects meet, ratio of speeds = √(t2/t1), where t1 and t2 are times taken to reach destinations after meeting. Speed ratio = √(16/4) = √4 = 2",https://youtu.be/jzNxXm5twx4?si=V6J3w4aEabXTnGv1,15,quiz,f40c7db0-0b1a-498e-9242-5fa85bfe6878
448,2,Aptitude Cheat Sheet (Placement Aptitude),aptitude-cheatsheet,2,Time & Distance,3,Speed When Moving in Opposite Directions,3,Time to Meet When Moving in Opposite Directions,Interactive Quiz (GrindGram),Easy,,,Explanation: Relative speed = 80 + 70 = 150 km/hr. Time to meet = 300/150 = 2 hours. Distance from A = 80 × 2 = 160 km.,https://youtu.be/jzNxXm5twx4?si=V6J3w4aEabXTnGv1,10,quiz,5dde6e85-b0e5-48af-845e-d844566b40fc
449,2,Aptitude Cheat Sheet (Placement Aptitude),aptitude-cheatsheet,2,Time & Distance,3,Speed When Moving in Opposite Directions,4,Speed Calculation with Post-Meeting Times,Interactive Quiz (GrindGram),Medium,,,"Explanation: Using the formula: Speed1/Speed2 = √(t2/t1). So Speed1/36 = √(4/9) = 2/3. Therefore, Speed1 = 36 × (2/3) = 24 km/hr.",https://youtu.be/jzNxXm5twx4?si=V6J3w4aEabXTnGv1,15,quiz,1ffb609c-9e4e-47a8-986f-ae1835139b3d
450,2,Aptitude Cheat Sheet (Placement Aptitude),aptitude-cheatsheet,2,Time & Distance,4,Average Speed with Variable Speeds,1,Average Speed with Equal Distance Segments,Interactive Quiz (GrindGram),Medium,,,"Explanation: Average Speed = Total Distance / Total Time. Total Distance = 1000 km. Time for each segment: T1 = 200/200 = 1 hr, T2 = 200/400 = 0.5 hr, T3 = 200/600",https://youtu.be/jzNxXm5twx4?si=V6J3w4aEabXTnGv1,15,quiz,01b83758-659e-4de3-a377-c569c1bf8dae
451,2,Aptitude Cheat Sheet (Placement Aptitude),aptitude-cheatsheet,2,Time & Distance,4,Average Speed with Variable Speeds,2,Average Speed with Different Time Segments,Interactive Quiz (GrindGram),Easy,,,Explanation: Distance in first 4 hours = 80 × 4 = 320 miles. Distance in next 6 hours = 30 × 6 = 180 miles. Total Distance = 320 + 180 = 500 miles. Total Time = 4 ,https://youtu.be/jzNxXm5twx4?si=V6J3w4aEabXTnGv1,10,quiz,0b3de067-b807-475c-b2cc-c7b821a0d8e0
452,2,Aptitude Cheat Sheet (Placement Aptitude),aptitude-cheatsheet,2,Time & Distance,4,Average Speed with Variable Speeds,3,Average Speed for Half Journey at Different Speeds,Interactive Quiz (GrindGram),Medium,,,"Explanation: For equal distances at two different speeds, Average Speed = (2 × S1 × S2) / (S1 + S2). Average Speed = (2 × 40 × 60) / (40 + 60) = 4800/100 = 48 km/h",https://youtu.be/jzNxXm5twx4?si=V6J3w4aEabXTnGv1,15,quiz,501fbc4a-2c1b-49a8-9106-3c1a0e11698e
453,2,Aptitude Cheat Sheet (Placement Aptitude),aptitude-cheatsheet,2,Time & Distance,4,Average Speed with Variable Speeds,4,Average Speed for Three Equal Distance Segments,Interactive Quiz (GrindGram),Medium,,,Explanation: Let total distance = 60 km (LCM of distances). Each segment = 20 km. Time for first segment = 20/20 = 1 hr. Time for second segment = 20/30 = 0.67 hr.,https://youtu.be/jzNxXm5twx4?si=V6J3w4aEabXTnGv1,15,quiz,81522348-b596-413e-b893-dbf4cf4db518
454,2,Aptitude Cheat Sheet (Placement Aptitude),aptitude-cheatsheet,3,Time & Work,1,Work Completion by Groups,1,"Men, Days, Hours, and Work Variation",Interactive Quiz (GrindGram),Medium,,,"Explanation: Using the formula: (M1 × D1 × H1) / W1 = (M2 × D2 × H2) / W2. Given: M1=6, D1=7, H1=7, W1=12, M2=14, H2=9, W2=18. Find D2. (6 × 7 × 7) / 12 = (14 × D2",https://youtu.be/KE7tQf9spPg?si=k3LuchZaUejK6xSW,15,quiz,5a1d998c-f385-40f7-a16a-849e5172e8da
455,2,Aptitude Cheat Sheet (Placement Aptitude),aptitude-cheatsheet,3,Time & Work,1,Work Completion by Groups,2,Men and Boys Combined Work,Interactive Quiz (GrindGram),Hard,,,"Explanation: Let work done by 1 man in 1 day = m, and by 1 boy = b. From given: (4m + 5b) × 20 = 1 work, so 4m + 5b = 1/20. Similarly, (5m + 4b) × 16 = 1, so 5m + ",https://youtu.be/KE7tQf9spPg?si=k3LuchZaUejK6xSW,20,quiz,81727892-510b-44a6-b79c-12a9b91b1070
456,2,Aptitude Cheat Sheet (Placement Aptitude),aptitude-cheatsheet,3,Time & Work,1,Work Completion by Groups,3,Variable Working Hours Problem,Interactive Quiz (GrindGram),Easy,,,"Explanation: Using formula: M1 × D1 × H1 = M2 × D2 × H2 (for same work). Given: M1=10, D1=8, H1=6, D2=4, H2=8. Find M2. 10 × 8 × 6 = M2 × 4 × 8. 480 = 32 × M2. M2 ",https://youtu.be/KE7tQf9spPg?si=k3LuchZaUejK6xSW,10,quiz,9c4bae2b-b0d2-48ae-9a00-f45acd191f3e
457,2,Aptitude Cheat Sheet (Placement Aptitude),aptitude-cheatsheet,3,Time & Work,1,Work Completion by Groups,4,Multiple Variables Work Problem,Interactive Quiz (GrindGram),Medium,,,"Explanation: Using: (M1 × D1 × H1) / W1 = (M2 × D2 × H2) / W2. Given: M1=8, D1=10, H1=5, W1=3, M2=12, H2=8, W2=6. Find D2. (8 × 10 × 5) / 3 = (12 × D2 × 8) / 6. 40",https://youtu.be/KE7tQf9spPg?si=k3LuchZaUejK6xSW,15,quiz,760e1a2f-6d21-47b8-ac6d-0af303757be1
458,2,Aptitude Cheat Sheet (Placement Aptitude),aptitude-cheatsheet,3,Time & Work,2,Combined Work Efficiency,1,Two Workers Combined Efficiency,Interactive Quiz (GrindGram),Easy,,,Explanation: Reema's one day work = 1/12. Seema's one day work = 1/18. Combined work in one day = 1/12 + 1/18 = 3/36 + 2/36 = 5/36. Time to complete work together ,https://youtu.be/KE7tQf9spPg?si=k3LuchZaUejK6xSW,10,quiz,58e40c02-e8f3-4f53-8aea-9cb5cbec0866
459,2,Aptitude Cheat Sheet (Placement Aptitude),aptitude-cheatsheet,3,Time & Work,2,Combined Work Efficiency,2,Three Workers Combined Efficiency,Interactive Quiz (GrindGram),Medium,,,"Explanation: A's one day work = 1/3, B's one day work = 1/5, C's one day work = 1/10. Combined work in one day = 1/3 + 1/5 + 1/10 = 10/30 + 6/30 + 3/30 = 19/30. Ti",https://youtu.be/KE7tQf9spPg?si=k3LuchZaUejK6xSW,15,quiz,ad103770-f166-4d17-adf7-72f9826987fa
460,2,Aptitude Cheat Sheet (Placement Aptitude),aptitude-cheatsheet,3,Time & Work,2,Combined Work Efficiency,3,Combined Work with Different Efficiencies,Interactive Quiz (GrindGram),Easy,,,"Explanation: X's one day work = 1/20, Y's one day work = 1/30. Combined work = 1/20 + 1/30 = 3/60 + 2/60 = 5/60 = 1/12. Time to complete = 12 days.",https://youtu.be/KE7tQf9spPg?si=k3LuchZaUejK6xSW,10,quiz,b81bf151-32de-4336-a006-4ebf1fe81dba
461,2,Aptitude Cheat Sheet (Placement Aptitude),aptitude-cheatsheet,3,Time & Work,2,Combined Work Efficiency,4,Four Workers Combined Efficiency,Interactive Quiz (GrindGram),Medium,,,"Explanation: P's one day work = 1/10, Q's = 1/12, R's = 1/15, S's = 1/20. LCM of 10, 12, 15, 20 = 60. Combined work = 6/60 + 5/60 + 4/60 + 3/60 = 18/60 = 3/10. Tim",https://youtu.be/KE7tQf9spPg?si=k3LuchZaUejK6xSW,15,quiz,380a6ab0-1bdd-4bdc-b3ba-ff14d61d758b
462,2,Aptitude Cheat Sheet (Placement Aptitude),aptitude-cheatsheet,3,Time & Work,3,Finding Individual Worker Time,1,Finding Individual Time from Combined Work,Interactive Quiz (GrindGram),Easy,,,"Explanation: P1 and P2 together complete work in 3 days, so their combined one day work = 1/3. P1's one day work = 1/12. P2's one day work = 1/3 - 1/12 = 4/12 - 1/",https://youtu.be/KE7tQf9spPg?si=k3LuchZaUejK6xSW,10,quiz,6a860463-390a-424d-b8ab-667dcbdf3ac5
463,2,Aptitude Cheat Sheet (Placement Aptitude),aptitude-cheatsheet,3,Time & Work,3,Finding Individual Worker Time,2,Finding Combined Time from Multiple Combinations,Interactive Quiz (GrindGram),Hard,,,"Explanation: A+B in one day = 1/6, B+C in one day = 1/10, A+B+C in one day = 1/4. Adding first two: (A+B) + (B+C) = 1/6 + 1/10 = 8/30 = 4/15, which gives 2A + 2B +",https://youtu.be/KE7tQf9spPg?si=k3LuchZaUejK6xSW,20,quiz,6a2c50ff-07cb-4eb0-9721-06240bf94cf4
464,2,Aptitude Cheat Sheet (Placement Aptitude),aptitude-cheatsheet,3,Time & Work,3,Finding Individual Worker Time,3,Individual Time from Two Combinations,Interactive Quiz (GrindGram),Easy,,,"Explanation: X+Y together in one day = 1/8. X alone in one day = 1/12. Y alone in one day = 1/8 - 1/12 = 3/24 - 2/24 = 1/24. Therefore, Y alone takes 24 days.",https://youtu.be/KE7tQf9spPg?si=k3LuchZaUejK6xSW,10,quiz,56a547d3-b38a-48a2-8e20-9a4766ddf075
465,2,Aptitude Cheat Sheet (Placement Aptitude),aptitude-cheatsheet,3,Time & Work,3,Finding Individual Worker Time,4,Multiple Worker Combinations Analysis,Interactive Quiz (GrindGram),Medium,,,"Explanation: P+Q in one day = 1/12, Q+R in one day = 1/15, R+P in one day = 1/20. Adding all: 2(P+Q+R) = 1/12 + 1/15 + 1/20 = 5/60 + 4/60 + 3/60 = 12/60 = 1/5. So ",https://youtu.be/KE7tQf9spPg?si=k3LuchZaUejK6xSW,15,quiz,db545feb-f11e-4b01-b588-eed18a5dddc5
466,2,Aptitude Cheat Sheet (Placement Aptitude),aptitude-cheatsheet,3,Time & Work,4,Workers with Different Efficiency Levels,1,Combined Time with Efficiency Ratio and Time Difference,Interactive Quiz (GrindGram),Medium,,,"Explanation: If Pooja is twice as efficient, the ratio of time taken is inverse: Pooja:Aarti = 1:2. Let Pooja take x days, then Aarti takes 2x days. Given: 2x - x ",https://youtu.be/KE7tQf9spPg?si=k3LuchZaUejK6xSW,15,quiz,33f3ab98-6db4-435c-ae88-4f9178c55bcd
467,2,Aptitude Cheat Sheet (Placement Aptitude),aptitude-cheatsheet,3,Time & Work,4,Workers with Different Efficiency Levels,2,Individual Time with Efficiency and Combined Time,Interactive Quiz (GrindGram),Medium,,,"Explanation: If Monika is twice as good, efficiency ratio Monika:Sonika = 2:1. Let Monika take x days, then Sonika takes 2x days. Combined: 1/x + 1/(2x) = 1/20. So",https://youtu.be/KE7tQf9spPg?si=k3LuchZaUejK6xSW,15,quiz,ea5f7942-1c7e-4c93-956f-34b38dedba45
468,2,Aptitude Cheat Sheet (Placement Aptitude),aptitude-cheatsheet,3,Time & Work,4,Workers with Different Efficiency Levels,3,Three Times Efficient Worker,Interactive Quiz (GrindGram),Medium,,,"Explanation: If A is 3 times efficient, time ratio A:B = 1:3. Let A take x days, B takes 3x days. Given: 3x - x = 40, so 2x = 40, x = 20 days (A) and 3x = 60 days ",https://youtu.be/KE7tQf9spPg?si=k3LuchZaUejK6xSW,15,quiz,86c7cad0-7a36-474c-97ce-58252bc01018
469,2,Aptitude Cheat Sheet (Placement Aptitude),aptitude-cheatsheet,3,Time & Work,4,Workers with Different Efficiency Levels,4,Half Efficient Worker Problem,Interactive Quiz (GrindGram),Medium,,,"Explanation: If X is half as efficient as Y, efficiency ratio X:Y = 1:2. Let Y take y days, then X takes 2y days. Combined: 1/(2y) + 1/y = 1/18. Solving: (1 + 2)/(",https://youtu.be/KE7tQf9spPg?si=k3LuchZaUejK6xSW,15,quiz,4264f856-c376-476c-94f3-2ddcdd8975cb
470,2,Aptitude Cheat Sheet (Placement Aptitude),aptitude-cheatsheet,4,HCF & LCM,1,HCF and LCM of Composite Numbers,1,Finding HCF of Three Numbers,Interactive Quiz (GrindGram),Medium,,,"Explanation: Prime factorization: 513 = 3³ × 19 = 27 × 19, 1134 = 2 × 3⁴ × 7 = 2 × 81 × 7, 1215 = 3⁵ × 5 = 243 × 5. Wait, let me recalculate: 513 = 3 × 171 = 3 × 3",https://youtu.be/xyyejJYeILM?si=srPPzXFCleXhcEZy,15,quiz,b5f4751b-56ad-4867-a010-b8a19f905fcd
471,2,Aptitude Cheat Sheet (Placement Aptitude),aptitude-cheatsheet,4,HCF & LCM,1,HCF and LCM of Composite Numbers,2,Finding LCM of Multiple Numbers,Interactive Quiz (GrindGram),Easy,,,"Explanation: The least number divisible by all given numbers is their LCM. Prime factorization: 12 = 2² × 3, 15 = 3 × 5, 20 = 2² × 5. LCM = 2² × 3 × 5 = 4 × 3 × 5 ",https://youtu.be/xyyejJYeILM?si=srPPzXFCleXhcEZy,10,quiz,876cef7f-0f0c-4ad8-98ac-c9e1db590a60
472,2,Aptitude Cheat Sheet (Placement Aptitude),aptitude-cheatsheet,4,HCF & LCM,1,HCF and LCM of Composite Numbers,3,Largest n-Digit Number Divisible by Given Numbers,Interactive Quiz (GrindGram),Medium,,,"Explanation: First find LCM of 12, 15, 18. Prime factorization: 12 = 2² × 3, 15 = 3 × 5, 18 = 2 × 3². LCM = 2² × 3² × 5 = 4 × 9 × 5 = 180. Largest 4-digit number =",https://youtu.be/xyyejJYeILM?si=srPPzXFCleXhcEZy,15,quiz,381316b1-0987-4571-8d45-e36c679977c8
473,2,Aptitude Cheat Sheet (Placement Aptitude),aptitude-cheatsheet,4,HCF & LCM,1,HCF and LCM of Composite Numbers,4,Finding HCF of Two Numbers,Interactive Quiz (GrindGram),Easy,,,"Explanation: Prime factorization: 144 = 2⁴ × 3² = 16 × 9, 180 = 2² × 3² × 5 = 4 × 9 × 5. Common factors: 2² × 3² = 4 × 9 = 36. HCF = 36.",https://youtu.be/xyyejJYeILM?si=srPPzXFCleXhcEZy,10,quiz,8e5eff33-a803-4e54-9ac2-7da70060f867
474,2,Aptitude Cheat Sheet (Placement Aptitude),aptitude-cheatsheet,4,HCF & LCM,2,HCF and LCM of Decimals and Fractions,1,Finding HCF of Decimal Numbers,Interactive Quiz (GrindGram),Medium,,,"Explanation: For decimals, convert to fractions: 0.63 = 63/100, 1.05 = 105/100. HCF of decimals = HCF of numerators / LCM of denominators. Both have same denominat",https://youtu.be/xyyejJYeILM?si=srPPzXFCleXhcEZy,15,quiz,060b75d3-b812-4da6-a97c-2021f1daa542
475,2,Aptitude Cheat Sheet (Placement Aptitude),aptitude-cheatsheet,4,HCF & LCM,2,HCF and LCM of Decimals and Fractions,2,Finding LCM of Decimal Numbers,Interactive Quiz (GrindGram),Medium,,,"Explanation: Convert to fractions: 1.05 = 105/100 = 21/20, 2.1 = 21/10. LCM of fractions = LCM of numerators / HCF of denominators. LCM(21, 21) = 21, HCF(20, 10) =",https://youtu.be/xyyejJYeILM?si=srPPzXFCleXhcEZy,15,quiz,95419ff6-6410-44df-b421-f2f5c481f307
476,2,Aptitude Cheat Sheet (Placement Aptitude),aptitude-cheatsheet,4,HCF & LCM,2,HCF and LCM of Decimals and Fractions,3,Finding HCF of Fractions,Interactive Quiz (GrindGram),Medium,,,"Explanation: HCF of fractions = HCF of numerators / LCM of denominators. Numerators: 2, 16, 8. HCF(2, 16, 8) = 2. Denominators: 3, 81, 9. LCM(3, 81, 9): 3 = 3, 81 ",https://youtu.be/xyyejJYeILM?si=srPPzXFCleXhcEZy,15,quiz,7d050ab7-b4fe-4274-8226-8aeb183ab10b
477,2,Aptitude Cheat Sheet (Placement Aptitude),aptitude-cheatsheet,4,HCF & LCM,2,HCF and LCM of Decimals and Fractions,4,Finding LCM of Fractions,Interactive Quiz (GrindGram),Hard,,,"Explanation: LCM of fractions = LCM of numerators / HCF of denominators. Numerators: 2, 8, 64, 10. Prime factorizations: 2 = 2, 8 = 2³, 64 = 2⁶, 10 = 2 × 5. LCM = ",https://youtu.be/xyyejJYeILM?si=srPPzXFCleXhcEZy,20,quiz,0c8fa090-514b-4352-8b4f-ab892a69aa17
478,2,Aptitude Cheat Sheet (Placement Aptitude),aptitude-cheatsheet,4,HCF & LCM,3,Finding Numbers from HCF and LCM,1,Finding Numbers from HCF and Ratio,Interactive Quiz (GrindGram),Easy,,,"Explanation: If HCF = 13 and ratio = 15:11, then numbers can be written as 13×15 and 13×11 (multiply HCF with ratio terms). First number = 13 × 15 = 195. Second nu",https://youtu.be/xyyejJYeILM?si=srPPzXFCleXhcEZy,10,quiz,c9985687-b7bd-4ee2-8270-5de21c0fe0ae
479,2,Aptitude Cheat Sheet (Placement Aptitude),aptitude-cheatsheet,4,HCF & LCM,3,Finding Numbers from HCF and LCM,2,Finding Number from Product and HCF,Interactive Quiz (GrindGram),Medium,,,Explanation: Let numbers be 37a and 37b where a and b are co-prime. Product = 37a × 37b = 37² × a × b = 4107. So a × b = 4107/1369 = 3. Since a and b are co-prime ,https://youtu.be/xyyejJYeILM?si=srPPzXFCleXhcEZy,15,quiz,31c3e924-3b2d-4a69-a0ea-e21a6c2c497e
480,2,Aptitude Cheat Sheet (Placement Aptitude),aptitude-cheatsheet,4,HCF & LCM,3,Finding Numbers from HCF and LCM,3,Finding Sum from HCF and LCM,Interactive Quiz (GrindGram),Hard,,,"Explanation: Let numbers be 29a and 29b where a and b are co-prime. LCM = 29 × a × b = 4147. So a × b = 4147/29 = 143 = 11 × 13. Since a and b are co-prime, they m",https://youtu.be/xyyejJYeILM?si=srPPzXFCleXhcEZy,20,quiz,1525c3be-2be0-49ca-aaed-b1a6e6349870
481,2,Aptitude Cheat Sheet (Placement Aptitude),aptitude-cheatsheet,4,HCF & LCM,3,Finding Numbers from HCF and LCM,4,Finding Numbers from Product of HCF and LCM,Interactive Quiz (GrindGram),Easy,,,Explanation: Using the formula: Product of two numbers = HCF × LCM. Let the other number be x. 84 × x = 12 × 336 = 4032. x = 4032/84 = 48.,https://youtu.be/xyyejJYeILM?si=srPPzXFCleXhcEZy,10,quiz,fd25ae54-a6ed-4083-a435-9f930fee1d92
482,2,Aptitude Cheat Sheet (Placement Aptitude),aptitude-cheatsheet,4,HCF & LCM,4,Real-World HCF and LCM Applications,1,Traffic Lights Synchronization,Interactive Quiz (GrindGram),Medium,,,"Explanation: They will change together again after LCM(40, 72, 108) seconds. Prime factorizations: 40=2³×5, 72=2³×3², 108=2²×3³. LCM = 2³×3³×5 = 8×27×5 = 1080 seco",https://youtu.be/xyyejJYeILM?si=srPPzXFCleXhcEZy,15,quiz,885449fc-ec9c-4131-bdaf-3b4fc343f070
483,2,Aptitude Cheat Sheet (Placement Aptitude),aptitude-cheatsheet,4,HCF & LCM,4,Real-World HCF and LCM Applications,2,Paving with Square Tiles,Interactive Quiz (GrindGram),Medium,,,"Explanation: For largest square tile, find HCF of dimensions in same unit. Length = 4.55 m = 455 cm, Width = 5.25 m = 525 cm. HCF(455, 525): 455 = 5×91 = 5×7×13, 5",https://youtu.be/xyyejJYeILM?si=srPPzXFCleXhcEZy,15,quiz,d553334d-9700-4c97-be7c-da60977fd0a8
484,2,Aptitude Cheat Sheet (Placement Aptitude),aptitude-cheatsheet,4,HCF & LCM,4,Real-World HCF and LCM Applications,3,Bells Tolling Together,Interactive Quiz (GrindGram),Medium,,,"Explanation: Bells toll together at LCM intervals. LCM(2, 4, 6, 8, 10): Prime factorizations: 2=2, 4=2², 6=2×3, 8=2³, 10=2×5. LCM = 2³×3×5 = 120 seconds = 2 minute",https://youtu.be/xyyejJYeILM?si=srPPzXFCleXhcEZy,15,quiz,2c404140-b510-4936-b305-163afed2b7fa
485,2,Aptitude Cheat Sheet (Placement Aptitude),aptitude-cheatsheet,4,HCF & LCM,4,Real-World HCF and LCM Applications,4,Circular Track Meeting Point,Interactive Quiz (GrindGram),Easy,,,"Explanation: They will meet at starting point after LCM of their lap times. LCM(250, 300, 150): Prime factorizations: 250=2×5³, 300=2²×3×5², 150=2×3×5². LCM = 2²×3",https://youtu.be/xyyejJYeILM?si=srPPzXFCleXhcEZy,10,quiz,585c7dff-8ec0-47f5-beb7-cb2241f022aa
486,2,Aptitude Cheat Sheet (Placement Aptitude),aptitude-cheatsheet,4,HCF & LCM,5,Numbers with Specific Remainders,1,Greatest Number Leaving Specific Remainders,Interactive Quiz (GrindGram),Medium,,,"Explanation: When a number leaves remainder r on dividing N, it means the number divides (N-r) exactly. So we need greatest number that divides both (1657-6)=1651 ",https://youtu.be/xyyejJYeILM?si=srPPzXFCleXhcEZy,15,quiz,78fcc4a1-9290-43e6-9523-e1b901578a7e
487,2,Aptitude Cheat Sheet (Placement Aptitude),aptitude-cheatsheet,4,HCF & LCM,5,Numbers with Specific Remainders,2,Least Number Leaving Same Remainder,Interactive Quiz (GrindGram),Medium,,,"Explanation: If a number leaves remainder 8 when divided by each of 12, 15, 20, 54, then (number - 8) is exactly divisible by all these numbers. So (number - 8) = ",https://youtu.be/xyyejJYeILM?si=srPPzXFCleXhcEZy,15,quiz,5d57c358-7f54-4c41-9d7a-037678b09f13
488,2,Aptitude Cheat Sheet (Placement Aptitude),aptitude-cheatsheet,4,HCF & LCM,5,Numbers with Specific Remainders,3,Number with Different Remainder Conditions,Interactive Quiz (GrindGram),Hard,,,"Explanation: Number leaves remainder 3 when divided by 5, 6, 7, 8. So (number - 3) is divisible by LCM(5,6,7,8). Prime factorizations: 5=5, 6=2×3, 7=7, 8=2³. LCM =",https://youtu.be/xyyejJYeILM?si=srPPzXFCleXhcEZy,20,quiz,75236485-4245-42be-9feb-da735c7b8b15
489,2,Aptitude Cheat Sheet (Placement Aptitude),aptitude-cheatsheet,4,HCF & LCM,5,Numbers with Specific Remainders,4,Least Number with Mixed Remainder Pattern,Interactive Quiz (GrindGram),Medium,,,"Explanation: If number leaves remainder 1 when divided by 6, 7, 8, 9, 12, then (number - 1) is exactly divisible by all. So (number - 1) = LCM(6, 7, 8, 9, 12). Pri",https://youtu.be/xyyejJYeILM?si=srPPzXFCleXhcEZy,15,quiz,570b9dbc-8ef2-4979-a12f-1e39952c4113
490,2,Aptitude Cheat Sheet (Placement Aptitude),aptitude-cheatsheet,5,Train,1,Train Crossing Person Moving Opposite,1,Time to Cross Person Running Opposite,Interactive Quiz (GrindGram),Medium,,,"Explanation: When moving in opposite directions, relative speed = Speed of train + Speed of person = 62 + 20 = 82 km/hr = 82 × (5/18) = 22.78 m/s. Time = Train len",https://youtu.be/78b4Jn4rw44?si=CsmAwn9h3f51ko6J,15,quiz,fe384360-cf13-4ef6-a0f0-95dfd6609a40
491,2,Aptitude Cheat Sheet (Placement Aptitude),aptitude-cheatsheet,5,Train,1,Train Crossing Person Moving Opposite,2,Finding Train Length Using Relative Speed,Interactive Quiz (GrindGram),Hard,,,"Explanation: Relative speed when moving opposite = Train speed + Boy speed = 50 km/hr. This means Train speed = 50 - 20 = 30 km/hr. When boy is at rest, train cros",https://youtu.be/78b4Jn4rw44?si=CsmAwn9h3f51ko6J,20,quiz,f14148fe-45bd-4d56-811d-95c79803392c
492,2,Aptitude Cheat Sheet (Placement Aptitude),aptitude-cheatsheet,5,Train,1,Train Crossing Person Moving Opposite,3,Train Crossing Runner in Opposite Direction,Interactive Quiz (GrindGram),Easy,,,Explanation: Opposite direction: Relative speed = 72 + 8 = 80 km/hr = 80 × (5/18) = 22.22 m/s. Time = 150 / 22.22 = 6.75 seconds.,https://youtu.be/78b4Jn4rw44?si=CsmAwn9h3f51ko6J,10,quiz,19d70c6b-0de4-47cc-a93c-cf808fee3dfb
493,2,Aptitude Cheat Sheet (Placement Aptitude),aptitude-cheatsheet,5,Train,1,Train Crossing Person Moving Opposite,4,Finding Person Speed from Relative Speed,Interactive Quiz (GrindGram),Medium,,,Explanation: Relative speed = Distance/Time = 240/12 = 20 m/s = 20 × (18/5) = 72 km/hr. Since moving in opposite directions: Train speed + Person speed = Relative ,https://youtu.be/78b4Jn4rw44?si=CsmAwn9h3f51ko6J,15,quiz,78669c18-fef5-48f6-be3d-e47b12e63426
494,2,Aptitude Cheat Sheet (Placement Aptitude),aptitude-cheatsheet,5,Train,2,Train Crossing a Platform,1,Time to Cross Platform,Interactive Quiz (GrindGram),Easy,,,"Explanation: To cross platform, train must cover (train length + platform length). Total distance = 100 + 150 = 250 m. Speed = 60 km/hr = 60 × (5/18) = 16.67 m/s. ",https://youtu.be/78b4Jn4rw44?si=CsmAwn9h3f51ko6J,10,quiz,1aa01f7d-e0df-487a-8efc-8b16d9de7719
495,2,Aptitude Cheat Sheet (Placement Aptitude),aptitude-cheatsheet,5,Train,2,Train Crossing a Platform,2,Finding Train and Platform Length,Interactive Quiz (GrindGram),Hard,,,Explanation: Relative speed w.r.t. man = 50 - 7 = 43 km/hr = 43 × (5/18) = 11.94 m/s. Train length (L1) = Relative speed × Time = 11.94 × 15 = 179.1 m. To cross pl,https://youtu.be/78b4Jn4rw44?si=CsmAwn9h3f51ko6J,20,quiz,10a4f7b3-1872-4631-8992-e4cc98c7d135
496,2,Aptitude Cheat Sheet (Placement Aptitude),aptitude-cheatsheet,5,Train,2,Train Crossing a Platform,3,Finding Platform Length,Interactive Quiz (GrindGram),Medium,,,Explanation: Speed = 72 km/hr = 72 × (5/18) = 20 m/s. Total distance = Speed × Time = 20 × 26 = 520 m. This is (Train length + Platform length). Platform length = ,https://youtu.be/78b4Jn4rw44?si=CsmAwn9h3f51ko6J,15,quiz,236ba833-1f54-4568-acc9-ed99d45d54f6
497,2,Aptitude Cheat Sheet (Placement Aptitude),aptitude-cheatsheet,5,Train,2,Train Crossing a Platform,4,Time Comparison for Different Platforms,Interactive Quiz (GrindGram),Medium,,,Explanation: First find speed: Distance for first platform = 150 + 200 = 350 m. Speed = 350/20 = 17.5 m/s. For second platform: Distance = 150 + 300 = 450 m. Time ,https://youtu.be/78b4Jn4rw44?si=CsmAwn9h3f51ko6J,15,quiz,fb360320-ed97-4334-bc9b-a9957ebdef35
498,2,Aptitude Cheat Sheet (Placement Aptitude),aptitude-cheatsheet,5,Train,3,Train Crossing a Stationary Object,1,Time to Cross Stationary Object,Interactive Quiz (GrindGram),Easy,,,"Explanation: To cross a stationary object (like a pole or signal), the train must cover its own length. Speed = 70 km/hr = 70 × (5/18) = 19.44 m/s. Time = Distance",https://youtu.be/78b4Jn4rw44?si=CsmAwn9h3f51ko6J,10,quiz,19b898c1-8bb8-46a8-b266-874760bd292f
499,2,Aptitude Cheat Sheet (Placement Aptitude),aptitude-cheatsheet,5,Train,3,Train Crossing a Stationary Object,2,Finding Length of Train,Interactive Quiz (GrindGram),Medium,,,"Explanation: First find speed: Distance = 10 km = 10000 m, Time = 15 min = 900 sec. Speed = 10000/900 = 11.11 m/s. To pass signal post (stationary object), train c",https://youtu.be/78b4Jn4rw44?si=CsmAwn9h3f51ko6J,15,quiz,5d6d1ba1-f877-4ff6-9112-b2c3a3b01098
500,2,Aptitude Cheat Sheet (Placement Aptitude),aptitude-cheatsheet,5,Train,3,Train Crossing a Stationary Object,3,Time to Pass a Pole,Interactive Quiz (GrindGram),Easy,,,"Explanation: Speed = 54 km/hr = 54 × (5/18) = 15 m/s. To pass a pole (point object), train covers its length. Time = Length/Speed = 180/15 = 12 seconds.",https://youtu.be/78b4Jn4rw44?si=CsmAwn9h3f51ko6J,10,quiz,95d4335c-5826-4001-8692-0f83d1195dbe
501,2,Aptitude Cheat Sheet (Placement Aptitude),aptitude-cheatsheet,5,Train,3,Train Crossing a Stationary Object,4,Train Length from Speed and Time,Interactive Quiz (GrindGram),Easy,,,"Explanation: Speed = 72 km/hr = 72 × (5/18) = 20 m/s. To pass telegraph post (stationary point), distance covered = train length. Length = Speed × Time = 20 × 15 =",https://youtu.be/78b4Jn4rw44?si=CsmAwn9h3f51ko6J,10,quiz,2b28f136-ab6e-4344-86f0-29a57a045953
502,2,Aptitude Cheat Sheet (Placement Aptitude),aptitude-cheatsheet,5,Train,4,Train Crossing Person Moving Same Direction,1,Time to Cross Boy Running Same Direction,Interactive Quiz (GrindGram),Medium,,,"Explanation: When moving in same direction, relative speed = Train speed - Boy speed = 71 - 10 = 61 km/hr = 61 × (5/18) = 16.94 m/s. Since length of train = length",https://youtu.be/78b4Jn4rw44?si=CsmAwn9h3f51ko6J,15,quiz,2ee0d847-cf0b-4d7a-8510-906fde156061
503,2,Aptitude Cheat Sheet (Placement Aptitude),aptitude-cheatsheet,5,Train,4,Train Crossing Person Moving Same Direction,2,Time to Pass Person Walking Ahead,Interactive Quiz (GrindGram),Medium,,,Explanation: Relative speed = 60 - 5 = 55 km/hr = 55 × (5/18) = 15.28 m/s. Total distance to cover = Distance person is ahead + Train length = 200 + 100 = 300 m. T,https://youtu.be/78b4Jn4rw44?si=CsmAwn9h3f51ko6J,15,quiz,f6e1da6c-838a-40ef-b1b3-4e068d01a0f5
504,2,Aptitude Cheat Sheet (Placement Aptitude),aptitude-cheatsheet,5,Train,4,Train Crossing Person Moving Same Direction,3,Train Overtaking Cyclist,Interactive Quiz (GrindGram),Easy,,,Explanation: Relative speed = 90 - 18 = 72 km/hr = 72 × (5/18) = 20 m/s. Time = Train length / Relative speed = 120 / 20 = 6 seconds.,https://youtu.be/78b4Jn4rw44?si=CsmAwn9h3f51ko6J,10,quiz,229f8632-dfe4-465c-ac53-03000d4f600d
505,2,Aptitude Cheat Sheet (Placement Aptitude),aptitude-cheatsheet,5,Train,4,Train Crossing Person Moving Same Direction,4,Finding Person Speed in Same Direction,Interactive Quiz (GrindGram),Medium,,,Explanation: Relative speed = Distance / Time = 200 / 40 = 5 m/s = 5 × (18/5) = 18 km/hr. Since same direction: Train speed - Person speed = Relative speed. 72 - P,https://youtu.be/78b4Jn4rw44?si=CsmAwn9h3f51ko6J,15,quiz,6ecf08d0-18b2-4a5a-b431-e9ad30d4acd8
506,2,Aptitude Cheat Sheet (Placement Aptitude),aptitude-cheatsheet,5,Train,5,Two Trains Moving in Opposite Directions,1,Two Trains Crossing in Opposite Directions,Interactive Quiz (GrindGram),Medium,,,Explanation: When trains move in opposite directions: Relative speed = Speed of A + Speed of B = 65 + 80 = 145 km/hr = 145 × (5/18) = 40.28 m/s. Total distance to ,https://youtu.be/78b4Jn4rw44?si=CsmAwn9h3f51ko6J,15,quiz,d4e82a95-b764-44a2-942f-e34c395bbc81
507,2,Aptitude Cheat Sheet (Placement Aptitude),aptitude-cheatsheet,5,Train,5,Two Trains Moving in Opposite Directions,2,Finding Speed of Second Train,Interactive Quiz (GrindGram),Hard,,,"Explanation: From person's perspective (stationary relative to passenger train), the goods train (250m) crosses in 10 seconds. Relative speed = 250/10 = 25 m/s = 2",https://youtu.be/78b4Jn4rw44?si=CsmAwn9h3f51ko6J,20,quiz,d33d4352-9b1b-4159-bd82-5fb339716761
508,2,Aptitude Cheat Sheet (Placement Aptitude),aptitude-cheatsheet,5,Train,5,Two Trains Moving in Opposite Directions,3,Time for Two Trains to Cross,Interactive Quiz (GrindGram),Easy,,,Explanation: Relative speed = 54 + 72 = 126 km/hr = 126 × (5/18) = 35 m/s. Total distance = 120 + 180 = 300 m. Time = 300 / 35 = 8.57 seconds.,https://youtu.be/78b4Jn4rw44?si=CsmAwn9h3f51ko6J,10,quiz,0f0fd37f-cf48-498f-9ba5-ca79f78a1e70
509,2,Aptitude Cheat Sheet (Placement Aptitude),aptitude-cheatsheet,5,Train,5,Two Trains Moving in Opposite Directions,4,Finding Length of Second Train,Interactive Quiz (GrindGram),Medium,,,Explanation: Relative speed = 60 + 48 = 108 km/hr = 108 × (5/18) = 30 m/s. Total distance = Relative speed × Time = 30 × 9 = 270 m. Length of second train = Total ,https://youtu.be/78b4Jn4rw44?si=CsmAwn9h3f51ko6J,15,quiz,857603c9-57bc-45fb-b191-e3e42f00f38d
510,2,Aptitude Cheat Sheet (Placement Aptitude),aptitude-cheatsheet,5,Train,6,Two Trains Moving in Same Direction,1,Time for Faster Train to Cross Slower Train,Interactive Quiz (GrindGram),Medium,,,Explanation: When trains move in same direction: Relative speed = Speed of faster train - Speed of slower train = 85 - 70 = 15 km/hr = 15 × (5/18) = 4.17 m/s. Tota,https://youtu.be/78b4Jn4rw44?si=CsmAwn9h3f51ko6J,15,quiz,8f8fbbad-9bb4-48f6-ad89-11b9d08d242a
511,2,Aptitude Cheat Sheet (Placement Aptitude),aptitude-cheatsheet,5,Train,6,Two Trains Moving in Same Direction,2,Finding Length of Faster Train,Interactive Quiz (GrindGram),Medium,,,"Explanation: Relative speed = 60 - 40 = 20 km/hr = 20 × (5/18) = 5.56 m/s. When the fast train passes a man (point object) in the slow train, it covers only its ow",https://youtu.be/78b4Jn4rw44?si=CsmAwn9h3f51ko6J,15,quiz,4375a01b-a8f6-40d8-ace1-70429469dfc7
512,2,Aptitude Cheat Sheet (Placement Aptitude),aptitude-cheatsheet,5,Train,6,Two Trains Moving in Same Direction,3,Time for Train to Overtake Another,Interactive Quiz (GrindGram),Easy,,,Explanation: Relative speed = 72 - 54 = 18 km/hr = 18 × (5/18) = 5 m/s. Total distance = 200 + 100 = 300 m. Time = 300 / 5 = 60 seconds.,https://youtu.be/78b4Jn4rw44?si=CsmAwn9h3f51ko6J,10,quiz,b71a0300-9367-4b94-a526-a791b0dd7baf
513,2,Aptitude Cheat Sheet (Placement Aptitude),aptitude-cheatsheet,5,Train,6,Two Trains Moving in Same Direction,4,Finding Length of Slower Train,Interactive Quiz (GrindGram),Medium,,,Explanation: Relative speed = 90 - 72 = 18 km/hr = 18 × (5/18) = 5 m/s. Total distance covered = Relative speed × Time = 5 × 30 = 150 m. Length of slower train = T,https://youtu.be/78b4Jn4rw44?si=CsmAwn9h3f51ko6J,15,quiz,ad53feaa-7393-4f9b-bdc3-7cb7b68b20fb
514,2,Aptitude Cheat Sheet (Placement Aptitude),aptitude-cheatsheet,6,Ages,1,Calculating Present Age,1,Present Age from Future and Past Relationship,Interactive Quiz (GrindGram),Medium,,,"Explanation: Let John's present age = x years. After 10 years, age = x + 10. Age 5 years back = x - 5. According to question: x + 10 = 5(x - 5). Solving: x + 10 = ",https://youtu.be/tJHl73PBnwY?si=cbxWH6XZ_EuWDUmH,15,quiz,f8a3e566-7631-46dc-8c89-e634e174af0c
515,2,Aptitude Cheat Sheet (Placement Aptitude),aptitude-cheatsheet,6,Ages,1,Calculating Present Age,2,Present Age with Elder/Younger Relationship,Interactive Quiz (GrindGram),Medium,,,"Explanation: Let Rohan's present age = x years. Then Rahul's present age = x + 15 years. 5 years ago: Rohan's age = x - 5, Rahul's age = x + 15 - 5 = x + 10. Accor",https://youtu.be/tJHl73PBnwY?si=cbxWH6XZ_EuWDUmH,15,quiz,dfafd88a-ff66-4948-bcb7-613d05f4d972
516,2,Aptitude Cheat Sheet (Placement Aptitude),aptitude-cheatsheet,6,Ages,1,Calculating Present Age,3,Simple Present Age Calculation,Interactive Quiz (GrindGram),Medium,,,"Explanation: Let daughter's present age = x years, Sarah's present age = y years. Given: y + x = 50 ... (1). Five years ago: Sarah = y - 5, Daughter = x - 5. Given",https://youtu.be/tJHl73PBnwY?si=cbxWH6XZ_EuWDUmH,15,quiz,7ed92706-eed5-4b62-a17c-2050a442ce77
517,2,Aptitude Cheat Sheet (Placement Aptitude),aptitude-cheatsheet,6,Ages,1,Calculating Present Age,4,Age Ratio Problem,Interactive Quiz (GrindGram),Easy,,,"Explanation: Let A's present age = 3x and B's present age = 5x. After 10 years: A = 3x + 10, B = 5x + 10. Given: (3x + 10)/(5x + 10) = 5/7. Cross multiply: 7(3x + ",https://youtu.be/tJHl73PBnwY?si=cbxWH6XZ_EuWDUmH,10,quiz,99fe6648-058e-4424-8a20-d8d4d0fbe137
518,2,Aptitude Cheat Sheet (Placement Aptitude),aptitude-cheatsheet,6,Ages,2,Ages in Ratio Form,1,Age Ratio Changing Over Time,Interactive Quiz (GrindGram),Medium,,,"Explanation: One year ago: Let Harry = 5x, Peter = 6x. Present ages: Harry = 5x + 1, Peter = 6x + 1. After 4 years: Harry = 5x + 5, Peter = 6x + 5. Given: (5x + 5)",https://youtu.be/tJHl73PBnwY?si=cbxWH6XZ_EuWDUmH,15,quiz,509d1f03-a9de-4dbb-a212-c8f4f4639918
519,2,Aptitude Cheat Sheet (Placement Aptitude),aptitude-cheatsheet,6,Ages,2,Ages in Ratio Form,2,Finding Ratio of Present Ages,Interactive Quiz (GrindGram),Medium,,,"Explanation: Let mother's present age = M, son's present age = S. 10 years ago: M - 10 = 3(S - 10). M - 10 = 3S - 30. M = 3S - 20 ... (1). After 10 years: M + 10 =",https://youtu.be/tJHl73PBnwY?si=cbxWH6XZ_EuWDUmH,15,quiz,2f9f37a1-cdb8-4f8c-b8af-fd9a902bd9a5
520,2,Aptitude Cheat Sheet (Placement Aptitude),aptitude-cheatsheet,6,Ages,2,Ages in Ratio Form,3,Past and Future Age Ratio,Interactive Quiz (GrindGram),Medium,,,"Explanation: Present ages: A = 4x, B = 5x. Five years ago: A = 4x - 5, B = 5x - 5. Given: (4x - 5)/(5x - 5) = 3/4. Cross multiply: 4(4x - 5) = 3(5x - 5). 16x - 20 ",https://youtu.be/tJHl73PBnwY?si=cbxWH6XZ_EuWDUmH,15,quiz,0c499d9a-beae-4270-8f5e-5ba9650e2de0
521,2,Aptitude Cheat Sheet (Placement Aptitude),aptitude-cheatsheet,6,Ages,2,Ages in Ratio Form,4,Simple Age Ratio Problem,Interactive Quiz (GrindGram),Easy,,,"Explanation: Present ages: X = 2k, Y = 3k. After 10 years: X = 2k + 10, Y = 3k + 10. Given: (2k + 10)/(3k + 10) = 3/4. Cross multiply: 4(2k + 10) = 3(3k + 10). 8k ",https://youtu.be/tJHl73PBnwY?si=cbxWH6XZ_EuWDUmH,10,quiz,bd04824c-85e2-4422-b452-d8824af6d0cb
522,2,Aptitude Cheat Sheet (Placement Aptitude),aptitude-cheatsheet,6,Ages,3,Age Before Given Years,1,Finding Years When Ratio Was Different,Interactive Quiz (GrindGram),Medium,,,"Explanation: Let x years ago the ratio was 4:6. x years ago: Sharad = 60 - x, Santosh = 80 - x. Given: (60 - x)/(80 - x) = 4/6 = 2/3. Cross multiply: 3(60 - x) = 2",https://youtu.be/tJHl73PBnwY?si=cbxWH6XZ_EuWDUmH,15,quiz,f0bd852c-8d9d-45d4-98a8-39e2849c4992
523,2,Aptitude Cheat Sheet (Placement Aptitude),aptitude-cheatsheet,6,Ages,3,Age Before Given Years,2,Complex Ratio with Past and Future,Interactive Quiz (GrindGram),Hard,,,"Explanation: Present ages: Rohan = 5x, Rahul = 3x. Given: (5x - 4)/(3x + 4) = 1/1. Cross multiply: 5x - 4 = 3x + 4. 2x = 8. x = 4. Present ages: Rohan = 20, Rahul ",https://youtu.be/tJHl73PBnwY?si=cbxWH6XZ_EuWDUmH,20,quiz,b16c6c6a-78fd-44c7-afee-d73ac7f47ebb
524,2,Aptitude Cheat Sheet (Placement Aptitude),aptitude-cheatsheet,6,Ages,3,Age Before Given Years,3,When Ages Were in Specific Ratio,Interactive Quiz (GrindGram),Easy,,,"Explanation: Let x years ago father was 5 times son's age. x years ago: Father = 42 - x, Son = 14 - x. Given: 42 - x = 5(14 - x). 42 - x = 70 - 5x. 5x - x = 70 - 4",https://youtu.be/tJHl73PBnwY?si=cbxWH6XZ_EuWDUmH,10,quiz,dae9be77-343c-4fa4-82da-5d884dab7167
525,2,Aptitude Cheat Sheet (Placement Aptitude),aptitude-cheatsheet,6,Ages,3,Age Before Given Years,4,Past Ratio Calculation,Interactive Quiz (GrindGram),Easy,,,"Explanation: Let x years ago A was twice as old as B. x years ago: A = 36 - x, B = 24 - x. Given: 36 - x = 2(24 - x). 36 - x = 48 - 2x. 2x - x = 48 - 36. x = 12. S",https://youtu.be/tJHl73PBnwY?si=cbxWH6XZ_EuWDUmH,10,quiz,6945f9e7-0af0-49c9-b0e1-4f7952d8417a
526,2,Aptitude Cheat Sheet (Placement Aptitude),aptitude-cheatsheet,6,Ages,4,Age After Given Years,1,Age After x Years Using Past Relationship,Interactive Quiz (GrindGram),Medium,,,"Explanation: Let brother's present age = B, sister's present age = S. Given: S + B = 34 ... (1). 5 years ago: Sister = S - 5, Brother = B - 5. Given: S - 5 = 5(B -",https://youtu.be/tJHl73PBnwY?si=cbxWH6XZ_EuWDUmH,15,quiz,c9c6f3a1-a46e-4c34-8134-9c58f32cdee9
527,2,Aptitude Cheat Sheet (Placement Aptitude),aptitude-cheatsheet,6,Ages,4,Age After Given Years,2,Multiple Time Period Calculations,Interactive Quiz (GrindGram),Hard,,,"Explanation: Let daughter's present age = D. ""3 times more"" means Father = D + 3D = 4D (Note: ""3 times more"" = original + 3×original). After 5 years: Father = 4D +",https://youtu.be/tJHl73PBnwY?si=cbxWH6XZ_EuWDUmH,20,quiz,fb6a7bed-578c-48db-a87b-68d4636175f2
528,2,Aptitude Cheat Sheet (Placement Aptitude),aptitude-cheatsheet,6,Ages,4,Age After Given Years,3,Simple Future Age Calculation,Interactive Quiz (GrindGram),Medium,,,"Explanation: Let A's present age = a, B's present age = b. Given: a + b = 50 ... (1). After 5 years: A = a + 5, B = b + 5. Given: a + 5 = 2(b + 5). a + 5 = 2b + 10",https://youtu.be/tJHl73PBnwY?si=cbxWH6XZ_EuWDUmH,15,quiz,fbbf8e2a-b2ae-498a-ae61-1c99a26a64a6
529,2,Aptitude Cheat Sheet (Placement Aptitude),aptitude-cheatsheet,6,Ages,4,Age After Given Years,4,Future Age from Present Ratio,Interactive Quiz (GrindGram),Easy,,,"Explanation: Present ages: A = 5x, B = 3x. After 10 years: A = 5x + 10, B = 3x + 10. Given: (5x + 10)/(3x + 10) = 3/2. Cross multiply: 2(5x + 10) = 3(3x + 10). 10x",https://youtu.be/tJHl73PBnwY?si=cbxWH6XZ_EuWDUmH,10,quiz,995ac3a0-0897-40c6-ae2f-7f2097a8d183
530,2,Aptitude Cheat Sheet (Placement Aptitude),aptitude-cheatsheet,7,Profit & Loss,1,"Finding Profit, Loss, and Prices",1,Finding Cost Price from Loss Percentage,Interactive Quiz (GrindGram),Easy,,,Explanation: Loss = 20% means Selling Price = 80% of Cost Price. SP = (100 - Loss%)×CP/100. 200 = (100 - 20)×CP/100. 200 = 80×CP/100. CP = 200×100/80 = 250. Theref,https://youtu.be/T2odvmxqi1I?si=8n6QaSs6B8Wb60Lk,10,quiz,59bb2beb-11da-4a20-9753-bd41999eb4d4
531,2,Aptitude Cheat Sheet (Placement Aptitude),aptitude-cheatsheet,7,Profit & Loss,1,"Finding Profit, Loss, and Prices",2,Finding Profit from Gain Percentage,Interactive Quiz (GrindGram),Medium,,,"Explanation: Gain = 15% means SP = 115% of CP. SP = 115×CP/100. 580 = 115×CP/100. CP = 580×100/115 = 504.35. Profit = SP - CP = 580 - 504.35 = 75.65. Therefore, pr",https://youtu.be/T2odvmxqi1I?si=8n6QaSs6B8Wb60Lk,15,quiz,9391d724-8ed4-4640-8135-c6f78df25679
532,2,Aptitude Cheat Sheet (Placement Aptitude),aptitude-cheatsheet,7,Profit & Loss,1,"Finding Profit, Loss, and Prices",3,Cost Price and New Selling Price,Interactive Quiz (GrindGram),Medium,,,"Explanation: Loss = 10% means SP = 90% of CP. 450 = 90×CP/100. CP = 450×100/90 = 500. To gain 10%, new SP = 110% of CP = 110×500/100 = 550. Therefore, CP = Rs. 500",https://youtu.be/T2odvmxqi1I?si=8n6QaSs6B8Wb60Lk,15,quiz,3d2ef8f7-ab8a-40c8-b8fe-035e2697ce02
533,2,Aptitude Cheat Sheet (Placement Aptitude),aptitude-cheatsheet,7,Profit & Loss,1,"Finding Profit, Loss, and Prices",4,Gain Percentage from SP Relationship,Interactive Quiz (GrindGram),Hard,,,Explanation: Let SP per metre = x. Total SP = 30x. Gain = SP of 10 metres = 10x. Cost Price = SP - Gain = 30x - 10x = 20x. Gain% = (Gain/CP)×100 = (10x/20x)×100 = ,https://youtu.be/T2odvmxqi1I?si=8n6QaSs6B8Wb60Lk,20,quiz,8c8fd5d3-677a-4193-972e-77863cb7133d
534,2,Aptitude Cheat Sheet (Placement Aptitude),aptitude-cheatsheet,7,Profit & Loss,2,Discounts and Successive Calculations,1,Finding First Discount in Successive Discounts,Interactive Quiz (GrindGram),Hard,,,Explanation: Let first discount = x%. After first discount: Price = 120 × (100-x)/100. After second discount of 9%: Final price = [120 × (100-x)/100] × 91/100 = 90,https://youtu.be/T2odvmxqi1I?si=8n6QaSs6B8Wb60Lk,20,quiz,a150c5d1-42d8-4a0f-a5ff-155cad1738fe
535,2,Aptitude Cheat Sheet (Placement Aptitude),aptitude-cheatsheet,7,Profit & Loss,2,Discounts and Successive Calculations,2,Single Equivalent Discount,Interactive Quiz (GrindGram),Medium,,,"Explanation: For successive discounts, use formula: Final Price = Original × (100-d1)/100 × (100-d2)/100 × (100-d3)/100. Let original = 100. After 30% discount = 1",https://youtu.be/T2odvmxqi1I?si=8n6QaSs6B8Wb60Lk,15,quiz,0d8c93e4-70fa-4899-bbeb-33ef3d893a6f
536,2,Aptitude Cheat Sheet (Placement Aptitude),aptitude-cheatsheet,7,Profit & Loss,2,Discounts and Successive Calculations,3,Actual Profit with Markup and Discount,Interactive Quiz (GrindGram),Medium,,,Explanation: Let CP = 100. Marked Price (MP) = 100 × 1.3 = 130 (30% above CP). After 15% discount: SP = 130 × 0.85 = 110.5. Actual Profit = SP - CP = 110.5 - 100 =,https://youtu.be/T2odvmxqi1I?si=8n6QaSs6B8Wb60Lk,15,quiz,97a9ba34-b182-427f-b230-96b03483bd5b
537,2,Aptitude Cheat Sheet (Placement Aptitude),aptitude-cheatsheet,7,Profit & Loss,2,Discounts and Successive Calculations,4,Successive Profit Margins,Interactive Quiz (GrindGram),Medium,,,Explanation: Let manufacturer's CP = x. After 20% profit to wholesaler = 1.2x. After 25% profit to retailer = 1.2x × 1.25 = 1.5x. After 30% profit to customer = 1.,https://youtu.be/T2odvmxqi1I?si=8n6QaSs6B8Wb60Lk,15,quiz,4aeaa87e-7b88-4879-bb9f-80783c8cab75
538,2,Aptitude Cheat Sheet (Placement Aptitude),aptitude-cheatsheet,7,Profit & Loss,3,Profit When CP of X = SP of Y,1,Gain Percentage When SP of X = CP of Y,Interactive Quiz (GrindGram),Medium,,,"Explanation: SP of 10 candles = CP of 12 candles. Let CP of 1 candle = x. Then CP of 12 = 12x and SP of 10 = 12x. Therefore, CP of 10 candles = 10x and SP of 10 ca",https://youtu.be/T2odvmxqi1I?si=8n6QaSs6B8Wb60Lk,15,quiz,9ab96115-9193-41c8-9dc2-063c49a5da1e
539,2,Aptitude Cheat Sheet (Placement Aptitude),aptitude-cheatsheet,7,Profit & Loss,3,Profit When CP of X = SP of Y,2,Loss Percentage When SP of X = CP of Y,Interactive Quiz (GrindGram),Medium,,,"Explanation: SP of 40 apples = CP of 35 apples. Let CP of 1 apple = x. Then SP of 40 = 35x. Therefore, CP of 40 apples = 40x and SP of 40 apples = 35x. Since SP < ",https://youtu.be/T2odvmxqi1I?si=8n6QaSs6B8Wb60Lk,15,quiz,a7fdcaa7-ca72-4849-854e-2689e20a445d
540,2,Aptitude Cheat Sheet (Placement Aptitude),aptitude-cheatsheet,7,Profit & Loss,3,Profit When CP of X = SP of Y,3,Gain from SP and CP Relationship,Interactive Quiz (GrindGram),Easy,,,Explanation: SP of 15 = CP of 20. Using formula: Gain% = [(Y-X)/X]×100 = [(20-15)/15]×100 = (5/15)×100 = 33.33%. Alternatively: Let CP of 1 article = x. CP of 15 =,https://youtu.be/T2odvmxqi1I?si=8n6QaSs6B8Wb60Lk,10,quiz,a1e1043d-7e67-4a88-86af-43de47ed9c5e
541,2,Aptitude Cheat Sheet (Placement Aptitude),aptitude-cheatsheet,7,Profit & Loss,3,Profit When CP of X = SP of Y,4,Loss from SP and CP Relationship,Interactive Quiz (GrindGram),Easy,,,"Explanation: SP of 25 = CP of 20. Since X > Y, there is a loss. Using formula: Loss% = [(X-Y)/X]×100 = [(25-20)/25]×100 = (5/25)×100 = 20%. Alternatively: Let CP o",https://youtu.be/T2odvmxqi1I?si=8n6QaSs6B8Wb60Lk,10,quiz,7174b172-352e-47e9-abf1-8c698be9d3b6
542,2,Aptitude Cheat Sheet (Placement Aptitude),aptitude-cheatsheet,7,Profit & Loss,4,Calculating Shopkeeper Loss,1,Same Percentage Gain and Loss,Interactive Quiz (GrindGram),Hard,,,"Explanation: When same percentage is gained and lost on equal investments, there is always a loss. Loss% = (Common%)²/100 = 15²/100 = 225/100 = 2.25%. Therefore, o",https://youtu.be/T2odvmxqi1I?si=8n6QaSs6B8Wb60Lk,20,quiz,49124fe5-ddae-4e14-9e69-f3327096ca00
543,2,Aptitude Cheat Sheet (Placement Aptitude),aptitude-cheatsheet,7,Profit & Loss,4,Calculating Shopkeeper Loss,2,Finding Cost with Overall Gain,Interactive Quiz (GrindGram),Hard,,,"Explanation: Let cost of camel = x, then cost of carriage = 5000 - x. SP of camel = 1.2x (20% gain), SP of carriage = 0.9(5000-x) (10% loss). Total SP = 1.2x + 0.9",https://youtu.be/T2odvmxqi1I?si=8n6QaSs6B8Wb60Lk,20,quiz,56b3f08d-4b1d-45ea-8867-5433fd4d0498
544,2,Aptitude Cheat Sheet (Placement Aptitude),aptitude-cheatsheet,7,Profit & Loss,4,Calculating Shopkeeper Loss,3,Overall Gain/Loss with Different Items,Interactive Quiz (GrindGram),Medium,,,"Explanation: Camera A: SP = 7500, Gain = 20%. CP = SP/1.2 = 7500/1.2 = 6250. Camera B: SP = 8550, Loss = 5%. CP = SP/0.95 = 8550/0.95 = 9000. Total CP = 6250 + 900",https://youtu.be/T2odvmxqi1I?si=8n6QaSs6B8Wb60Lk,15,quiz,f800c850-58c3-4d08-b4f3-055dde24b7ec
545,2,Aptitude Cheat Sheet (Placement Aptitude),aptitude-cheatsheet,7,Profit & Loss,4,Calculating Shopkeeper Loss,4,Simple Two-Item Transaction,Interactive Quiz (GrindGram),Easy,,,"Explanation: Item 1: CP = 1000, SP = 1000 × 1.1 = 1100 (Gain = 100). Item 2: CP = 1000, SP = 1000 × 0.9 = 900 (Loss = 100). Total CP = 2000, Total SP = 2000. Overa",https://youtu.be/T2odvmxqi1I?si=8n6QaSs6B8Wb60Lk,10,quiz,48af6dc7-5e18-4f76-a6ab-f81153fd598a
546,2,Aptitude Cheat Sheet (Placement Aptitude),aptitude-cheatsheet,7,Profit & Loss,5,Profit Using False Weights,1,Gain from Using Less Weight,Interactive Quiz (GrindGram),Medium,,,Explanation: Shopkeeper gives 970g but charges for 1000g at cost price. Gain% = [(True weight - False weight) / False weight] × 100 = [(1000 - 970) / 970] × 100 = ,https://youtu.be/T2odvmxqi1I?si=8n6QaSs6B8Wb60Lk,15,quiz,e1238600-fc73-4e4a-be47-a7df7ecf8142
547,2,Aptitude Cheat Sheet (Placement Aptitude),aptitude-cheatsheet,7,Profit & Loss,5,Profit Using False Weights,2,False Weight with Markup Profit,Interactive Quiz (GrindGram),Hard,,,Explanation: Weights used = 90% of true weight = 0.9kg for 1kg. He also marks up by 30%. Total gain% = [(1 + Markup%) / (Weight used)] - 1] × 100 = [(1.3 / 0.9) - ,https://youtu.be/T2odvmxqi1I?si=8n6QaSs6B8Wb60Lk,20,quiz,2cd3f7e8-c757-4908-9e4e-d567daa53bb7
548,2,Aptitude Cheat Sheet (Placement Aptitude),aptitude-cheatsheet,7,Profit & Loss,5,Profit Using False Weights,3,Finding False Weight from Gain Percentage,Interactive Quiz (GrindGram),Hard,,,"Explanation: Gain% = 4 (8/23)% = (92 + 8)/23 = 100/23%. Using formula: Gain% = [(1000 - w) / w] × 100, where w is false weight. 100/23 = [(1000 - w) / w] × 100. 1/",https://youtu.be/T2odvmxqi1I?si=8n6QaSs6B8Wb60Lk,20,quiz,4db9e89f-2912-4e12-ab1f-a50ddec02302
549,2,Aptitude Cheat Sheet (Placement Aptitude),aptitude-cheatsheet,7,Profit & Loss,5,Profit Using False Weights,4,Simple False Weight Gain,Interactive Quiz (GrindGram),Easy,,,Explanation: Gain% = [(True weight - False weight) / False weight] × 100 = [(1000 - 800) / 800] × 100 = (200/800) × 100 = 25%.,https://youtu.be/T2odvmxqi1I?si=8n6QaSs6B8Wb60Lk,10,quiz,693b2c88-1578-4e1b-94e9-0a5998fb4278
550,2,Aptitude Cheat Sheet (Placement Aptitude),aptitude-cheatsheet,8,Permutations & Combinations,1,Direct Permutation Problems,1,Basic Permutation Calculation,Interactive Quiz (GrindGram),Easy,,,Explanation: nPr = n! / (n-r)!. So 50P2 = 50! / (50-2)! = 50! / 48! = 50 × 49 = 2450.,,10,quiz,bbfdd010-5bf3-4b6f-a7bd-23ccb4907046
551,2,Aptitude Cheat Sheet (Placement Aptitude),aptitude-cheatsheet,8,Permutations & Combinations,1,Direct Permutation Problems,2,Arranging Distinct Letters,Interactive Quiz (GrindGram),Easy,,,"Explanation: DELHI has 5 distinct letters (D, E, L, H, I). Number of arrangements = 5! = 5 × 4 × 3 × 2 × 1 = 120.",,10,quiz,dcf51602-a070-43cf-895a-9ae9f9b1ef9e
552,2,Aptitude Cheat Sheet (Placement Aptitude),aptitude-cheatsheet,8,Permutations & Combinations,1,Direct Permutation Problems,3,Arranging Letters with Repetition,Interactive Quiz (GrindGram),Medium,,,"Explanation: RUBBER has 6 letters with repetitions: R appears 2 times, B appears 2 times, U and E appear 1 time each. Number of arrangements = 6! / (2! × 2!) = 720",,15,quiz,2d4cb90a-0ff1-4824-981b-0719572f56b5
553,2,Aptitude Cheat Sheet (Placement Aptitude),aptitude-cheatsheet,8,Permutations & Combinations,1,Direct Permutation Problems,4,Arranging with Vowels Together Constraint,Interactive Quiz (GrindGram),Hard,,,"Explanation: LEADING has 7 letters. Vowels: E, A, I (3 vowels). Consonants: L, D, N, G (4 consonants). Treat vowels as one unit. Total units = 4 consonants + 1 vow",,20,quiz,68cf0eec-80df-42c8-a8eb-85c5886cc821
554,2,Aptitude Cheat Sheet (Placement Aptitude),aptitude-cheatsheet,8,Permutations & Combinations,2,Direct Combination Problems,1,Basic Combination Calculation,Interactive Quiz (GrindGram),Easy,,,"Explanation: Using the property nCr = nC(n-r), we have 20C17 = 20C3. nCr = n! / (r! × (n-r)!). So 20C3 = 20! / (3! × 17!) = (20 × 19 × 18) / (3 × 2 × 1) = 6840/6 =",https://youtu.be/ETiRE7N7pEI?si=eOdtzMhgBwb0Ku4v,10,quiz,91b6aded-8d13-4907-9511-c3cc230a442b
555,2,Aptitude Cheat Sheet (Placement Aptitude),aptitude-cheatsheet,8,Permutations & Combinations,2,Direct Combination Problems,2,Combination with Arrangement,Interactive Quiz (GrindGram),Medium,,,Explanation: Step 1: Select 3 consonants from 5 = 5C3 = 10. Step 2: Select 2 vowels from 4 = 4C2 = 6. Step 3: Total selections = 10 × 6 = 60. Step 4: Arrange 5 sel,https://youtu.be/ETiRE7N7pEI?si=eOdtzMhgBwb0Ku4v,15,quiz,d8df3701-152c-4c5d-b5e0-2bb0df3c52a9
556,2,Aptitude Cheat Sheet (Placement Aptitude),aptitude-cheatsheet,8,Permutations & Combinations,2,Direct Combination Problems,3,Combination with At Least Condition,Interactive Quiz (GrindGram),Hard,,,Explanation: Total marbles = 2W + 3B + 4R = 9. At least one black = Total ways - Ways with no black. Total ways to select 3 from 9 = 9C3 = 84. Ways with no black (,https://youtu.be/ETiRE7N7pEI?si=eOdtzMhgBwb0Ku4v,20,quiz,a91d5903-a06b-4433-bd98-60c3981900f2
557,2,Aptitude Cheat Sheet (Placement Aptitude),aptitude-cheatsheet,8,Permutations & Combinations,2,Direct Combination Problems,4,Simple Combination Selection,Interactive Quiz (GrindGram),Easy,,,Explanation: Number of ways = 8C5 = 8C3 (using nCr = nC(n-r)). 8C3 = 8! / (3! × 5!) = (8 × 7 × 6) / (3 × 2 × 1) = 336/6 = 56.,https://youtu.be/ETiRE7N7pEI?si=eOdtzMhgBwb0Ku4v,10,quiz,ed6ae714-bed3-4f36-985e-02ea44a27510
558,2,Aptitude Cheat Sheet (Placement Aptitude),aptitude-cheatsheet,9,Ratio & Proportion,1,Basic Proportion Problems,1,Finding Combined Ratio from Chain,Interactive Quiz (GrindGram),Medium,,,"Explanation: To find a:b:c, make the common term (b) equal in both ratios. a:b = 2:3 and b:c = 5:7. Multiply first ratio by 5 and second by 3: a:b = 10:15 and b:c ",https://youtu.be/jfoJBivWlnQ?si=PbZhac4trNUYAToU,15,quiz,04cb766a-af55-45f3-9642-f6691ef8eca6
559,2,Aptitude Cheat Sheet (Placement Aptitude),aptitude-cheatsheet,9,Ratio & Proportion,1,Basic Proportion Problems,2,Ratio of Ratios,Interactive Quiz (GrindGram),Hard,,,"Explanation: Let A = 3x, B = 4x, C = 7x. A/B = 3x/4x = 3/4. B/C = 4x/7x = 4/7. C/A = 7x/3x = 7/3. Ratio = (3/4):(4/7):(7/3). To remove fractions, multiply by LCM(4",https://youtu.be/jfoJBivWlnQ?si=PbZhac4trNUYAToU,20,quiz,56a48ca6-9d30-4cbb-b2a9-ed18a878813b
560,2,Aptitude Cheat Sheet (Placement Aptitude),aptitude-cheatsheet,9,Ratio & Proportion,1,Basic Proportion Problems,3,Simple Proportion Problem,Interactive Quiz (GrindGram),Easy,,,"Explanation: x:y = 3:4 and y:z = 8:9. Make y equal: Multiply first by 2: x:y = 6:8. Now y = 8 in both. From x:y = 6:8 and y:z = 8:9, we get x:y:z = 6:8:9. Therefor",https://youtu.be/jfoJBivWlnQ?si=PbZhac4trNUYAToU,10,quiz,55743e80-5385-4084-963e-d79718cf8e6e
561,2,Aptitude Cheat Sheet (Placement Aptitude),aptitude-cheatsheet,9,Ratio & Proportion,1,Basic Proportion Problems,4,Fourth Proportional,Interactive Quiz (GrindGram),Easy,,,"Explanation: Fourth proportional to a, b, c is x such that a:b = c:x. So 4:9 = 12:x. Cross multiply: 4x = 9 × 12 = 108. x = 108/4 = 27. Therefore, fourth proportio",https://youtu.be/jfoJBivWlnQ?si=PbZhac4trNUYAToU,10,quiz,e3a5fcb7-f40b-413d-802c-8196d7ca97fe
562,2,Aptitude Cheat Sheet (Placement Aptitude),aptitude-cheatsheet,9,Ratio & Proportion,2,Division Using Ratios,1,Finding Total from Fractional Ratio Distribution,Interactive Quiz (GrindGram),Hard,,,"Explanation: Convert fractional ratio to whole numbers. Ratio = 1/2:1/4:1/5:1/7. LCM(2,4,5,7) = 140. Multiply each term: (1/2)×140 = 70, (1/4)×140 = 35, (1/5)×140 ",https://youtu.be/jfoJBivWlnQ?si=PbZhac4trNUYAToU,20,quiz,dfea504b-40d4-4801-85d3-f764f5612b62
563,2,Aptitude Cheat Sheet (Placement Aptitude),aptitude-cheatsheet,9,Ratio & Proportion,2,Division Using Ratios,2,Dividing Amount in Fractional Ratio,Interactive Quiz (GrindGram),Medium,,,"Explanation: Ratio = 1/3:3/4:4/6 = 1/3:3/4:2/3. LCM(3,4,3) = 12. Multiply: (1/3)×12 = 4, (3/4)×12 = 9, (2/3)×12 = 8. Ratio = 4:9:8. Sum = 4+9+8 = 21. First part = ",https://youtu.be/jfoJBivWlnQ?si=PbZhac4trNUYAToU,15,quiz,c12b61ef-71ea-4c52-a4ef-5b5c480916ba
564,2,Aptitude Cheat Sheet (Placement Aptitude),aptitude-cheatsheet,9,Ratio & Proportion,2,Division Using Ratios,3,Simple Division in Whole Number Ratio,Interactive Quiz (GrindGram),Easy,,,"Explanation: Ratio = 2:3:5. Sum of ratio terms = 2+3+5 = 10. B's share = (3/10) × 1200 = 360. Therefore, B gets Rs. 360.",https://youtu.be/jfoJBivWlnQ?si=PbZhac4trNUYAToU,10,quiz,dd926a76-4ae1-4d24-9650-8f5e14e2b883
565,2,Aptitude Cheat Sheet (Placement Aptitude),aptitude-cheatsheet,9,Ratio & Proportion,2,Division Using Ratios,4,Distribution with Mixed Ratios,Interactive Quiz (GrindGram),Easy,,,Explanation: Ratio = 2:3:4. Sum = 2+3+4 = 9. Q's share = (3/9) × 720 = 240. R's share = (4/9) × 720 = 320. Difference = 320 - 240 = 80.,https://youtu.be/jfoJBivWlnQ?si=PbZhac4trNUYAToU,10,quiz,8b761f24-c299-48b4-8eef-c0149b717ef4
566,2,Aptitude Cheat Sheet (Placement Aptitude),aptitude-cheatsheet,9,Ratio & Proportion,3,"Income, Expenditure, and Salary",1,"Income, Expenditure and Savings Problem",Interactive Quiz (GrindGram),Hard,,,"Explanation: Puja saves 30%, Hema saves 20%, Jaya saves 8%. Let incomes be P, H, J. Savings ratio: 0.3P:0.2H:0.08J = 15:11:10. From 0.3P:0.2H = 15:11, we get P:H =",https://youtu.be/jfoJBivWlnQ?si=PbZhac4trNUYAToU,20,quiz,ac6cf057-290c-4da1-b7dd-299cdad2049d
567,2,Aptitude Cheat Sheet (Placement Aptitude),aptitude-cheatsheet,9,Ratio & Proportion,3,"Income, Expenditure, and Salary",2,Daily Wages from Total Earnings,Interactive Quiz (GrindGram),Medium,,,"Explanation: Wage ratios: Man:Woman = 5:4, Man:Daughter = 5:3. Combined ratio Man:Woman:Daughter = 5:4:3 (making man = 5 in both). Let daily wages be 5x, 4x, 3x. T",https://youtu.be/jfoJBivWlnQ?si=PbZhac4trNUYAToU,15,quiz,7a61a8f1-ba84-4cde-aac5-37dd03d60067
568,2,Aptitude Cheat Sheet (Placement Aptitude),aptitude-cheatsheet,9,Ratio & Proportion,3,"Income, Expenditure, and Salary",3,Settlement of Accounts in Proportion,Interactive Quiz (GrindGram),Medium,,,Explanation: Total bill = 50+55+75 = 180. Agreed proportion = 3:4:5. Sum = 3+4+5 = 12. Amit should pay = (3/12)×180 = 45. Amit already paid = 50. Amit should recei,https://youtu.be/jfoJBivWlnQ?si=PbZhac4trNUYAToU,15,quiz,080d013d-319e-47ae-a713-d54b9b9333b5
569,2,Aptitude Cheat Sheet (Placement Aptitude),aptitude-cheatsheet,9,Ratio & Proportion,3,"Income, Expenditure, and Salary",4,Salary Increase with Ratio Change,Interactive Quiz (GrindGram),Medium,,,"Explanation: Present salaries: Ram = 4x, Sham = 5x. After increase: Ram = 4x+5000, Sham = 5x+5000. New ratio = (4x+5000):(5x+5000) = 50:60 = 5:6. Cross multiply: 6",https://youtu.be/jfoJBivWlnQ?si=PbZhac4trNUYAToU,15,quiz,51aee7f2-34fb-43a7-ad34-c428c260f337
570,2,Aptitude Cheat Sheet (Placement Aptitude),aptitude-cheatsheet,9,Ratio & Proportion,4,Coins and Their Values,1,Equal Number of Different Valued Coins,Interactive Quiz (GrindGram),Medium,,,"Explanation: Let number of each type of coin = x. Value of 25 paise coins = 0.25x, Value of 50 paise coins = 0.5x, Value of 1 rupee coins = 1x. Total value = 0.25x",https://youtu.be/jfoJBivWlnQ?si=PbZhac4trNUYAToU,15,quiz,7aeaedd6-4418-4c67-9bcf-8788c8942494
571,2,Aptitude Cheat Sheet (Placement Aptitude),aptitude-cheatsheet,9,Ratio & Proportion,4,Coins and Their Values,2,Finding Coins from Value Ratio,Interactive Quiz (GrindGram),Hard,,,"Explanation: Let number of 1 rupee, 50 paise, 25 paise coins be a, b, c respectively. Given: a+b+c = 342 ... (1). Values: 1a, 0.5b, 0.25c in ratio 11:9:5. So 1a:0.",https://youtu.be/jfoJBivWlnQ?si=PbZhac4trNUYAToU,20,quiz,7dde523e-cac7-4920-833f-77d0a1e73ab7
572,2,Aptitude Cheat Sheet (Placement Aptitude),aptitude-cheatsheet,9,Ratio & Proportion,4,Coins and Their Values,3,Finding Coins from Total Value,Interactive Quiz (GrindGram),Easy,,,"Explanation: Let 50p coins = 2x, 1Re coins = 3x. Value of 50p = 0.5×2x = x. Value of 1Re = 1×3x = 3x. Total value = x + 3x = 4x = 160. x = 40. Number of 50p coins ",https://youtu.be/jfoJBivWlnQ?si=PbZhac4trNUYAToU,10,quiz,29206dd1-ee7d-4372-b1f6-8f575ad3f09a
573,2,Aptitude Cheat Sheet (Placement Aptitude),aptitude-cheatsheet,9,Ratio & Proportion,4,Coins and Their Values,4,Three Types of Coins Problem,Interactive Quiz (GrindGram),Medium,,,"Explanation: Let 25p coins = 4x, 50p coins = 3x, 1Re coins = 2x. Value = 0.25(4x) + 0.5(3x) + 1(2x) = 1x + 1.5x + 2x = 4.5x = 90. x = 90/4.5 = 20. Number of 1Re co",https://youtu.be/jfoJBivWlnQ?si=PbZhac4trNUYAToU,15,quiz,d779eb9c-1952-4f91-b244-da67e144b968
574,2,Aptitude Cheat Sheet (Placement Aptitude),aptitude-cheatsheet,9,Ratio & Proportion,5,Mixture and Alligation,1,Replacement in Mixture,Interactive Quiz (GrindGram),Hard,,,"Explanation: Initial mixture: Milk = (3/5)×13 = 7.8L, Water = (2/5)×13 = 5.2L. When 3L mixture is removed: Milk removed = (3/5)×3 = 1.8L, Water removed = (2/5)×3 =",https://youtu.be/jfoJBivWlnQ?si=PbZhac4trNUYAToU,20,quiz,78bb680f-7591-4b18-8f6b-47a91c88f759
575,2,Aptitude Cheat Sheet (Placement Aptitude),aptitude-cheatsheet,9,Ratio & Proportion,5,Mixture and Alligation,2,Addition to Mixture Changing Ratio,Interactive Quiz (GrindGram),Medium,,,"Explanation: Let initial alcohol = 7x, water = 5x. After adding 8L water: Alcohol = 7x, Water = 5x+8. New ratio = 7x:(5x+8) = 7:9. Cross multiply: 9(7x) = 7(5x+8).",https://youtu.be/jfoJBivWlnQ?si=PbZhac4trNUYAToU,15,quiz,38c74bd5-b6df-44a6-8d05-27a153408ce2
576,2,Aptitude Cheat Sheet (Placement Aptitude),aptitude-cheatsheet,9,Ratio & Proportion,5,Mixture and Alligation,3,Mixing Two Mixtures,Interactive Quiz (GrindGram),Hard,,,Explanation: Vessel 1: Milk fraction = 3/5 = 0.6. Vessel 2: Milk fraction = 4/9 = 0.444. Required: Milk fraction = 5/9 = 0.556. Using alligation: (0.6 - 0.556):(0.,https://youtu.be/jfoJBivWlnQ?si=PbZhac4trNUYAToU,20,quiz,ea90e7b9-8433-43be-9149-e8c90ad0e984
577,2,Aptitude Cheat Sheet (Placement Aptitude),aptitude-cheatsheet,9,Ratio & Proportion,5,Mixture and Alligation,4,Finding Quantity to Add,Interactive Quiz (GrindGram),Easy,,,"Explanation: Initial: Milk = (3/8)×40 = 15L, Water = (5/8)×40 = 25L. For ratio 1:1, milk = water. Let x liters of milk be added. Then 15+x = 25. x = 10 liters.",https://youtu.be/jfoJBivWlnQ?si=PbZhac4trNUYAToU,10,quiz,00bca799-3bf7-4ba4-b3e0-ad0abaf2c55c
578,2,Aptitude Cheat Sheet (Placement Aptitude),aptitude-cheatsheet,10,Area,1,Area Fundamentals,1,Folded Rectangular Sheet Problem,Interactive Quiz (GrindGram),Hard,,,Explanation: Let original dimensions be L and B. When folded along one side: perimeter of each half = 2L + B = 48 (if width is halved). When folded along other sid,https://youtu.be/xwqUyOT-cmU?si=o3S9xq4lU6OkjjpB,20,quiz,3a9eda10-abcd-4a10-8318-f4b644de67f2
579,2,Aptitude Cheat Sheet (Placement Aptitude),aptitude-cheatsheet,10,Area,1,Area Fundamentals,2,Area from Diagonal and Perimeter,Interactive Quiz (GrindGram),Hard,,,Explanation: John's diagonal distance = 48 m/min × (20/60) min = 16 m. Harry crosses along sides (L+B) = 72 m/min × (15/60) min = 18 m. From Pythagoras: L²+B² = 16,https://youtu.be/xwqUyOT-cmU?si=o3S9xq4lU6OkjjpB,20,quiz,811f9010-7aa6-4e00-b037-e6c499519e6c
580,2,Aptitude Cheat Sheet (Placement Aptitude),aptitude-cheatsheet,10,Area,1,Area Fundamentals,3,Percentage Change to Maintain Area,Interactive Quiz (GrindGram),Medium,,,"Explanation: Let original length = L, width = W. Area = L×W. New length = 1.25L. For same area: 1.25L × New width = L×W. New width = W/1.25 = 0.8W. Decrease = W - ",https://youtu.be/xwqUyOT-cmU?si=o3S9xq4lU6OkjjpB,15,quiz,f4ab0435-dd5c-4536-be9d-1431ebb01a08
581,2,Aptitude Cheat Sheet (Placement Aptitude),aptitude-cheatsheet,10,Area,1,Area Fundamentals,4,Diagonal of Square from Area Relationship,Interactive Quiz (GrindGram),Medium,,,Explanation: Small square diagonal = 5√2 cm. Area of square with diagonal d = d²/2. Small area = (5√2)²/2 = 50/2 = 25 cm². Large area = 4×25 = 100 cm². If large di,https://youtu.be/xwqUyOT-cmU?si=o3S9xq4lU6OkjjpB,15,quiz,afa18ef5-b416-42a3-bb7e-42649c2ffe76
582,2,Aptitude Cheat Sheet (Placement Aptitude),aptitude-cheatsheet,10,Area,1,Area Fundamentals,5,Ratio of Square and Rhombus Areas,Interactive Quiz (GrindGram),Hard,,,Explanation: Square with side a: Area = a². Rhombus with side a: Area = a × h (where h is perpendicular height). The height of rhombus depends on its angles and ca,https://youtu.be/xwqUyOT-cmU?si=o3S9xq4lU6OkjjpB,20,quiz,d368d4a1-a567-4830-b8e8-3393fb81a646
583,2,Aptitude Cheat Sheet (Placement Aptitude),aptitude-cheatsheet,11,Simple Interest & Compound Interest,1,Calculating Simple Interest,1,Simple Interest with Fractional Rate,Interactive Quiz (GrindGram),Medium,,,"Explanation: Formula: SI = (P × R × T) / 100. Principal P = 80,000. Rate R = 16(2/3)% = 50/3 %. Time T = 9 months = 9/12 years = 3/4 years. SI = (80,000 × 50/3 × 3",https://youtu.be/jvRq87ZWzIk?si=wASUERGDO0-JkHzg,15,quiz,9e2cdcff-1f46-4a56-b589-cac9a2ddfae3
584,2,Aptitude Cheat Sheet (Placement Aptitude),aptitude-cheatsheet,11,Simple Interest & Compound Interest,1,Calculating Simple Interest,2,Simple Interest for Date Period,Interactive Quiz (GrindGram),Hard,,,"Explanation: Calculate days from 5th Feb to 19th April: Feb (23 days from 5th to 28th, assuming non-leap year), March (31 days), April (19 days). Total = 23+31+19 ",https://youtu.be/jvRq87ZWzIk?si=wASUERGDO0-JkHzg,20,quiz,5cd2b4cd-9248-4880-a53d-a0ce72b8cbad
585,2,Aptitude Cheat Sheet (Placement Aptitude),aptitude-cheatsheet,11,Simple Interest & Compound Interest,1,Calculating Simple Interest,3,Gain from Lending at Higher Rate,Interactive Quiz (GrindGram),Medium,,,"Explanation: Interest Suresh pays (borrows at 4%): SI = (10,000 × 4 × 2) / 100 = 800 for 2 years. Interest Suresh receives (lends at 6%): SI = (10,000 × 6 × 2) / 1",https://youtu.be/jvRq87ZWzIk?si=wASUERGDO0-JkHzg,15,quiz,d0c995de-9ae0-448a-8d5d-e53622e12553
586,2,Aptitude Cheat Sheet (Placement Aptitude),aptitude-cheatsheet,11,Simple Interest & Compound Interest,1,Calculating Simple Interest,4,Basic Simple Interest Calculation,Interactive Quiz (GrindGram),Easy,,,"Explanation: SI = (P × R × T) / 100 = (12,000 × 8 × 3) / 100 = 288,000 / 100 = 2,880.",https://youtu.be/jvRq87ZWzIk?si=wASUERGDO0-JkHzg,10,quiz,2d9a9329-dff8-42a9-b11d-387dc01a55ce
587,2,Aptitude Cheat Sheet (Placement Aptitude),aptitude-cheatsheet,11,Simple Interest & Compound Interest,2,Compound Interest Calculations,1,CI Compounded Quarterly,Interactive Quiz (GrindGram),Medium,,,Explanation: For quarterly compounding: Rate per quarter = 6%/4 = 1.5%. Time in quarters = 9 months = 3 quarters. Amount = P(1 + R/100)ⁿ = 5000(1.015)³ = 5000 × 1.,https://youtu.be/jvRq87ZWzIk?si=wASUERGDO0-JkHzg,15,quiz,6bd45b2f-4bca-45bf-afbd-994e061d37db
588,2,Aptitude Cheat Sheet (Placement Aptitude),aptitude-cheatsheet,11,Simple Interest & Compound Interest,2,Compound Interest Calculations,2,CI Compounded Half-Yearly,Interactive Quiz (GrindGram),Medium,,,"Explanation: For half-yearly compounding: Rate per half-year = 4%/2 = 2%. Time in half-years = 2 years = 4 half-years. Amount = 20,000(1.02)⁴ = 20,000 × 1.08243 = ",https://youtu.be/jvRq87ZWzIk?si=wASUERGDO0-JkHzg,15,quiz,6489d0bc-54f7-4378-8e91-434ecfac1e3a
589,2,Aptitude Cheat Sheet (Placement Aptitude),aptitude-cheatsheet,11,Simple Interest & Compound Interest,2,Compound Interest Calculations,3,CI Compounded Annually,Interactive Quiz (GrindGram),Easy,,,Explanation: Amount = P(1 + R/100)ⁿ = 8500(1.04)² = 8500 × 1.0816 = 9193.6. CI = Amount - Principal = 9193.6 - 8500 = 693.6.,https://youtu.be/jvRq87ZWzIk?si=wASUERGDO0-JkHzg,10,quiz,d23459b8-4799-421c-89dc-c0b2c8bd7fc8
590,2,Aptitude Cheat Sheet (Placement Aptitude),aptitude-cheatsheet,11,Simple Interest & Compound Interest,2,Compound Interest Calculations,4,Basic CI Annually,Interactive Quiz (GrindGram),Easy,,,"Explanation: Amount = 10,000(1.1)³ = 10,000 × 1.331 = 13,310. CI = 13,310 - 10,000 = 3,310.",https://youtu.be/jvRq87ZWzIk?si=wASUERGDO0-JkHzg,10,quiz,d9b5e514-637d-4949-9b68-91944ba55265
591,2,Aptitude Cheat Sheet (Placement Aptitude),aptitude-cheatsheet,11,Simple Interest & Compound Interest,3,Finding Rate of Interest,1,Rate for Doubling Money,Interactive Quiz (GrindGram),Easy,,,"Explanation: For money to double: Amount = 2P, so SI = 2P - P = P. Using SI = (P × R × T) / 100: P = (P × R × 20) / 100. 100 = 20R. R = 100/20 = 5%.",https://youtu.be/jvRq87ZWzIk?si=wASUERGDO0-JkHzg,10,quiz,331e165c-e9da-43dd-b319-d529a4a5ab69
592,2,Aptitude Cheat Sheet (Placement Aptitude),aptitude-cheatsheet,11,Simple Interest & Compound Interest,3,Finding Rate of Interest,2,Rate When Time Equals Rate,Interactive Quiz (GrindGram),Medium,,,"Explanation: Let rate = R%, then time = R years (as many years as rate). SI = 540, P = 1500. Using SI = (P × R × T) / 100: 540 = (1500 × R × R) / 100. 54,000 = 150",https://youtu.be/jvRq87ZWzIk?si=wASUERGDO0-JkHzg,15,quiz,aab7e540-51cf-4d47-b416-2608cb84cf98
593,2,Aptitude Cheat Sheet (Placement Aptitude),aptitude-cheatsheet,11,Simple Interest & Compound Interest,3,Finding Rate of Interest,3,Rate from Principal and Amount,Interactive Quiz (GrindGram),Medium,,,"Explanation: Principal = 12,000. Amount = 15,000. SI = Amount - Principal = 15,000 - 12,000 = 3,000. Time = 4 years. Using R = (SI × 100) / (P × T): R = (3,000 × 1",https://youtu.be/jvRq87ZWzIk?si=wASUERGDO0-JkHzg,15,quiz,80c9ad4a-0c54-4c9a-9e94-f6481cf72939
594,2,Aptitude Cheat Sheet (Placement Aptitude),aptitude-cheatsheet,11,Simple Interest & Compound Interest,3,Finding Rate of Interest,4,Simple Rate Calculation,Interactive Quiz (GrindGram),Easy,,,"Explanation: R = (SI × 100) / (P × T) = (2,000 × 100) / (8,000 × 5) = 200,000 / 40,000 = 5%.",https://youtu.be/jvRq87ZWzIk?si=wASUERGDO0-JkHzg,10,quiz,6b600008-5a76-44ad-8459-eba68d7f8514
595,2,Aptitude Cheat Sheet (Placement Aptitude),aptitude-cheatsheet,11,Simple Interest & Compound Interest,4,Finding Principal or Amount,1,Principal with Varying Interest Rates,Interactive Quiz (GrindGram),Hard,,,Explanation: Let principal = P. Interest for first 2 years at 5% = (P × 5 × 2) / 100 = 0.1P. Interest for next 5 years at 8% = (P × 8 × 5) / 100 = 0.4P. Interest f,https://youtu.be/jvRq87ZWzIk?si=wASUERGDO0-JkHzg,20,quiz,3cfb7cd1-b74f-468c-abfd-9779fc7f4f74
596,2,Aptitude Cheat Sheet (Placement Aptitude),aptitude-cheatsheet,11,Simple Interest & Compound Interest,4,Finding Principal or Amount,2,Principal from Rate Difference,Interactive Quiz (GrindGram),Medium,,,Explanation: Difference in interest = Rs. 400. Rate difference = 2%. Time = 2 years. Difference in SI = (P × Rate difference × T) / 100. 400 = (P × 2 × 2) / 100. 4,https://youtu.be/jvRq87ZWzIk?si=wASUERGDO0-JkHzg,15,quiz,90b2630b-6c5a-4c55-acf4-a226982fc250
597,2,Aptitude Cheat Sheet (Placement Aptitude),aptitude-cheatsheet,11,Simple Interest & Compound Interest,4,Finding Principal or Amount,3,Principal from Difference in SI,Interactive Quiz (GrindGram),Medium,,,Explanation: Let principal = P. SI at 15% for 4 years = (P × 15 × 4) / 100 = 0.6P. SI at 10% for 5 years = (P × 10 × 5) / 100 = 0.5P. Given: 0.6P - 0.5P = 180. 0.1,https://youtu.be/jvRq87ZWzIk?si=wASUERGDO0-JkHzg,15,quiz,6f595565-2ab3-4008-a9fd-8233c0fcd9c1
598,2,Aptitude Cheat Sheet (Placement Aptitude),aptitude-cheatsheet,11,Simple Interest & Compound Interest,4,Finding Principal or Amount,4,Basic Principal Calculation,Interactive Quiz (GrindGram),Easy,,,"Explanation: Amount = P + SI = P + (P × R × T)/100 = P[1 + (R × T)/100]. 6600 = P[1 + (10 × 5)/100] = P[1 + 0.5] = 1.5P. P = 6600/1.5 = 4,400.",https://youtu.be/jvRq87ZWzIk?si=wASUERGDO0-JkHzg,10,quiz,6fa7bc53-20c0-4d2c-8351-7419a18a7997
599,2,Aptitude Cheat Sheet (Placement Aptitude),aptitude-cheatsheet,11,Simple Interest & Compound Interest,5,Population Growth Problems,1,Population with Increase and Decrease,Interactive Quiz (GrindGram),Medium,,,"Explanation: Net annual change = 5% - 0.25% = 4.75% increase. After 3 years: Population = P × (1.0475)³ = P × 1.1493. Net increase = 14.93%. Alternatively, calcula",https://youtu.be/jvRq87ZWzIk?si=wASUERGDO0-JkHzg,15,quiz,820767a9-07f8-47cf-bed0-2ae1d79faa55
600,2,Aptitude Cheat Sheet (Placement Aptitude),aptitude-cheatsheet,11,Simple Interest & Compound Interest,5,Population Growth Problems,2,Depreciation - Finding Original Value,Interactive Quiz (GrindGram),Medium,,,"Explanation: After 3 years with 10% depreciation annually: Value = P × (0.9)³ = P × 0.729. Given: 0.729P = 8748. P = 8748/0.729 = 12,000.",https://youtu.be/jvRq87ZWzIk?si=wASUERGDO0-JkHzg,15,quiz,0a9aeaeb-a5ae-4f40-ba0f-6dc551d0b958
601,2,Aptitude Cheat Sheet (Placement Aptitude),aptitude-cheatsheet,11,Simple Interest & Compound Interest,5,Population Growth Problems,3,Population Growth Over Years,Interactive Quiz (GrindGram),Easy,,,"Explanation: Population after n years = P × (1 + R/100)ⁿ. After 2 years = 1,00,000 × (1.1)² = 1,00,000 × 1.21 = 1,21,000.",https://youtu.be/jvRq87ZWzIk?si=wASUERGDO0-JkHzg,10,quiz,5414ecdd-be67-4801-8bbd-a54130f4a3c9
602,2,Aptitude Cheat Sheet (Placement Aptitude),aptitude-cheatsheet,11,Simple Interest & Compound Interest,5,Population Growth Problems,4,Depreciation Over Time,Interactive Quiz (GrindGram),Easy,,,"Explanation: Value after depreciation = P × (1 - R/100)ⁿ. After 2 years = 5,00,000 × (0.85)² = 5,00,000 × 0.7225 = 3,61,250.",https://youtu.be/jvRq87ZWzIk?si=wASUERGDO0-JkHzg,10,quiz,f9788de5-8913-4b9d-bded-e8c7d029cad0
603,2,Aptitude Cheat Sheet (Placement Aptitude),aptitude-cheatsheet,11,Simple Interest & Compound Interest,6,Finding Rate or Time Period,1,Finding Rate from Amount,Interactive Quiz (GrindGram),Medium,,,Explanation: Amount = P(1 + R/100)ⁿ. 583.20 = 500(1 + R/100)². (1 + R/100)² = 583.20/500 = 1.1664. Taking square root: 1 + R/100 = 1.08. R/100 = 0.08. R = 8%.,https://youtu.be/jvRq87ZWzIk?si=wASUERGDO0-JkHzg,15,quiz,9e63157e-b93a-4b12-b289-e90349d64082
604,2,Aptitude Cheat Sheet (Placement Aptitude),aptitude-cheatsheet,11,Simple Interest & Compound Interest,6,Finding Rate or Time Period,2,Finding Principal from Consecutive Amounts,Interactive Quiz (GrindGram),Hard,,,Explanation: Interest for 3rd year = 8000 - 7000 = 1000. This interest is on amount of Rs. 7000 (from 2nd year). Rate = (1000/7000) × 100 = 14.286%. Let principal ,https://youtu.be/jvRq87ZWzIk?si=wASUERGDO0-JkHzg,20,quiz,5192d6f9-d719-4860-a853-f04da5946a9e
605,2,Aptitude Cheat Sheet (Placement Aptitude),aptitude-cheatsheet,11,Simple Interest & Compound Interest,6,Finding Rate or Time Period,3,Finding Years for Multiple Growth,Interactive Quiz (GrindGram),Medium,,,"Explanation: Doubles in 10 years means: 2P = P(1+R/100)¹⁰, so (1+R/100)¹⁰ = 2. For eight times: 8P = P(1+R/100)ⁿ, so (1+R/100)ⁿ = 8 = 2³. Since (1+R/100)¹⁰ = 2, we",https://youtu.be/jvRq87ZWzIk?si=wASUERGDO0-JkHzg,15,quiz,999e4619-84a2-4234-a918-5656ebc907cb
606,2,Aptitude Cheat Sheet (Placement Aptitude),aptitude-cheatsheet,11,Simple Interest & Compound Interest,6,Finding Rate or Time Period,4,Finding Time for Specific Amount,Interactive Quiz (GrindGram),Easy,,,"Explanation: 2420 = 2000(1.1)ⁿ. (1.1)ⁿ = 2420/2000 = 1.21. Since 1.1² = 1.21, n = 2 years.",https://youtu.be/jvRq87ZWzIk?si=wASUERGDO0-JkHzg,10,quiz,38b4f27e-e4fc-4a11-9d68-b6d7bb71b0ac
607,2,Aptitude Cheat Sheet (Placement Aptitude),aptitude-cheatsheet,11,Simple Interest & Compound Interest,7,Difference Between CI and SI,1,Finding Sum from CI-SI Difference,Interactive Quiz (GrindGram),Medium,,,"Explanation: For 2 years: CI - SI = P × R² / 100². Difference = 530, R = 10%. 530 = P × 10² / 100². 530 = P × 100 / 10000. 530 = P / 100. P = 53,000.",https://youtu.be/jvRq87ZWzIk?si=wASUERGDO0-JkHzg,15,quiz,87244501-7637-4337-ab74-6f4102fae035
608,2,Aptitude Cheat Sheet (Placement Aptitude),aptitude-cheatsheet,11,Simple Interest & Compound Interest,7,Difference Between CI and SI,2,Finding Rate from CI-SI Difference,Interactive Quiz (GrindGram),Medium,,,"Explanation: For 2 years: CI - SI = P × R² / 100². 392 = 20,000 × R² / 10,000. 392 = 2R². R² = 196. R = 14%.",https://youtu.be/jvRq87ZWzIk?si=wASUERGDO0-JkHzg,15,quiz,02f80692-80f4-4a8f-a0e4-5d5ebb31a6e5
609,2,Aptitude Cheat Sheet (Placement Aptitude),aptitude-cheatsheet,11,Simple Interest & Compound Interest,7,Difference Between CI and SI,3,Finding SI from CI,Interactive Quiz (GrindGram),Hard,,,"Explanation: This is a complex problem. Let P = principal, R = 50/3%. CI = P[(1 + R/100)³ - 1] = 127. SI = (P × R × 3) / 100 = (P × 50/3 × 3) / 100 = 50P/100 = P/2",https://youtu.be/jvRq87ZWzIk?si=wASUERGDO0-JkHzg,20,quiz,311780ff-b954-44c3-99f4-e3a134ed7190
610,2,Aptitude Cheat Sheet (Placement Aptitude),aptitude-cheatsheet,11,Simple Interest & Compound Interest,7,Difference Between CI and SI,4,Basic CI-SI Difference,Interactive Quiz (GrindGram),Easy,,,"Explanation: For 2 years: Difference = P × R² / 100² = 10,000 × 5² / 10,000 = 10,000 × 25 / 10,000 = 25.",https://youtu.be/jvRq87ZWzIk?si=wASUERGDO0-JkHzg,10,quiz,82c9178f-0b07-424d-9908-63f598e7d794
611,2,Aptitude Cheat Sheet (Placement Aptitude),aptitude-cheatsheet,12,Probability,1,Probability with Indirect Statements,1,Probability with At Least Condition,Interactive Quiz (GrindGram),Medium,,,"Explanation: Sample space S = {HHH, HHT, HTH, HTT, THH, THT, TTH, TTT}. n(S) = 8. Event E (at least 2 tails) = {HTT, THT, TTH, TTT}. n(E) = 4. P(E) = n(E)/n(S) = 4",https://youtu.be/ximxxERGSUc?si=X6l8fYI2rV_4fKY2,15,quiz,bbf60052-cceb-4043-b406-2d47bb694ed9
612,2,Aptitude Cheat Sheet (Placement Aptitude),aptitude-cheatsheet,12,Probability,1,Probability with Indirect Statements,2,Probability with Multiples,Interactive Quiz (GrindGram),Medium,,,"Explanation: Sample space S = {1, 2, 3, ..., 50}. n(S) = 50. Multiples of 4: {4, 8, 12, 16, 20, 24, 28, 32, 36, 40, 44, 48} = 12 numbers. Multiples of 7: {7, 14, 2",https://youtu.be/ximxxERGSUc?si=X6l8fYI2rV_4fKY2,15,quiz,12e1bb03-66f5-402d-bbfb-f1f407e9c31a
613,2,Aptitude Cheat Sheet (Placement Aptitude),aptitude-cheatsheet,12,Probability,1,Probability with Indirect Statements,3,Probability with Cards,Interactive Quiz (GrindGram),Easy,,,Explanation: n(S) = 52. Clubs = 13 cards. Jacks = 4 cards (one of which is Jack of Clubs). Using inclusion-exclusion: n(E) = 13 + 4 - 1 = 16. P(E) = 16/52 = 4/13.,https://youtu.be/ximxxERGSUc?si=X6l8fYI2rV_4fKY2,10,quiz,5606b96f-e137-41f5-8909-dfe8ae2d1a40
614,2,Aptitude Cheat Sheet (Placement Aptitude),aptitude-cheatsheet,12,Probability,1,Probability with Indirect Statements,4,Independent Events Probability,Interactive Quiz (GrindGram),Easy,,,"Explanation: P(A) = 2/5. P(B) = 4/7. For independent events, P(A and B) = P(A) × P(B) = (2/5) × (4/7) = 8/35.",https://youtu.be/ximxxERGSUc?si=X6l8fYI2rV_4fKY2,10,quiz,770dc81e-ae6d-412f-bf25-f015c8616661
615,2,Aptitude Cheat Sheet (Placement Aptitude),aptitude-cheatsheet,12,Probability,2,Probability from Indirect Values,1,Probability from Odds,Interactive Quiz (GrindGram),Easy,,,Explanation: Odds in favor = Favorable : Unfavorable = 3:5. Probability = Favorable / (Favorable + Unfavorable) = 3/(3+5) = 3/8.,https://youtu.be/ximxxERGSUc?si=X6l8fYI2rV_4fKY2,10,quiz,e72b03f9-dd31-4a7f-af22-bdc87263720f
616,2,Aptitude Cheat Sheet (Placement Aptitude),aptitude-cheatsheet,12,Probability,2,Probability from Indirect Values,2,Probability of Complementary Event,Interactive Quiz (GrindGram),Easy,,,Explanation: P(not E) = 1 - P(E). P(no rain) = 1 - 0.3 = 0.7.,https://youtu.be/ximxxERGSUc?si=X6l8fYI2rV_4fKY2,10,quiz,eda2aa6c-2fb5-449c-9940-bf4986f814a4
617,2,Aptitude Cheat Sheet (Placement Aptitude),aptitude-cheatsheet,12,Probability,2,Probability from Indirect Values,3,At Least One Using Complement,Interactive Quiz (GrindGram),Medium,,,Explanation: P(at least one 6) = 1 - P(no 6 on both). P(no 6 on one die) = 5/6. P(no 6 on both) = 5/6 × 5/6 = 25/36. P(at least one 6) = 1 - 25/36 = 11/36.,https://youtu.be/ximxxERGSUc?si=X6l8fYI2rV_4fKY2,15,quiz,f7fdbf09-cc97-47f5-8ee1-c9cac453a92c
618,2,Aptitude Cheat Sheet (Placement Aptitude),aptitude-cheatsheet,12,Probability,2,Probability from Indirect Values,4,Either Event Probability,Interactive Quiz (GrindGram),Medium,,,Explanation: P(at least one solves) = 1 - P(neither solves). P(A doesn't solve) = 1 - 1/3 = 2/3. P(B doesn't solve) = 1 - 2/5 = 3/5. P(neither) = 2/3 × 3/5 = 6/15 ,https://youtu.be/ximxxERGSUc?si=X6l8fYI2rV_4fKY2,15,quiz,a59d7a22-3ed1-42f8-a68b-b03ecbf14158
619,2,Aptitude Cheat Sheet (Placement Aptitude),aptitude-cheatsheet,13,Pipes & Cisterns,1,Multiple Pipes Filling Together,1,Two Filling Pipes Together,Interactive Quiz (GrindGram),Easy,,,"Explanation: Pipe A fills in 12 hours, so in 1 hour it fills 1/12 of tank. Pipe B fills in 36 hours, so in 1 hour it fills 1/36 of tank. Together in 1 hour = 1/12 ",https://youtu.be/mBtBD1N7ywQ?si=sJdYxRQ2_dWYlx7Q,10,quiz,aa0e44da-1791-46c2-8a5d-5e1b93009ab6
620,2,Aptitude Cheat Sheet (Placement Aptitude),aptitude-cheatsheet,13,Pipes & Cisterns,1,Multiple Pipes Filling Together,2,Filling and Emptying Pipes Together,Interactive Quiz (GrindGram),Medium,,,Explanation: Pipe 1 in 1 hour = 1/6. Pipe 2 in 1 hour = 1/8. Emptying pipe in 1 hour = -1/12 (negative for emptying). Net filling in 1 hour = 1/6 + 1/8 - 1/12. LCM,https://youtu.be/mBtBD1N7ywQ?si=sJdYxRQ2_dWYlx7Q,15,quiz,68336e05-e9ab-4090-922d-385ef4689728
621,2,Aptitude Cheat Sheet (Placement Aptitude),aptitude-cheatsheet,13,Pipes & Cisterns,1,Multiple Pipes Filling Together,3,Three Filling Pipes Together,Interactive Quiz (GrindGram),Medium,,,"Explanation: In 1 hour: A fills 1/10, B fills 1/15, C fills 1/20. Together = 1/10 + 1/15 + 1/20. LCM(10,15,20) = 60. Together = 6/60 + 4/60 + 3/60 = 13/60. Time = ",https://youtu.be/mBtBD1N7ywQ?si=sJdYxRQ2_dWYlx7Q,15,quiz,89cd3ba7-bc5d-410c-affa-bc1e7104db6f
622,2,Aptitude Cheat Sheet (Placement Aptitude),aptitude-cheatsheet,13,Pipes & Cisterns,1,Multiple Pipes Filling Together,4,One Filling One Emptying,Interactive Quiz (GrindGram),Medium,,,"Explanation: Filling pipe in 1 hour = 1/20. With leak, net filling in 1 hour = 1/30. Leak empties in 1 hour = 1/20 - 1/30 = 3/60 - 2/60 = 1/60. Time for leak to em",https://youtu.be/mBtBD1N7ywQ?si=sJdYxRQ2_dWYlx7Q,15,quiz,17471b1a-f19a-4644-870f-744c896ec079
623,2,Aptitude Cheat Sheet (Placement Aptitude),aptitude-cheatsheet,13,Pipes & Cisterns,2,Tank Capacity with Outlet Pipes,1,Finding Capacity with Waste Pipe,Interactive Quiz (GrindGram),Hard,,,Explanation: Let capacity = C gallons. Pipe 1 fills C/10 gallons/min. Pipe 2 fills C/14 gallons/min. Waste pipe empties 4 gallons/min. Net rate = C/10 + C/14 - 4. ,https://youtu.be/mBtBD1N7ywQ?si=sJdYxRQ2_dWYlx7Q,20,quiz,843b4829-e65b-4dd8-a35a-712b87288bc3
624,2,Aptitude Cheat Sheet (Placement Aptitude),aptitude-cheatsheet,13,Pipes & Cisterns,2,Tank Capacity with Outlet Pipes,2,Finding Filling Capacity with Time Difference,Interactive Quiz (GrindGram),Hard,,,Explanation: Let filling rate = x m³/min. Emptying rate = (x+10) m³/min. Time to fill = 1200/x. Time to empty = 1200/(x+10). Given: 1200/x - 1200/(x+10) = 4. 1200[,https://youtu.be/mBtBD1N7ywQ?si=sJdYxRQ2_dWYlx7Q,20,quiz,e4d0c61a-a1df-4bc3-b710-9fcef49108d4
625,2,Aptitude Cheat Sheet (Placement Aptitude),aptitude-cheatsheet,13,Pipes & Cisterns,2,Tank Capacity with Outlet Pipes,3,Simple Capacity Calculation,Interactive Quiz (GrindGram),Easy,,,Explanation: Capacity = Rate × Time = 15 liters/min × 20 min = 300 liters.,https://youtu.be/mBtBD1N7ywQ?si=sJdYxRQ2_dWYlx7Q,10,quiz,22dcfdf5-3628-4aa5-b232-697964b4cc54
626,2,Aptitude Cheat Sheet (Placement Aptitude),aptitude-cheatsheet,13,Pipes & Cisterns,2,Tank Capacity with Outlet Pipes,4,Capacity with Multiple Pipes and Rates,Interactive Quiz (GrindGram),Medium,,,"Explanation: Let capacity = C liters. Rate of A = C/12, Rate of B = C/18, Rate of C = -8. Net rate = C/12 + C/18 - 8. Tank fills in 9 min, so net rate = C/9. C/12 ",https://youtu.be/mBtBD1N7ywQ?si=sJdYxRQ2_dWYlx7Q,15,quiz,f21a4fc0-33e6-4b47-9d7b-5396d0163008
627,2,Aptitude Cheat Sheet (Placement Aptitude),aptitude-cheatsheet,13,Pipes & Cisterns,3,Emptying Tank with Leakage,1,Leak Time from Filling Delay,Interactive Quiz (GrindGram),Medium,,,"Explanation: Pump fills in 4 hours, so rate = 1/4 per hour. With leak, fills in 4.5 hours, so net rate = 1/4.5 = 2/9 per hour. Leak rate = 1/4 - 2/9 = 9/36 - 8/36 ",https://youtu.be/mBtBD1N7ywQ?si=sJdYxRQ2_dWYlx7Q,15,quiz,23686018-6f07-4c38-b0a6-722624f7ee04
628,2,Aptitude Cheat Sheet (Placement Aptitude),aptitude-cheatsheet,13,Pipes & Cisterns,3,Emptying Tank with Leakage,2,Leak Time with Two Filling Pipes,Interactive Quiz (GrindGram),Hard,,,Explanation: Without leak: Combined rate = 1/15 + 1/20 = 4/60 + 3/60 = 7/60. Time = 60/7 hours. With leak: Time = 60/7 + 26/60 hours = 60/7 + 13/30 hours. Converti,https://youtu.be/mBtBD1N7ywQ?si=sJdYxRQ2_dWYlx7Q,20,quiz,8cc2538f-03f4-462b-8778-a0db349d9554
629,2,Aptitude Cheat Sheet (Placement Aptitude),aptitude-cheatsheet,13,Pipes & Cisterns,3,Emptying Tank with Leakage,3,Simple Leak Problem,Interactive Quiz (GrindGram),Easy,,,Explanation: Fill rate = 1/10. Net rate with leak = 1/12. Leak rate = 1/10 - 1/12 = 6/60 - 5/60 = 1/60. Time to empty = 60 hours.,https://youtu.be/mBtBD1N7ywQ?si=sJdYxRQ2_dWYlx7Q,10,quiz,5f1f45f7-22f0-4912-8c04-eb61e8118084
630,2,Aptitude Cheat Sheet (Placement Aptitude),aptitude-cheatsheet,13,Pipes & Cisterns,3,Emptying Tank with Leakage,4,Leak with Percentage Delay,Interactive Quiz (GrindGram),Medium,,,"Explanation: Fill rate = 1/15. With leak, time = 15 × 1.2 = 18 hours. Net rate = 1/18. Leak rate = 1/15 - 1/18 = 6/90 - 5/90 = 1/90. Time to empty = 90 hours.",https://youtu.be/mBtBD1N7ywQ?si=sJdYxRQ2_dWYlx7Q,15,quiz,d5c13258-3565-4148-84e6-5838516ba8b3
631,2,Aptitude Cheat Sheet (Placement Aptitude),aptitude-cheatsheet,13,Pipes & Cisterns,4,Pipes with Different Speeds,1,Finding Slower Pipe Time,Interactive Quiz (GrindGram),Hard,,,"Explanation: Let slower pipe take x hours, faster takes (x-20) hours. Together: 1/x + 1/(x-20) = 1/24. Finding common denominator: [(x-20) + x] / [x(x-20)] = 1/24.",https://youtu.be/mBtBD1N7ywQ?si=sJdYxRQ2_dWYlx7Q,20,quiz,1a09e92d-30e1-4538-9ec2-d5d02e050b31
632,2,Aptitude Cheat Sheet (Placement Aptitude),aptitude-cheatsheet,13,Pipes & Cisterns,4,Pipes with Different Speeds,2,Alternate Hour Opening,Interactive Quiz (GrindGram),Medium,,,"Explanation: Pipe A fills 1/8 per hour, Pipe B fills 1/6 per hour. In 2 hours (one hour each): Work = 1/8 + 1/6 = 3/24 + 4/24 = 7/24. Number of 2-hour cycles neede",https://youtu.be/mBtBD1N7ywQ?si=sJdYxRQ2_dWYlx7Q,15,quiz,3a2a7f8d-50a8-4058-83de-509ede66a01a
633,2,Aptitude Cheat Sheet (Placement Aptitude),aptitude-cheatsheet,13,Pipes & Cisterns,4,Pipes with Different Speeds,3,Pipe Times When One is Multiple of Other,Interactive Quiz (GrindGram),Medium,,,"Explanation: A is twice as fast as B. Let B take x hours, then A takes x/2 hours. Together: 1/(x/2) + 1/x = 1/12. 2/x + 1/x = 1/12. 3/x = 1/12. x = 36 hours.",https://youtu.be/mBtBD1N7ywQ?si=sJdYxRQ2_dWYlx7Q,15,quiz,4d1419e0-decf-4451-ba05-e334e6836769
634,2,Aptitude Cheat Sheet (Placement Aptitude),aptitude-cheatsheet,13,Pipes & Cisterns,4,Pipes with Different Speeds,4,Alternate Opening with Three Pipes,Interactive Quiz (GrindGram),Hard,,,"Explanation: A fills 1/6, B fills 1/8, C fills 1/12 per hour. In 3 hours (one cycle): Work = 1/6 + 1/8 + 1/12 = 4/24 + 3/24 + 2/24 = 9/24 = 3/8. In 2 cycles (6 hou",https://youtu.be/mBtBD1N7ywQ?si=sJdYxRQ2_dWYlx7Q,20,quiz,e1ac14fa-1344-459d-af78-f1ba2b8d64da
635,2,Aptitude Cheat Sheet (Placement Aptitude),aptitude-cheatsheet,13,Pipes & Cisterns,5,Pipes Opened and Closed Alternately,1,Outlet Pipe Closed After Certain Time,Interactive Quiz (GrindGram),Medium,,,"Explanation: First 10 hours (all pipes open): A fills 1/15, B fills 1/20, C empties 1/25 per hour. Net rate = 1/15 + 1/20 - 1/25. LCM(15,20,25) = 300. Net = 20/300",https://youtu.be/mBtBD1N7ywQ?si=sJdYxRQ2_dWYlx7Q,15,quiz,ff3bb03f-52db-4c78-993d-0f589d1cbc98
636,2,Aptitude Cheat Sheet (Placement Aptitude),aptitude-cheatsheet,13,Pipes & Cisterns,5,Pipes Opened and Closed Alternately,2,One Pipe Turned Off After Time,Interactive Quiz (GrindGram),Medium,,,"Explanation: First 2 minutes (both open): A fills 1/5, B fills 1/10 per minute. In 2 min: Work = 2(1/5 + 1/10) = 2(2/10 + 1/10) = 2 × 3/10 = 6/10 = 3/5. Remaining ",https://youtu.be/mBtBD1N7ywQ?si=sJdYxRQ2_dWYlx7Q,15,quiz,43105422-ea39-4a50-b471-bc0d25bb488c
637,2,Aptitude Cheat Sheet (Placement Aptitude),aptitude-cheatsheet,13,Pipes & Cisterns,5,Pipes Opened and Closed Alternately,3,Outlet Opened After Certain Time,Interactive Quiz (GrindGram),Medium,,,Explanation: First 3 hours (only filling pipes): Rate = 1/10 + 1/15 = 3/30 + 2/30 = 5/30 = 1/6. Work in 3 hours = 3/6 = 1/2. Remaining = 1/2. After 3 hours (all pi,https://youtu.be/mBtBD1N7ywQ?si=sJdYxRQ2_dWYlx7Q,15,quiz,b9e97b29-6aa4-4e45-87b2-1c3d834c877d
638,2,Aptitude Cheat Sheet (Placement Aptitude),aptitude-cheatsheet,13,Pipes & Cisterns,5,Pipes Opened and Closed Alternately,4,Multiple Pipes with Staggered Closing,Interactive Quiz (GrindGram),Hard,,,Explanation: First 2 hours (all open): Rate = 1/6 + 1/8 + 1/12 = 4/24 + 3/24 + 2/24 = 9/24 = 3/8. Work in 2 hours = 2 × 3/8 = 3/4. Remaining = 1/4. After 2 hours (,https://youtu.be/mBtBD1N7ywQ?si=sJdYxRQ2_dWYlx7Q,20,quiz,8ae0921d-c9e5-48df-a8a0-5b0ad083b361
639,2,Aptitude Cheat Sheet (Placement Aptitude),aptitude-cheatsheet,14,Discount,1,Discount Fundamentals,1,Finding Rate from True Discount,Interactive Quiz (GrindGram),Medium,,,Explanation: Sum due = Rs. 4510. True Discount (TD) = Rs. 110. Present Worth (PW) = Sum - TD = 4510 - 110 = 4400. Time = 6 months = 1/2 year. Formula: TD = (PW × R,https://youtu.be/FW97hRrHcSw?si=pG7TzV36pj1DbTNH,15,quiz,5691f52f-4b18-4022-9125-61f65dc0ad14
640,2,Aptitude Cheat Sheet (Placement Aptitude),aptitude-cheatsheet,14,Discount,1,Discount Fundamentals,2,Finding Amount from SI and TD,Interactive Quiz (GrindGram),Hard,,,"Explanation: Relationship: Sum = (SI × PW) / TD = (SI × (Sum - TD)) / TD. Also, Sum = (SI × TD) / (SI - TD). Given SI = 130, TD = 120. Sum = (130 × 120) / (130 - 1",https://youtu.be/FW97hRrHcSw?si=pG7TzV36pj1DbTNH,20,quiz,c060d950-fecf-4db1-96f5-f6242539803e
641,2,Aptitude Cheat Sheet (Placement Aptitude),aptitude-cheatsheet,14,Discount,1,Discount Fundamentals,3,Settlement with True Discount,Interactive Quiz (GrindGram),Hard,,,Explanation: The amount is due in 1 year but paid after 8 months. Remaining time = 12 - 8 = 4 months = 1/3 year. The present worth (after 8 months) should give 205,https://youtu.be/FW97hRrHcSw?si=pG7TzV36pj1DbTNH,20,quiz,119d4da0-24e1-4d1e-b4f2-563edcfbe3de
642,2,Aptitude Cheat Sheet (Placement Aptitude),aptitude-cheatsheet,14,Discount,1,Discount Fundamentals,4,Gain Calculation with Credit Period,Interactive Quiz (GrindGram),Hard,,,"Explanation: CP = 4800. Nominal SP = 5995. Since buyer gets 1.5 years credit at 6%, the present worth of 5995 = 5995 / (1 + 6×1.5/100) = 5995 / (1 + 0.09) = 5995 /",https://youtu.be/FW97hRrHcSw?si=pG7TzV36pj1DbTNH,20,quiz,818caedc-4870-46d7-b47e-53ed8790db41
643,2,Aptitude Cheat Sheet (Placement Aptitude),aptitude-cheatsheet,14,Discount,1,Discount Fundamentals,5,Deferred Payment Comparison,Interactive Quiz (GrindGram),Hard,,,Explanation: Original: Gopal pays Rs.440 after 1 year. PW = 440 / (1 + 10×1/100) = 440 / 1.1 = 400. New payment: Rs.220 cash now + Rs.220 after 2 years. PW of cash,https://youtu.be/FW97hRrHcSw?si=pG7TzV36pj1DbTNH,20,quiz,458862de-9192-4575-acd7-440e1bfbf3f9
644,2,Aptitude Cheat Sheet (Placement Aptitude),aptitude-cheatsheet,15,Clocks & Calendars,1,Clocks and Calendars Fundamentals,1,Angle Between Clock Hands,Interactive Quiz (GrindGram),Medium,,,Explanation: Hour hand in 12 hours = 360°. In 5 hrs 45 min (23/4 hrs) = (360 × 23) / 48 = 172.5°. Minute hand in 60 min = 360°. In 45 min = (360 × 45) / 60 = 270°.,https://youtu.be/edEvlh0tqzk?si=81qqvrZGKK0xLzYp,15,quiz,c9e46c6c-a6e1-423a-a7e2-df7fe541ceff
645,2,Aptitude Cheat Sheet (Placement Aptitude),aptitude-cheatsheet,15,Clocks & Calendars,1,Clocks and Calendars Fundamentals,2,Reflex Angle Between Hands,Interactive Quiz (GrindGram),Medium,,,Explanation: Hour hand in 9 hrs 35 min (115/12 hrs) = (360 × 115) / 144 = 287.5°. Minute hand in 35 min = (360 × 35) / 60 = 210°. Angle = |287.5 - 210| = 77.5°. Re,https://youtu.be/edEvlh0tqzk?si=81qqvrZGKK0xLzYp,15,quiz,c6010179-658e-4d04-b9b5-c41d09d58b6f
646,2,Aptitude Cheat Sheet (Placement Aptitude),aptitude-cheatsheet,15,Clocks & Calendars,1,Clocks and Calendars Fundamentals,3,Frequency of Right Angles,Interactive Quiz (GrindGram),Easy,,,"Explanation: In 12 hours, the hands are at right angle 22 times. In a day (24 hours) = 2 × 22 = 44 times.",https://youtu.be/edEvlh0tqzk?si=81qqvrZGKK0xLzYp,10,quiz,c23cc0f1-64ea-4b77-bf2e-55b97ed228f3
647,2,Aptitude Cheat Sheet (Placement Aptitude),aptitude-cheatsheet,15,Clocks & Calendars,1,Clocks and Calendars Fundamentals,4,Clock Gaining Time,Interactive Quiz (GrindGram),Hard,,,"Explanation: Time from 2 p.m. to 8:30 a.m. = 18.5 hours = 1110 minutes. Clock gains 5 sec in 3 min, so it shows 3 min 5 sec for actual 3 min. Ratio = 185:180 (3 mi",https://youtu.be/edEvlh0tqzk?si=81qqvrZGKK0xLzYp,20,quiz,f4bd0040-5091-4cd3-b114-457e15e83b51
648,2,Aptitude Cheat Sheet (Placement Aptitude),aptitude-cheatsheet,15,Clocks & Calendars,1,Clocks and Calendars Fundamentals,5,Day of Week for Specific Date,Interactive Quiz (GrindGram),Hard,,,"Explanation: To find day: Count odd days from a reference point. For 15th August 2010: From 1st Jan 2010, count days till 15th Aug. Jan=31, Feb=28, Mar=31, Apr=30,",https://youtu.be/edEvlh0tqzk?si=81qqvrZGKK0xLzYp,20,quiz,634e0da3-7537-424e-aa44-ec487ea3de72
649,2,Aptitude Cheat Sheet (Placement Aptitude),aptitude-cheatsheet,15,Clocks & Calendars,1,Clocks and Calendars Fundamentals,6,Day After Certain Days,Interactive Quiz (GrindGram),Easy,,,"Explanation: 61 days = 8 weeks + 5 days (since 61 = 7×8 + 5). After 8 complete weeks, day remains same (Monday). Adding 5 more days: Monday + 5 = Saturday.",https://youtu.be/edEvlh0tqzk?si=81qqvrZGKK0xLzYp,10,quiz,34ce0852-46ac-4a22-8aec-8b5b06bb8ae3
650,2,Aptitude Cheat Sheet (Placement Aptitude),aptitude-cheatsheet,15,Clocks & Calendars,1,Clocks and Calendars Fundamentals,7,Leap Year Identification,Interactive Quiz (GrindGram),Easy,,,"Explanation: Leap year rules: (1) Divisible by 4, (2) If divisible by 100, must also be divisible by 400. 1900: Divisible by 100 but not 400 → Not leap. 2100: Divi",https://youtu.be/edEvlh0tqzk?si=81qqvrZGKK0xLzYp,10,quiz,e3f60b73-162d-4c35-80a7-ccd129d1de67
651,2,Aptitude Cheat Sheet (Placement Aptitude),aptitude-cheatsheet,15,Clocks & Calendars,1,Clocks and Calendars Fundamentals,8,Odd Days Calculation,Interactive Quiz (GrindGram),Medium,,,Explanation: 2020 is a leap year (divisible by 4 and not a century year exception). Days in 2020 = 366. Odd days = 366 mod 7 = 2 (since 366 = 52 weeks + 2 days). 1,https://youtu.be/edEvlh0tqzk?si=81qqvrZGKK0xLzYp,15,quiz,0c9c6068-2901-4713-a316-645bb2ff9674
652,2,Aptitude Cheat Sheet (Placement Aptitude),aptitude-cheatsheet,16,Height and Distance,1,Height and Distance Fundamentals,1,Shadow Length from Angle of Elevation,Interactive Quiz (GrindGram),Easy,,,Explanation: tan(60°) = Height / Shadow. √3 = 180 / Shadow. Shadow = 180 / √3 = 180 / 1.732 = 103.92 cm.,https://youtu.be/uRA-QqVI3ec?si=cz-74pjJ7EuZuiHS,10,quiz,f0766403-da5c-4cb2-8863-b8ecc19e421d
653,2,Aptitude Cheat Sheet (Placement Aptitude),aptitude-cheatsheet,16,Height and Distance,1,Height and Distance Fundamentals,2,Distance from Angle of Elevation,Interactive Quiz (GrindGram),Medium,,,Explanation: Effective height = 50 - 1.5 = 48.5 m. tan(30°) = Height / Distance. 1/√3 = 48.5 / Distance. Distance = 48.5 × √3 = 48.5 × 1.732 = 84 m.,https://youtu.be/uRA-QqVI3ec?si=cz-74pjJ7EuZuiHS,15,quiz,183d1aac-e7a1-47d9-980f-6a9c2328fdca
654,2,Aptitude Cheat Sheet (Placement Aptitude),aptitude-cheatsheet,16,Height and Distance,1,Height and Distance Fundamentals,3,Distance Between Objects from Depression Angles,Interactive Quiz (GrindGram),Medium,,,Explanation: For 30° angle: tan(30°) = 125/d₁. d₁ = 125/tan(30°) = 125√3 = 216.51 m. For 45° angle: tan(45°) = 125/d₂. d₂ = 125/1 = 125 m. Total distance = d₁ + d₂,https://youtu.be/uRA-QqVI3ec?si=cz-74pjJ7EuZuiHS,15,quiz,dc4ca9c8-ac02-476b-bb95-08cb45591e6a
655,2,Aptitude Cheat Sheet (Placement Aptitude),aptitude-cheatsheet,16,Height and Distance,1,Height and Distance Fundamentals,4,Speed from Changing Angles,Interactive Quiz (GrindGram),Hard,,,"Explanation: Initially car is 200m away at 60° depression. Let building height = h. tan(60°) = h/200, so h = 200√3. After 8 sec at 30°: tan(30°) = h/d₂, so d₂ = h/",https://youtu.be/uRA-QqVI3ec?si=cz-74pjJ7EuZuiHS,20,quiz,88e69db4-cce5-4d0a-a212-7450a687adde
656,2,Aptitude Cheat Sheet (Placement Aptitude),aptitude-cheatsheet,16,Height and Distance,1,Height and Distance Fundamentals,5,Time to Reach from Angle Change,Interactive Quiz (GrindGram),Hard,,,Explanation: Let tower height = h. At 30°: distance d₁ = h/tan(30°) = h√3. At 45°: distance d₂ = h/tan(45°) = h. Distance covered in 10 min = h√3 - h = h(√3-1). Sp,https://youtu.be/uRA-QqVI3ec?si=cz-74pjJ7EuZuiHS,20,quiz,a834fca6-4673-456f-a951-c7747da92f5b
657,2,Aptitude Cheat Sheet (Placement Aptitude),aptitude-cheatsheet,16,Height and Distance,1,Height and Distance Fundamentals,6,Height from Elevation and Depression Angles,Interactive Quiz (GrindGram),Hard,,,"Explanation: Let smaller building height = h, distance between buildings = d. From depression angle 30° from top of taller to foot of smaller: tan(30°) = 60/d, so ",https://youtu.be/uRA-QqVI3ec?si=cz-74pjJ7EuZuiHS,20,quiz,4e306046-75b4-43b8-adb7-d34decd4cf32
658,2,Aptitude Cheat Sheet (Placement Aptitude),aptitude-cheatsheet,17,Volume & Surface,1,Volume and Surface Area Fundamentals,1,Mass from Volume Displacement,Interactive Quiz (GrindGram),Medium,,,Explanation: Volume of water displaced = Length × Width × Depth = 4 × 1.5 × 0.015 = 0.09 m³. Mass of water displaced = Volume × Density = 0.09 × 1000 kg/m³ = 90 kg,https://youtu.be/2rp_-h6PnFo?si=4pd9insRu7_p29IE,15,quiz,b5dd5267-f756-4895-812e-95b8f3b41636
659,2,Aptitude Cheat Sheet (Placement Aptitude),aptitude-cheatsheet,17,Volume & Surface,1,Volume and Surface Area Fundamentals,2,Product of Adjacent Face Areas,Interactive Quiz (GrindGram),Medium,,,"Explanation: Let dimensions be l, b, h. Three adjacent faces: Area₁ = l×b, Area₂ = b×h, Area₃ = h×l. Product = (l×b) × (b×h) × (h×l) = l²b²h² = (lbh)² = Volume². T",https://youtu.be/2rp_-h6PnFo?si=4pd9insRu7_p29IE,15,quiz,9ca24723-8333-4eff-bd6b-6a12d01b0da7
660,2,Aptitude Cheat Sheet (Placement Aptitude),aptitude-cheatsheet,17,Volume & Surface,1,Volume and Surface Area Fundamentals,3,Number of Smaller Cubes,Interactive Quiz (GrindGram),Easy,,,"Explanation: Large cube edge = 2m = 200 cm. Small cube edge = 2 cm. Number of cubes along each edge = 200/2 = 100. Total cubes = 100³ = 1,000,000 = 10⁶.",https://youtu.be/2rp_-h6PnFo?si=4pd9insRu7_p29IE,10,quiz,5d2ebc93-05a3-4f2f-8b31-11f9e2c0233f
661,2,Aptitude Cheat Sheet (Placement Aptitude),aptitude-cheatsheet,17,Volume & Surface,1,Volume and Surface Area Fundamentals,4,Ratio of Cylinder to Cone Volumes,Interactive Quiz (GrindGram),Easy,,,Explanation: Volume of cylinder = πr²h. Volume of cone = (1/3)πr²h. Ratio = πr²h : (1/3)πr²h = 1 : 1/3 = 3:1.,https://youtu.be/2rp_-h6PnFo?si=4pd9insRu7_p29IE,10,quiz,b3128138-b8c6-4948-80c9-283ee143504d
662,2,Aptitude Cheat Sheet (Placement Aptitude),aptitude-cheatsheet,18,Percentage,1,Percentage Fundamentals,1,Two Numbers with Percentage Relationship,Interactive Quiz (GrindGram),Medium,,,"Explanation: Let the numbers be x and y where x > y. Given: x - y = 1550 ... (1). 8% of x = 10% of y, so 0.08x = 0.1y, which gives x = 1.25y ... (2). Substituting ",https://youtu.be/RWdNhJWwzSs?si=CR33AZXgy7n4-gAM,15,quiz,aaf341bf-d52e-4537-b9af-0519259caf3d
663,2,Aptitude Cheat Sheet (Placement Aptitude),aptitude-cheatsheet,18,Percentage,1,Percentage Fundamentals,2,Ratio from Percentage Conditions,Interactive Quiz (GrindGram),Hard,,,Explanation: Given: 0.02P + 0.02Q = (2/3)(0.02P + 0.06Q). Multiply by 100: 2P + 2Q = (2/3)(2P + 6Q). Multiply both sides by 3: 3(2P + 2Q) = 2(2P + 6Q). 6P + 6Q = 4,https://youtu.be/RWdNhJWwzSs?si=CR33AZXgy7n4-gAM,20,quiz,1838c299-4753-420c-a01b-5db8527b73b8
664,2,Aptitude Cheat Sheet (Placement Aptitude),aptitude-cheatsheet,18,Percentage,1,Percentage Fundamentals,3,Number from Percentage Comparison,Interactive Quiz (GrindGram),Easy,,,Explanation: Let number = x. 50% of x = 0.5x. Two-third of x = (2/3)x. Given: (2/3)x - 0.5x = 18. (2/3)x - (1/2)x = 18. (4/6)x - (3/6)x = 18. (1/6)x = 18. x = 108.,https://youtu.be/RWdNhJWwzSs?si=CR33AZXgy7n4-gAM,10,quiz,078fe1d8-fcb6-486e-87f4-ae9c63f0cc6c
665,2,Aptitude Cheat Sheet (Placement Aptitude),aptitude-cheatsheet,18,Percentage,1,Percentage Fundamentals,4,Number from Percentage Reduction,Interactive Quiz (GrindGram),Easy,,,Explanation: Let number = x. Given: x - 35 = 0.8x. x - 0.8x = 35. 0.2x = 35. x = 175. Four-fifth of x = (4/5) × 175 = 140.,https://youtu.be/RWdNhJWwzSs?si=CR33AZXgy7n4-gAM,10,quiz,9379eb60-0d7d-43c8-8f95-d89b33f5ec82
666,3,SQL Interview Sheet (Query Patterns),sql-interview-sheet,1,Basic Information & Schema,1,Introduction & Prerequisites,1,Introduction,Native Platform / Content,General,,,,,0,paragraph,6abb418f-a023-451c-b50a-5e3ff233a9f6
667,3,SQL Interview Sheet (Query Patterns),sql-interview-sheet,1,Basic Information & Schema,1,Introduction & Prerequisites,2,Prerequisites,Native Platform / Content,General,,,,,0,link,9efe14ec-65aa-46d9-af7f-ea4d26405e71
668,3,SQL Interview Sheet (Query Patterns),sql-interview-sheet,1,Basic Information & Schema,2,College Database Schema,1,Your go-to sheet for mastering all the common SQL query patterns used in technical interviews.,Native Platform / Content,Medium,,,,,0,paragraph,9a394b47-43e2-4b8e-bb43-c4736dd9fd08
669,3,SQL Interview Sheet (Query Patterns),sql-interview-sheet,1,Basic Information & Schema,2,College Database Schema,2,Scenario: Your College Database,Native Platform / Content,Medium,,,,,0,paragraph,112c4840-85b9-4cde-8e8e-2d8c2db45f7b
670,3,SQL Interview Sheet (Query Patterns),sql-interview-sheet,1,Basic Information & Schema,2,College Database Schema,3,4 Simple Tables (Easy to Understand!),Native Platform / Content,Medium,,,,,0,paragraph,668fd2f4-7b92-4b49-b0b0-000627f30251
671,3,SQL Interview Sheet (Query Patterns),sql-interview-sheet,1,Basic Information & Schema,2,College Database Schema,4,Table 1: students,Native Platform / Content,Medium,,,,,0,paragraph,07df5ae3-f76e-4ef6-8cd2-4b5ff9e35214
672,3,SQL Interview Sheet (Query Patterns),sql-interview-sheet,1,Basic Information & Schema,2,College Database Schema,5,Students Table Data,Native Platform / Content,Medium,,,,,0,table,bd84ae02-d2da-407e-9d16-b9bb13149c31
673,3,SQL Interview Sheet (Query Patterns),sql-interview-sheet,1,Basic Information & Schema,2,College Database Schema,6,Table 2: professors,Native Platform / Content,Medium,,,,,0,paragraph,352f9efe-f43e-4e9b-8ebe-954528af41bd
674,3,SQL Interview Sheet (Query Patterns),sql-interview-sheet,1,Basic Information & Schema,2,College Database Schema,7,Professors Table Data,Native Platform / Content,Medium,,,,,0,table,2018806c-61e6-4f3f-8112-b980abfb826b
675,3,SQL Interview Sheet (Query Patterns),sql-interview-sheet,1,Basic Information & Schema,2,College Database Schema,8,Table 3: courses,Native Platform / Content,Medium,,,,,0,paragraph,6f1a0214-c199-40cc-94cb-ce3bca499779
676,3,SQL Interview Sheet (Query Patterns),sql-interview-sheet,1,Basic Information & Schema,2,College Database Schema,9,Courses Table Data,Native Platform / Content,Medium,,,,,0,table,683d48f0-8a3d-4b3d-ad43-024b249f511d
677,3,SQL Interview Sheet (Query Patterns),sql-interview-sheet,1,Basic Information & Schema,2,College Database Schema,10,Table 4: enrollments,Native Platform / Content,Medium,,,,,0,paragraph,5049e5b4-71c2-487d-a1a6-8165bd917a59
678,3,SQL Interview Sheet (Query Patterns),sql-interview-sheet,1,Basic Information & Schema,2,College Database Schema,11,Enrollments Table Data,Native Platform / Content,Medium,,,,,0,table,7def9cec-35c6-44da-bbf8-1b9a77c61bf2
679,3,SQL Interview Sheet (Query Patterns),sql-interview-sheet,1,Basic Information & Schema,2,College Database Schema,12,Table 5: examinations,Native Platform / Content,Medium,,,,,0,paragraph,7eb0e130-09ae-4eb8-b260-7d4cb2c22699
680,3,SQL Interview Sheet (Query Patterns),sql-interview-sheet,1,Basic Information & Schema,2,College Database Schema,13,Examinations Table Data,Native Platform / Content,Medium,,,,,0,table,875dd1fc-96bd-4a77-9d55-13cc5748280f
681,3,SQL Interview Sheet (Query Patterns),sql-interview-sheet,2,"SQL Fundamentals - SELECT, WHERE, ORDER BY",1,Top CSE Performers,1,Question,Native Platform / Content,Medium,,,,,0,paragraph,bdb1bcc6-7218-4811-b6f0-0448a2dd4e9a
682,3,SQL Interview Sheet (Query Patterns),sql-interview-sheet,2,"SQL Fundamentals - SELECT, WHERE, ORDER BY",1,Top CSE Performers,2,Solution,Native Platform / Content,Medium,,,,,0,code,84c6e502-e3cc-46e9-8871-85befc606a64
683,3,SQL Interview Sheet (Query Patterns),sql-interview-sheet,2,"SQL Fundamentals - SELECT, WHERE, ORDER BY",1,Top CSE Performers,3,Result,Native Platform / Content,Medium,,,,,0,table,52bfa46c-a756-4486-a5cc-f586c39c20c0
684,3,SQL Interview Sheet (Query Patterns),sql-interview-sheet,2,"SQL Fundamentals - SELECT, WHERE, ORDER BY",2,Veteran Faculty Search,1,Question,Native Platform / Content,Medium,,,,,0,paragraph,a863d412-ac6a-4abc-9770-6371f0a584d7
685,3,SQL Interview Sheet (Query Patterns),sql-interview-sheet,2,"SQL Fundamentals - SELECT, WHERE, ORDER BY",2,Veteran Faculty Search,2,Solution,Native Platform / Content,Medium,,,,,0,code,d49db278-471b-4654-a75f-47807c7acea1
686,3,SQL Interview Sheet (Query Patterns),sql-interview-sheet,2,"SQL Fundamentals - SELECT, WHERE, ORDER BY",2,Veteran Faculty Search,3,Result,Native Platform / Content,Medium,,,,,0,table,e6df1ed2-aba1-4e0f-a187-6edd1312674c
687,3,SQL Interview Sheet (Query Patterns),sql-interview-sheet,2,"SQL Fundamentals - SELECT, WHERE, ORDER BY",3,Credit Power Rankings,1,Question,Native Platform / Content,Medium,,,,,0,paragraph,6fef792c-9876-4b7a-9884-4b92b078e941
688,3,SQL Interview Sheet (Query Patterns),sql-interview-sheet,2,"SQL Fundamentals - SELECT, WHERE, ORDER BY",3,Credit Power Rankings,2,Solution,Native Platform / Content,Medium,,,,,0,code,eb1141b7-ee07-4181-8cfb-3b90cf787266
689,3,SQL Interview Sheet (Query Patterns),sql-interview-sheet,2,"SQL Fundamentals - SELECT, WHERE, ORDER BY",3,Credit Power Rankings,3,Result,Native Platform / Content,Medium,,,,,0,table,1da31853-6807-4f92-80c3-9f46d4b58cb5
690,3,SQL Interview Sheet (Query Patterns),sql-interview-sheet,2,"SQL Fundamentals - SELECT, WHERE, ORDER BY",4,Professor's Course Catalog,1,Question,Native Platform / Content,Medium,,,,,0,paragraph,1b6680e8-59a9-4a8c-aee4-34a77799dc18
691,3,SQL Interview Sheet (Query Patterns),sql-interview-sheet,2,"SQL Fundamentals - SELECT, WHERE, ORDER BY",4,Professor's Course Catalog,2,Solution,Native Platform / Content,Medium,,,,,0,code,b4a47327-202f-4b33-bccc-40fdae1d1009
692,3,SQL Interview Sheet (Query Patterns),sql-interview-sheet,2,"SQL Fundamentals - SELECT, WHERE, ORDER BY",4,Professor's Course Catalog,3,Result,Native Platform / Content,Medium,,,,,0,table,8b1840c0-f370-45e2-b597-a66399cfbf64
693,3,SQL Interview Sheet (Query Patterns),sql-interview-sheet,2,"SQL Fundamentals - SELECT, WHERE, ORDER BY",5,Fresh Recruits,1,Question,Native Platform / Content,Medium,,,,,0,paragraph,f3be046c-f741-49ba-b42c-27a5bbc5f9ac
694,3,SQL Interview Sheet (Query Patterns),sql-interview-sheet,2,"SQL Fundamentals - SELECT, WHERE, ORDER BY",5,Fresh Recruits,2,Solution,Native Platform / Content,Medium,,,,,0,code,64adac6a-ed34-4d9f-9055-6584c74d29c7
695,3,SQL Interview Sheet (Query Patterns),sql-interview-sheet,2,"SQL Fundamentals - SELECT, WHERE, ORDER BY",5,Fresh Recruits,3,Result,Native Platform / Content,Medium,,,,,0,table,34282fd1-58c8-4620-b0d1-553916fdaa6c
696,3,SQL Interview Sheet (Query Patterns),sql-interview-sheet,2,"SQL Fundamentals - SELECT, WHERE, ORDER BY",6,Elite Student League,1,Question,Native Platform / Content,Medium,,,,,0,paragraph,74ee1379-ad4f-46f8-9d56-216035c58906
697,3,SQL Interview Sheet (Query Patterns),sql-interview-sheet,2,"SQL Fundamentals - SELECT, WHERE, ORDER BY",6,Elite Student League,2,Solution,Native Platform / Content,Medium,,,,,0,code,17726a0a-5611-4e79-8406-469e86d19900
698,3,SQL Interview Sheet (Query Patterns),sql-interview-sheet,2,"SQL Fundamentals - SELECT, WHERE, ORDER BY",6,Elite Student League,3,Result,Native Platform / Content,Medium,,,,,0,table,256b3bfd-72fe-4b16-9325-ae2a61d465cd
699,3,SQL Interview Sheet (Query Patterns),sql-interview-sheet,2,"SQL Fundamentals - SELECT, WHERE, ORDER BY",7,Department Diversity Check,1,Question,Native Platform / Content,Medium,,,,,0,paragraph,2292af90-2e10-4dc0-be7c-d4354514250e
700,3,SQL Interview Sheet (Query Patterns),sql-interview-sheet,2,"SQL Fundamentals - SELECT, WHERE, ORDER BY",7,Department Diversity Check,2,Solution,Native Platform / Content,Medium,,,,,0,code,7d9f8024-8ba4-4b86-adce-59a145da49b7
701,3,SQL Interview Sheet (Query Patterns),sql-interview-sheet,2,"SQL Fundamentals - SELECT, WHERE, ORDER BY",7,Department Diversity Check,3,Result,Native Platform / Content,Medium,,,,,0,table,790bdefa-7a47-4fe1-95fa-543ccee943cb
702,3,SQL Interview Sheet (Query Patterns),sql-interview-sheet,3,SQL Sorting & Grouping,1,Find Unique Subjects Per Student,1,Problem,Native Platform / Content,General,,,,,0,paragraph,d8857922-365e-453d-a96a-71d9b46ee65c
703,3,SQL Interview Sheet (Query Patterns),sql-interview-sheet,3,SQL Sorting & Grouping,1,Find Unique Subjects Per Student,2,Solution,Native Platform / Content,General,,,,,0,code,eac085d7-5a30-4138-bde1-6a71dced6ca5
704,3,SQL Interview Sheet (Query Patterns),sql-interview-sheet,3,SQL Sorting & Grouping,1,Find Unique Subjects Per Student,3,Result,Native Platform / Content,General,,,,,0,table,fc8f3e79-51e4-4338-a8dd-4d71d114b068
705,3,SQL Interview Sheet (Query Patterns),sql-interview-sheet,3,SQL Sorting & Grouping,2,Students with Recent Exams,1,Problem,Native Platform / Content,General,,,,,0,paragraph,7a60d9b2-655e-484f-b33d-74c35c2c43a8
706,3,SQL Interview Sheet (Query Patterns),sql-interview-sheet,3,SQL Sorting & Grouping,2,Students with Recent Exams,2,Solution,Native Platform / Content,General,,,,,0,code,06acbaff-ae50-475b-8124-99c42976ec30
707,3,SQL Interview Sheet (Query Patterns),sql-interview-sheet,3,SQL Sorting & Grouping,2,Students with Recent Exams,3,Result,Native Platform / Content,General,,,,,0,table,9cac3e92-21e5-4b5a-b04a-e63aebc0b9ae
708,3,SQL Interview Sheet (Query Patterns),sql-interview-sheet,3,SQL Sorting & Grouping,3,First Exam Per Student,1,Problem,Native Platform / Content,General,,,,,0,paragraph,41f04034-8c6b-49e1-9bc4-25e6089d87c3
709,3,SQL Interview Sheet (Query Patterns),sql-interview-sheet,3,SQL Sorting & Grouping,3,First Exam Per Student,2,Solution,Native Platform / Content,General,,,,,0,code,94e19dec-a155-49ab-b1ce-9ad12ebcb2d6
710,3,SQL Interview Sheet (Query Patterns),sql-interview-sheet,3,SQL Sorting & Grouping,3,First Exam Per Student,3,Result,Native Platform / Content,General,,,,,0,table,ce9aa9d1-d4a7-4d15-8ff4-06a2e6466981
711,3,SQL Interview Sheet (Query Patterns),sql-interview-sheet,3,SQL Sorting & Grouping,4,Students Per Professor,1,Problem,Native Platform / Content,General,,,,,0,paragraph,882e418a-41a0-4ff9-bb35-286beb6bec78
712,3,SQL Interview Sheet (Query Patterns),sql-interview-sheet,3,SQL Sorting & Grouping,4,Students Per Professor,2,Solution,Native Platform / Content,General,,,,,0,code,eba9a153-3413-4a6a-8058-5edb3808c9c4
713,3,SQL Interview Sheet (Query Patterns),sql-interview-sheet,3,SQL Sorting & Grouping,4,Students Per Professor,3,Result,Native Platform / Content,General,,,,,0,table,a96e9c9a-1f07-473a-98f7-0753ac789d01
714,3,SQL Interview Sheet (Query Patterns),sql-interview-sheet,4,Aggregate Functions,1,Find Average CGPA of All Students,1,Problem,Native Platform / Content,General,,,,,0,paragraph,9e87c38c-e176-4eb8-bf66-a8927331fe37
715,3,SQL Interview Sheet (Query Patterns),sql-interview-sheet,4,Aggregate Functions,1,Find Average CGPA of All Students,2,Solution,Native Platform / Content,General,,,,,0,code,3a2458cc-f94a-4f0a-b442-e770e1ea0f99
716,3,SQL Interview Sheet (Query Patterns),sql-interview-sheet,4,Aggregate Functions,1,Find Average CGPA of All Students,3,Result,Native Platform / Content,General,,,,,0,table,3df00a5b-800d-4142-8079-54567d3ebbea
717,3,SQL Interview Sheet (Query Patterns),sql-interview-sheet,4,Aggregate Functions,2,Find Students with Odd ID in CSE Department,1,Problem,Native Platform / Content,General,,,,,0,paragraph,e45a9be9-e719-424b-b4b1-72f4856f1a75
718,3,SQL Interview Sheet (Query Patterns),sql-interview-sheet,4,Aggregate Functions,2,Find Students with Odd ID in CSE Department,2,Solution,Native Platform / Content,General,,,,,0,code,73039a3f-f7e1-422b-a831-78b2f9ddad15
719,3,SQL Interview Sheet (Query Patterns),sql-interview-sheet,4,Aggregate Functions,2,Find Students with Odd ID in CSE Department,3,Result,Native Platform / Content,General,,,,,0,table,ee000883-9017-4be8-9d05-2c4782b35ebc
720,3,SQL Interview Sheet (Query Patterns),sql-interview-sheet,4,Aggregate Functions,3,Find Highest CGPA Among ME Students,1,Problem,Native Platform / Content,General,,,,,0,paragraph,9e7e6703-b413-4f06-83bf-5e6a53902291
721,3,SQL Interview Sheet (Query Patterns),sql-interview-sheet,4,Aggregate Functions,3,Find Highest CGPA Among ME Students,2,Solution,Native Platform / Content,General,,,,,0,code,aee50b5d-5f19-4b37-a86e-aaf91fd159dd
722,3,SQL Interview Sheet (Query Patterns),sql-interview-sheet,4,Aggregate Functions,3,Find Highest CGPA Among ME Students,3,Result,Native Platform / Content,General,,,,,0,table,ec880d6b-9dbc-4a29-b1a3-5fcc54377065
723,3,SQL Interview Sheet (Query Patterns),sql-interview-sheet,4,Aggregate Functions,4,Count Students by Department,1,Problem,Native Platform / Content,General,,,,,0,paragraph,4b2ddf38-81e3-4682-800a-25f917b80650
724,3,SQL Interview Sheet (Query Patterns),sql-interview-sheet,4,Aggregate Functions,4,Count Students by Department,2,Solution,Native Platform / Content,General,,,,,0,code,8af6ba2a-fac4-4855-9969-776fd549e871
725,3,SQL Interview Sheet (Query Patterns),sql-interview-sheet,4,Aggregate Functions,4,Count Students by Department,3,Result,Native Platform / Content,General,,,,,0,table,f32e5e85-6223-452c-a097-bafba7fd83ae
726,3,SQL Interview Sheet (Query Patterns),sql-interview-sheet,4,Aggregate Functions,5,Average Exam Duration by Course,1,Problem,Native Platform / Content,General,,,,,0,paragraph,2ac89769-aac5-405b-8919-7f2630484c04
727,3,SQL Interview Sheet (Query Patterns),sql-interview-sheet,4,Aggregate Functions,5,Average Exam Duration by Course,2,Solution,Native Platform / Content,General,,,,,0,code,86ca87fe-440f-4658-b1d9-aa4d755af993
728,3,SQL Interview Sheet (Query Patterns),sql-interview-sheet,4,Aggregate Functions,5,Average Exam Duration by Course,3,Result,Native Platform / Content,General,,,,,0,table,c79e2a89-cd12-43cf-945c-3efdd88a5a75
729,3,SQL Interview Sheet (Query Patterns),sql-interview-sheet,4,Aggregate Functions,6,Average Professor Experience by Department,1,Problem,Native Platform / Content,General,,,,,0,paragraph,d89da356-2d24-4178-8d7d-79d9bb81cf64
730,3,SQL Interview Sheet (Query Patterns),sql-interview-sheet,4,Aggregate Functions,6,Average Professor Experience by Department,2,Solution,Native Platform / Content,General,,,,,0,code,038a0ecf-915e-49db-8bd4-b6542ccef3ea
731,3,SQL Interview Sheet (Query Patterns),sql-interview-sheet,4,Aggregate Functions,6,Average Professor Experience by Department,3,Result,Native Platform / Content,General,,,,,0,table,25108fac-acfa-462f-91ca-1d30ee19a4d0
732,3,SQL Interview Sheet (Query Patterns),sql-interview-sheet,4,Aggregate Functions,7,Course Registration Percentage,1,Problem,Native Platform / Content,General,,,,,0,paragraph,bb97bb91-a2ea-4781-a8b8-92d6f1d6afec
733,3,SQL Interview Sheet (Query Patterns),sql-interview-sheet,4,Aggregate Functions,7,Course Registration Percentage,2,Solution,Native Platform / Content,General,,,,,0,code,ff459455-906e-4173-85c3-f712a5e7e0da
734,3,SQL Interview Sheet (Query Patterns),sql-interview-sheet,4,Aggregate Functions,7,Course Registration Percentage,3,Result,Native Platform / Content,General,,,,,0,table,096bafa8-55b8-4541-a273-265c1d5acfba
735,3,SQL Interview Sheet (Query Patterns),sql-interview-sheet,4,Aggregate Functions,8,Monthly Exam Statistics by Department,1,Problem,Native Platform / Content,General,,,,,0,paragraph,c9c99fd8-f44f-4171-9305-b8039d68d96d
736,3,SQL Interview Sheet (Query Patterns),sql-interview-sheet,4,Aggregate Functions,8,Monthly Exam Statistics by Department,2,Solution,Native Platform / Content,General,,,,,0,code,14ce3a81-b63b-426a-98fc-2fcd0b1ec849
737,3,SQL Interview Sheet (Query Patterns),sql-interview-sheet,4,Aggregate Functions,8,Monthly Exam Statistics by Department,3,Result,Native Platform / Content,General,,,,,0,table,22897be9-6d5f-4fba-a3ee-f9ee2325c6da
738,3,SQL Interview Sheet (Query Patterns),sql-interview-sheet,5,"Joins (INNER, LEFT, RIGHT)",1,Student Course Roster,1,Question,Native Platform / Content,Medium,,,,,0,paragraph,52be6a33-7356-46a9-b7f3-74f76a936759
739,3,SQL Interview Sheet (Query Patterns),sql-interview-sheet,5,"Joins (INNER, LEFT, RIGHT)",1,Student Course Roster,2,Solution,Native Platform / Content,Medium,,,,,0,code,a34a300e-8cfd-464f-a4cc-a59a0badcecc
740,3,SQL Interview Sheet (Query Patterns),sql-interview-sheet,5,"Joins (INNER, LEFT, RIGHT)",1,Student Course Roster,3,Result,Native Platform / Content,Medium,,,,,0,table,e43333b2-bd44-4af7-bc3b-d202b58b5293
741,3,SQL Interview Sheet (Query Patterns),sql-interview-sheet,5,"Joins (INNER, LEFT, RIGHT)",2,Unregistered Students,1,Question,Native Platform / Content,Medium,,,,,0,paragraph,f2570e34-74eb-4eab-b0b4-cdfa16bfc957
742,3,SQL Interview Sheet (Query Patterns),sql-interview-sheet,5,"Joins (INNER, LEFT, RIGHT)",2,Unregistered Students,2,Solution,Native Platform / Content,Medium,,,,,0,code,468d0584-d591-45b2-b0c5-c33ec2e54781
743,3,SQL Interview Sheet (Query Patterns),sql-interview-sheet,5,"Joins (INNER, LEFT, RIGHT)",2,Unregistered Students,3,Result,Native Platform / Content,Medium,,,,,0,table,f33b82f0-9338-4efd-98ab-5121f3c7cd79
744,3,SQL Interview Sheet (Query Patterns),sql-interview-sheet,5,"Joins (INNER, LEFT, RIGHT)",3,Busy Professors,1,Question,Native Platform / Content,Medium,,,,,0,paragraph,050d5a40-4b00-4ab2-a74b-556cbfd8cf94
745,3,SQL Interview Sheet (Query Patterns),sql-interview-sheet,5,"Joins (INNER, LEFT, RIGHT)",3,Busy Professors,2,Solution,Native Platform / Content,Medium,,,,,0,code,b1fd9bb3-19a3-4b79-939a-b90d525154c4
746,3,SQL Interview Sheet (Query Patterns),sql-interview-sheet,5,"Joins (INNER, LEFT, RIGHT)",3,Busy Professors,3,Result,Native Platform / Content,Medium,,,,,0,table,9da9f326-079f-483f-8310-9acc1faab3a1
747,3,SQL Interview Sheet (Query Patterns),sql-interview-sheet,5,"Joins (INNER, LEFT, RIGHT)",4,Orphaned Courses,1,Question,Native Platform / Content,Medium,,,,,0,paragraph,d56428a5-b642-4fa7-ae5f-5815bac08c6f
748,3,SQL Interview Sheet (Query Patterns),sql-interview-sheet,5,"Joins (INNER, LEFT, RIGHT)",4,Orphaned Courses,2,Solution,Native Platform / Content,Medium,,,,,0,code,85854f65-9050-41fd-b5b4-63ff62d50b65
749,3,SQL Interview Sheet (Query Patterns),sql-interview-sheet,5,"Joins (INNER, LEFT, RIGHT)",4,Orphaned Courses,3,Result,Native Platform / Content,Medium,,,,,0,table,87aca6e8-e46f-47ed-aa0d-a9d334f0d25a
750,3,SQL Interview Sheet (Query Patterns),sql-interview-sheet,5,"Joins (INNER, LEFT, RIGHT)",5,Above Average Scholars,1,Question,Native Platform / Content,Medium,,,,,0,paragraph,fba5efec-4531-403a-9af3-0f5d88ff26da
751,3,SQL Interview Sheet (Query Patterns),sql-interview-sheet,5,"Joins (INNER, LEFT, RIGHT)",5,Above Average Scholars,2,Solution,Native Platform / Content,Medium,,,,,0,code,64c606be-9036-421e-867f-6645a58439fd
752,3,SQL Interview Sheet (Query Patterns),sql-interview-sheet,5,"Joins (INNER, LEFT, RIGHT)",5,Above Average Scholars,3,Result,Native Platform / Content,Medium,,,,,0,table,2b02319a-6b8d-48a6-bddd-e3648e0e8895
753,3,SQL Interview Sheet (Query Patterns),sql-interview-sheet,5,"Joins (INNER, LEFT, RIGHT)",6,Attendance Tracker,1,Question,Native Platform / Content,Medium,,,,,0,paragraph,db1686aa-ef7c-486a-8540-ae38dadc71e0
754,3,SQL Interview Sheet (Query Patterns),sql-interview-sheet,5,"Joins (INNER, LEFT, RIGHT)",6,Attendance Tracker,2,Solution,Native Platform / Content,Medium,,,,,0,code,3a1711e3-1995-47d6-924d-37f1f9e62bdd
755,3,SQL Interview Sheet (Query Patterns),sql-interview-sheet,5,"Joins (INNER, LEFT, RIGHT)",6,Attendance Tracker,3,Result,Native Platform / Content,Medium,,,,,0,table,388d1c9b-8e54-4983-b91e-483ee42d4cab
756,3,SQL Interview Sheet (Query Patterns),sql-interview-sheet,5,"Joins (INNER, LEFT, RIGHT)",7,Exam Duration Calculator,1,Question,Native Platform / Content,Medium,,,,,0,paragraph,932f6f19-03bc-48e7-aef5-f29ea8aca011
757,3,SQL Interview Sheet (Query Patterns),sql-interview-sheet,5,"Joins (INNER, LEFT, RIGHT)",7,Exam Duration Calculator,2,Solution,Native Platform / Content,Medium,,,,,0,code,89cdade2-3169-4e06-8c37-7172197ad6d9
758,3,SQL Interview Sheet (Query Patterns),sql-interview-sheet,5,"Joins (INNER, LEFT, RIGHT)",7,Exam Duration Calculator,3,Result,Native Platform / Content,Medium,,,,,0,table,0f4e583c-1434-495e-af23-5fd0cb711def
759,3,SQL Interview Sheet (Query Patterns),sql-interview-sheet,5,"Joins (INNER, LEFT, RIGHT)",8,Professor Impact Score,1,Question,Native Platform / Content,Medium,,,,,0,paragraph,e5799373-ca1d-4c38-bd4b-6c0c81e5bb32
760,3,SQL Interview Sheet (Query Patterns),sql-interview-sheet,5,"Joins (INNER, LEFT, RIGHT)",8,Professor Impact Score,2,Solution,Native Platform / Content,Medium,,,,,0,code,d157c6d3-40c4-44a4-9f4c-b1166c17d2a5
761,3,SQL Interview Sheet (Query Patterns),sql-interview-sheet,5,"Joins (INNER, LEFT, RIGHT)",8,Professor Impact Score,3,Result,Native Platform / Content,Medium,,,,,0,table,7248a6ff-f3de-4cf2-9ddc-e7eca3aba4d8
762,3,SQL Interview Sheet (Query Patterns),sql-interview-sheet,6,Advanced Queries,1,The Professor Report Challenge,1,Problem Context,Native Platform / Content,General,,,,,0,paragraph,4d55fe4a-1e09-4260-a78c-8edb1f31f078
763,3,SQL Interview Sheet (Query Patterns),sql-interview-sheet,6,Advanced Queries,1,The Professor Report Challenge,2,Task,Native Platform / Content,General,,,,,0,paragraph,c020d132-e10f-4a6e-a2fb-73b4c347f171
764,3,SQL Interview Sheet (Query Patterns),sql-interview-sheet,6,Advanced Queries,1,The Professor Report Challenge,3,Requirements,Native Platform / Content,General,,,,,0,list,d835a6bf-11af-49eb-8eca-4f22e968432c
765,3,SQL Interview Sheet (Query Patterns),sql-interview-sheet,6,Advanced Queries,1,The Professor Report Challenge,4,Output,Native Platform / Content,General,,,,,0,paragraph,166d4b75-0954-4d17-8d36-72bd68e11656
766,3,SQL Interview Sheet (Query Patterns),sql-interview-sheet,6,Advanced Queries,1,The Professor Report Challenge,5,Solution,Native Platform / Content,General,,,,,0,code,506ac2ea-754a-4c21-8dd9-908e6adc5fb7
767,3,SQL Interview Sheet (Query Patterns),sql-interview-sheet,6,Advanced Queries,1,The Professor Report Challenge,6,Result,Native Platform / Content,General,,,,,0,table,d968a857-278a-4c97-8967-b3bb334b2de3
768,3,SQL Interview Sheet (Query Patterns),sql-interview-sheet,6,Advanced Queries,2,Student Primary Department,1,Problem Context,Native Platform / Content,General,,,,,0,paragraph,f4a12000-367f-499d-b4d0-baac64fc05e1
769,3,SQL Interview Sheet (Query Patterns),sql-interview-sheet,6,Advanced Queries,2,Student Primary Department,2,Logic,Native Platform / Content,General,,,,,0,paragraph,0819bbc5-ca7e-4e14-9849-04327e6b694a
770,3,SQL Interview Sheet (Query Patterns),sql-interview-sheet,6,Advanced Queries,2,Student Primary Department,3,Rules,Native Platform / Content,General,,,,,0,list,5f0dd2d4-dc22-469c-afab-d9a6fc540b0a
771,3,SQL Interview Sheet (Query Patterns),sql-interview-sheet,6,Advanced Queries,2,Student Primary Department,4,Task,Native Platform / Content,General,,,,,0,paragraph,498c24ec-d8cf-422d-881b-9c75684c9177
772,3,SQL Interview Sheet (Query Patterns),sql-interview-sheet,6,Advanced Queries,2,Student Primary Department,5,Solution,Native Platform / Content,General,,,,,0,code,9f65c4d8-7853-4c70-bd6f-22a13b0f6139
773,3,SQL Interview Sheet (Query Patterns),sql-interview-sheet,6,Advanced Queries,2,Student Primary Department,6,Result,Native Platform / Content,General,,,,,0,table,a87e3578-5a48-4a62-b746-aeed563d3d77
774,3,SQL Interview Sheet (Query Patterns),sql-interview-sheet,6,Advanced Queries,3,The 1000-Minute Exam Budget,1,Problem Context,Native Platform / Content,General,,,,,0,paragraph,bc6c7ca0-59c9-440d-b719-6b5a1074f2c3
775,3,SQL Interview Sheet (Query Patterns),sql-interview-sheet,6,Advanced Queries,3,The 1000-Minute Exam Budget,2,Task,Native Platform / Content,General,,,,,0,paragraph,87131c98-ea9b-48eb-9bde-a46a88ab25c8
776,3,SQL Interview Sheet (Query Patterns),sql-interview-sheet,6,Advanced Queries,3,The 1000-Minute Exam Budget,3,Notes,Native Platform / Content,General,,,,,0,list,ff5f4cc4-cdeb-4b04-8bd8-6a550bbfb48d
777,3,SQL Interview Sheet (Query Patterns),sql-interview-sheet,6,Advanced Queries,3,The 1000-Minute Exam Budget,4,Solution,Native Platform / Content,General,,,,,0,code,9d4292d4-32d5-48eb-adf3-9fbd1a6ae991
778,3,SQL Interview Sheet (Query Patterns),sql-interview-sheet,6,Advanced Queries,3,The 1000-Minute Exam Budget,5,Result,Native Platform / Content,General,,,,,0,table,af78f73c-0c35-4337-b252-b0d85882ac2b
779,3,SQL Interview Sheet (Query Patterns),sql-interview-sheet,6,Advanced Queries,4,Consecutive Grade Pattern,1,Problem,Native Platform / Content,General,,,,,0,paragraph,69bcbd40-0865-4c91-a5c3-6485e1218693
780,3,SQL Interview Sheet (Query Patterns),sql-interview-sheet,6,Advanced Queries,4,Consecutive Grade Pattern,2,Important,Native Platform / Content,General,,,,,0,paragraph,ab86fcc9-a65d-47ef-9f40-5770788559b4
781,3,SQL Interview Sheet (Query Patterns),sql-interview-sheet,6,Advanced Queries,4,Consecutive Grade Pattern,3,Output,Native Platform / Content,General,,,,,0,paragraph,6bda69ae-2d1b-4022-97c1-5fc605e3d7b5
782,3,SQL Interview Sheet (Query Patterns),sql-interview-sheet,6,Advanced Queries,4,Consecutive Grade Pattern,4,Solution,Native Platform / Content,General,,,,,0,code,dbdabde6-a93f-4fc0-8b56-bd81a7705254
783,3,SQL Interview Sheet (Query Patterns),sql-interview-sheet,6,Advanced Queries,4,Consecutive Grade Pattern,5,Result,Native Platform / Content,General,,,,,0,table,2e8f09b8-107b-4be5-8010-2f3dd01ed95a
784,3,SQL Interview Sheet (Query Patterns),sql-interview-sheet,7,Subqueries & Nested Logic,1,Students Above Department Average,1,Problem Statement,Native Platform / Content,General,,,,,0,paragraph,d64ec7ef-e434-4fa3-b122-d2441dfc34ef
785,3,SQL Interview Sheet (Query Patterns),sql-interview-sheet,7,Subqueries & Nested Logic,1,Students Above Department Average,2,Solution,Native Platform / Content,General,,,,,0,code,ba9ac596-95b8-4ec7-b6ad-3857ab14ba96
786,3,SQL Interview Sheet (Query Patterns),sql-interview-sheet,7,Subqueries & Nested Logic,1,Students Above Department Average,3,Result,Native Platform / Content,General,,,,,0,table,5f8327f9-5726-4546-89fe-ea59dec56e85
787,3,SQL Interview Sheet (Query Patterns),sql-interview-sheet,7,Subqueries & Nested Logic,2,Courses Not Taken by Any Delhi Student,1,Problem Statement,Native Platform / Content,General,,,,,0,paragraph,07ce9f13-0c1c-4d88-8e32-e0e816d9d376
788,3,SQL Interview Sheet (Query Patterns),sql-interview-sheet,7,Subqueries & Nested Logic,2,Courses Not Taken by Any Delhi Student,2,Solution,Native Platform / Content,General,,,,,0,code,8028edbf-c239-4d07-96ad-3d51e482552d
789,3,SQL Interview Sheet (Query Patterns),sql-interview-sheet,7,Subqueries & Nested Logic,2,Courses Not Taken by Any Delhi Student,3,Result,Native Platform / Content,General,,,,,0,table,4a263933-d16d-406f-91ce-795694fe2ad9
790,3,SQL Interview Sheet (Query Patterns),sql-interview-sheet,7,Subqueries & Nested Logic,3,Enrolled in All Courses by Dr. Meera,1,Problem Statement,Native Platform / Content,General,,,,,0,paragraph,93e86cb3-e712-4a30-8ed7-2cf56df2e0ee
791,3,SQL Interview Sheet (Query Patterns),sql-interview-sheet,7,Subqueries & Nested Logic,3,Enrolled in All Courses by Dr. Meera,2,Solution,Native Platform / Content,General,,,,,0,code,d706560a-027a-47f3-8df1-49493959c5ba
792,3,SQL Interview Sheet (Query Patterns),sql-interview-sheet,7,Subqueries & Nested Logic,3,Enrolled in All Courses by Dr. Meera,3,Result,Native Platform / Content,General,,,,,0,table,39fc5793-7bb8-4242-878f-dcd63163c371
793,3,SQL Interview Sheet (Query Patterns),sql-interview-sheet,7,Subqueries & Nested Logic,4,Department With Highest Average Attendance,1,Problem Statement,Native Platform / Content,General,,,,,0,paragraph,7b43bf82-2878-43d3-b436-6cf98a494700
794,3,SQL Interview Sheet (Query Patterns),sql-interview-sheet,7,Subqueries & Nested Logic,4,Department With Highest Average Attendance,2,Solution,Native Platform / Content,General,,,,,0,code,df7649c8-a177-4ba9-87b1-e8235a18ba06
795,3,SQL Interview Sheet (Query Patterns),sql-interview-sheet,7,Subqueries & Nested Logic,4,Department With Highest Average Attendance,3,Result,Native Platform / Content,General,,,,,0,table,460d2820-d268-4a04-be66-f7fb763acce6
796,3,SQL Interview Sheet (Query Patterns),sql-interview-sheet,7,Subqueries & Nested Logic,5,Course with Highest Average Attendance in Fall 2024,1,Problem Statement,Native Platform / Content,General,,,,,0,paragraph,feba3cee-69f1-4d75-a416-b6e3a84520c4
797,3,SQL Interview Sheet (Query Patterns),sql-interview-sheet,7,Subqueries & Nested Logic,5,Course with Highest Average Attendance in Fall 2024,2,Solution,Native Platform / Content,General,,,,,0,code,3c5482d0-c438-4fb4-986c-b64da93a2035
798,3,SQL Interview Sheet (Query Patterns),sql-interview-sheet,7,Subqueries & Nested Logic,5,Course with Highest Average Attendance in Fall 2024,3,Result,Native Platform / Content,General,,,,,0,table,68ec0a37-6e9b-45e0-8853-264e09748523
799,3,SQL Interview Sheet (Query Patterns),sql-interview-sheet,7,Subqueries & Nested Logic,6,Students with Most Classmates,1,Problem Statement,Native Platform / Content,General,,,,,0,paragraph,de4c8087-be11-4424-b662-8057938b4c93
800,3,SQL Interview Sheet (Query Patterns),sql-interview-sheet,7,Subqueries & Nested Logic,6,Students with Most Classmates,2,Solution,Native Platform / Content,General,,,,,0,code,6c368ed8-6df7-4933-b07a-d607396f3299
801,3,SQL Interview Sheet (Query Patterns),sql-interview-sheet,7,Subqueries & Nested Logic,6,Students with Most Classmates,3,Result,Native Platform / Content,General,,,,,0,table,12455a63-7e3f-44ed-b71c-dabfc841f16b
802,4,SQL Masterclass (Comprehensive),sql-masterclass,1,Introduction to SQL,1,Basics of SQL,1,What is SQL?,Native Platform / Content,Medium,,,,,0,heading,d9b8db96-a278-4619-86ef-31db7b188305
803,4,SQL Masterclass (Comprehensive),sql-masterclass,1,Introduction to SQL,1,Basics of SQL,2,SQL Introduction,Native Platform / Content,Medium,,,,,5,paragraph,47ee6810-a136-4d02-88bf-cf21ec928e6a
804,4,SQL Masterclass (Comprehensive),sql-masterclass,1,Introduction to SQL,1,Basics of SQL,3,What is a query?,Native Platform / Content,Medium,,,,,0,heading,fb59d151-7e59-41ed-837c-8209eae4c103
805,4,SQL Masterclass (Comprehensive),sql-masterclass,1,Introduction to SQL,1,Basics of SQL,4,Query Definition,Native Platform / Content,Medium,,,,,5,paragraph,8aaa613e-3e9e-47a1-b507-0554a5ab97be
806,4,SQL Masterclass (Comprehensive),sql-masterclass,1,Introduction to SQL,1,Basics of SQL,5,Interview Tip,Native Platform / Content,Medium,,,,,10,tip,8e4574c8-a345-4175-a9f2-decfa0245e82
807,4,SQL Masterclass (Comprehensive),sql-masterclass,1,Introduction to SQL,1,Basics of SQL,6,Divider,Native Platform / Content,Medium,,,,,0,divider,4358d7c4-0cbc-4d01-9555-77e2db78bd14
808,4,SQL Masterclass (Comprehensive),sql-masterclass,1,Introduction to SQL,1,Basics of SQL,7,Syntax in SQL,Native Platform / Content,Medium,,,,,0,heading,8407e221-7481-4ea5-b2e1-8b20daaffb34
809,4,SQL Masterclass (Comprehensive),sql-masterclass,1,Introduction to SQL,1,Basics of SQL,8,SQL Syntax Introduction,Native Platform / Content,Medium,,,,,5,paragraph,0fcf7a36-c019-4292-8b6b-88fd6ca06af5
810,4,SQL Masterclass (Comprehensive),sql-masterclass,1,Introduction to SQL,1,Basics of SQL,9,Item 9,Native Platform / Content,Medium,,,,,20,code_block,eb62220f-d0cd-4bb4-b675-442dd286b059
811,4,SQL Masterclass (Comprehensive),sql-masterclass,1,Introduction to SQL,1,Basics of SQL,10,"Advanced note (optional, for the curious)",Native Platform / Content,Medium,,,,,10,info,626cb3ce-90c5-4140-bdd7-9098d8480a0f
812,4,SQL Masterclass (Comprehensive),sql-masterclass,1,Introduction to SQL,2,Sample Database - College Management System,1,Scenario: Your College Database,Native Platform / Content,Medium,,,,,0,heading,675cf48e-37c5-410a-a9bc-293e6ecd186f
813,4,SQL Masterclass (Comprehensive),sql-masterclass,1,Introduction to SQL,2,Sample Database - College Management System,2,Database Scenario,Native Platform / Content,Medium,,,,,5,paragraph,cd943ca7-806b-48d5-8555-48220059e971
814,4,SQL Masterclass (Comprehensive),sql-masterclass,1,Introduction to SQL,2,Sample Database - College Management System,3,Divider,Native Platform / Content,Medium,,,,,0,divider,1bab9a42-a4ad-4271-b0ed-59e6c0361fb6
815,4,SQL Masterclass (Comprehensive),sql-masterclass,1,Introduction to SQL,2,Sample Database - College Management System,4,4 Simple Tables,Native Platform / Content,Medium,,,,,0,heading,7fde3108-fa35-4cf0-a5e3-5e68f1ecc096
816,4,SQL Masterclass (Comprehensive),sql-masterclass,1,Introduction to SQL,2,Sample Database - College Management System,5,Table 1: students,Native Platform / Content,Medium,,,,,0,heading,d9c57dbc-178b-4a8b-866a-eaf5c324fde1
817,4,SQL Masterclass (Comprehensive),sql-masterclass,1,Introduction to SQL,2,Sample Database - College Management System,6,Students Table Description,Native Platform / Content,Medium,,,,,0,paragraph,b0cbf6b0-0c6e-4cf3-8afa-09c50a0629a8
818,4,SQL Masterclass (Comprehensive),sql-masterclass,1,Introduction to SQL,2,Sample Database - College Management System,7,Students Table,Native Platform / Content,Medium,,,,,10,table,4ed84947-c603-46dd-84cf-b3efcc555a5b
819,4,SQL Masterclass (Comprehensive),sql-masterclass,1,Introduction to SQL,2,Sample Database - College Management System,8,Table 2: professors,Native Platform / Content,Medium,,,,,0,heading,f30240ce-aa91-4f17-a103-d6fd71748b75
820,4,SQL Masterclass (Comprehensive),sql-masterclass,1,Introduction to SQL,2,Sample Database - College Management System,9,Professors Table Description,Native Platform / Content,Medium,,,,,0,paragraph,80ded7b8-d8b6-44a2-96b9-b52412418ec4
821,4,SQL Masterclass (Comprehensive),sql-masterclass,1,Introduction to SQL,2,Sample Database - College Management System,10,Professors Table,Native Platform / Content,Medium,,,,,10,table,06216000-8834-4fb9-b9bc-cc14ef44359d
822,4,SQL Masterclass (Comprehensive),sql-masterclass,1,Introduction to SQL,2,Sample Database - College Management System,11,Table 3: courses,Native Platform / Content,Medium,,,,,0,heading,f7294c4d-d150-43c2-8856-efe7bf88cb6b
823,4,SQL Masterclass (Comprehensive),sql-masterclass,1,Introduction to SQL,2,Sample Database - College Management System,12,Courses Table Description,Native Platform / Content,Medium,,,,,0,paragraph,65fcab72-4310-4820-94ea-d9ee727583e3
824,4,SQL Masterclass (Comprehensive),sql-masterclass,1,Introduction to SQL,2,Sample Database - College Management System,13,Courses Table,Native Platform / Content,Medium,,,,,10,table,087a4951-e6bd-4b67-b82a-b5a55c400c03
825,4,SQL Masterclass (Comprehensive),sql-masterclass,1,Introduction to SQL,2,Sample Database - College Management System,14,Table 4: enrollments,Native Platform / Content,Medium,,,,,0,heading,e69ee9d0-036a-4d5f-b029-9054e099acbb
826,4,SQL Masterclass (Comprehensive),sql-masterclass,1,Introduction to SQL,2,Sample Database - College Management System,15,Enrollments Table Description,Native Platform / Content,Medium,,,,,0,paragraph,4cf867eb-cbc7-4388-99bd-2e4a41292fe9
827,4,SQL Masterclass (Comprehensive),sql-masterclass,1,Introduction to SQL,2,Sample Database - College Management System,16,Enrollments Table,Native Platform / Content,Medium,,,,,10,table,b2331206-839a-4b2b-aa94-0b9180270751
828,4,SQL Masterclass (Comprehensive),sql-masterclass,1,Introduction to SQL,2,Sample Database - College Management System,17,Learning Quote,Native Platform / Content,Medium,,,,,0,quote,60e9d8c1-cd4d-4b77-9879-888b3638f734
829,4,SQL Masterclass (Comprehensive),sql-masterclass,2,Basic SQL Queries,1,Introduction to SQL Commands,1,Types of SQL Operations,Native Platform / Content,Medium,,,,,0,heading,48032578-0b33-4a7d-8d06-6e00e17af92e
830,4,SQL Masterclass (Comprehensive),sql-masterclass,2,Basic SQL Queries,1,Introduction to SQL Commands,2,SQL Types Introduction,Native Platform / Content,Medium,,,,,5,paragraph,3984537c-d8fd-42ac-b8de-fc9a35d9a2a0
831,4,SQL Masterclass (Comprehensive),sql-masterclass,2,Basic SQL Queries,1,Introduction to SQL Commands,3,SQL Categories,Native Platform / Content,Medium,,,,,10,list,7a64685b-c725-4bcb-b4c9-52b7991fa66c
832,4,SQL Masterclass (Comprehensive),sql-masterclass,2,Basic SQL Queries,1,Introduction to SQL Commands,4,Learning Note,Native Platform / Content,Medium,,,,,0,paragraph,d4881f8f-958e-431a-a270-6ca02fc80a8f
833,4,SQL Masterclass (Comprehensive),sql-masterclass,2,Basic SQL Queries,2,CREATE - Creating Tables,1,CREATE Command,Native Platform / Content,Medium,,,,,0,heading,65cb7fe4-e4f4-4fe8-ac01-010161e625c0
834,4,SQL Masterclass (Comprehensive),sql-masterclass,2,Basic SQL Queries,2,CREATE - Creating Tables,2,CREATE Introduction,Native Platform / Content,Medium,,,,,5,paragraph,b932bc97-5e91-4eef-a8ef-d46a8eced3c7
835,4,SQL Masterclass (Comprehensive),sql-masterclass,2,Basic SQL Queries,2,CREATE - Creating Tables,3,CREATE Explanation,Native Platform / Content,Medium,,,,,5,paragraph,af1376cd-8acd-4894-9a62-af53e6ccbdac
836,4,SQL Masterclass (Comprehensive),sql-masterclass,2,Basic SQL Queries,2,CREATE - Creating Tables,4,CREATE Requirements,Native Platform / Content,Medium,,,,,0,paragraph,9ecfc8a1-ef56-4b17-bc9f-821cfd6afb65
837,4,SQL Masterclass (Comprehensive),sql-masterclass,2,Basic SQL Queries,2,CREATE - Creating Tables,5,CREATE Requirements List,Native Platform / Content,Medium,,,,,5,list,c4b99cc0-26fd-4528-8db6-412dae924ce4
838,4,SQL Masterclass (Comprehensive),sql-masterclass,2,Basic SQL Queries,2,CREATE - Creating Tables,6,Syntax Introduction,Native Platform / Content,Medium,,,,,0,paragraph,c1b4e527-432e-4bac-9451-a455c9dd9d1f
839,4,SQL Masterclass (Comprehensive),sql-masterclass,2,Basic SQL Queries,2,CREATE - Creating Tables,7,CREATE TABLE Syntax,Native Platform / Content,Medium,,,,,15,code_block,e0240733-6809-49a5-b024-a5830881405e
840,4,SQL Masterclass (Comprehensive),sql-masterclass,2,Basic SQL Queries,2,CREATE - Creating Tables,8,Example Heading,Native Platform / Content,Medium,,,,,0,heading,d2f5f5cd-60a8-4e44-9d59-12f39b1cc94a
841,4,SQL Masterclass (Comprehensive),sql-masterclass,2,Basic SQL Queries,2,CREATE - Creating Tables,9,Create Students Table,Native Platform / Content,Medium,,,,,25,code_block,4e053e29-490f-4ce9-83e6-dd3bcf5a1190
842,4,SQL Masterclass (Comprehensive),sql-masterclass,2,Basic SQL Queries,2,CREATE - Creating Tables,10,Divider,Native Platform / Content,Medium,,,,,0,divider,4aa32034-cf56-4a44-8b60-b2920fbb0207
843,4,SQL Masterclass (Comprehensive),sql-masterclass,2,Basic SQL Queries,2,CREATE - Creating Tables,11,Adding Constraints,Native Platform / Content,Medium,,,,,0,heading,67fd2eaa-1e70-4122-b8cd-0daf75eb5f68
844,4,SQL Masterclass (Comprehensive),sql-masterclass,2,Basic SQL Queries,2,CREATE - Creating Tables,12,Constraints Explanation,Native Platform / Content,Medium,,,,,5,paragraph,7f34ff4f-66a0-4d9f-b5f5-8e77a337c5ea
845,4,SQL Masterclass (Comprehensive),sql-masterclass,2,Basic SQL Queries,2,CREATE - Creating Tables,13,CHECK Constraint,Native Platform / Content,Medium,,,,,0,heading,02701273-cfa9-45fc-9748-606dd5c80e48
846,4,SQL Masterclass (Comprehensive),sql-masterclass,2,Basic SQL Queries,2,CREATE - Creating Tables,14,CHECK Constraint Example,Native Platform / Content,Medium,,,,,20,code_block,a99f3754-db91-4620-ad4c-3f071aa3a4d1
847,4,SQL Masterclass (Comprehensive),sql-masterclass,2,Basic SQL Queries,2,CREATE - Creating Tables,15,Constraint Note,Native Platform / Content,Medium,,,,,5,paragraph,db8bfc99-e920-439c-a532-ae17a8ded48c
848,4,SQL Masterclass (Comprehensive),sql-masterclass,2,Basic SQL Queries,2,CREATE - Creating Tables,16,Common Constraints in SQL,Native Platform / Content,Medium,,,,,15,tip,66652c66-4b61-4e8b-b586-7da7746f498d
849,4,SQL Masterclass (Comprehensive),sql-masterclass,2,Basic SQL Queries,2,CREATE - Creating Tables,17,CREATE Table Quiz,Interactive Quiz (GrindGram),Easy,,,Explanation: CREATE TABLE is the SQL keyword used to create a new table. You specify the table name followed by column definitions in parentheses.,,15,quiz,6d93033f-3b43-4cd4-8cd4-01727e982aca
850,4,SQL Masterclass (Comprehensive),sql-masterclass,2,Basic SQL Queries,3,INSERT - Adding Data,1,INSERT Command,Native Platform / Content,Medium,,,,,0,heading,bc918ea5-0ee8-4123-b6c4-ea9565964ed6
851,4,SQL Masterclass (Comprehensive),sql-masterclass,2,Basic SQL Queries,3,INSERT - Adding Data,2,INSERT Introduction,Native Platform / Content,Medium,,,,,5,paragraph,2ee4e9d8-9387-4da6-9ed9-ab8bfdfeb3fa
852,4,SQL Masterclass (Comprehensive),sql-masterclass,2,Basic SQL Queries,3,INSERT - Adding Data,3,INSERT Requirements,Native Platform / Content,Medium,,,,,5,list,803562d2-ba12-4e69-802d-b597c4b061fa
853,4,SQL Masterclass (Comprehensive),sql-masterclass,2,Basic SQL Queries,3,INSERT - Adding Data,4,INSERT Keywords,Native Platform / Content,Medium,,,,,5,paragraph,953dd79f-3773-4490-a5b1-7a7e1dcab24b
854,4,SQL Masterclass (Comprehensive),sql-masterclass,2,Basic SQL Queries,3,INSERT - Adding Data,5,Basic Syntax,Native Platform / Content,Medium,,,,,0,heading,e0fffbf5-4665-40dd-ac43-163742156eca
855,4,SQL Masterclass (Comprehensive),sql-masterclass,2,Basic SQL Queries,3,INSERT - Adding Data,6,INSERT Syntax,Native Platform / Content,Medium,,,,,15,code_block,cf6c2878-6f60-4260-b4c4-dfff64c9c9f6
856,4,SQL Masterclass (Comprehensive),sql-masterclass,2,Basic SQL Queries,3,INSERT - Adding Data,7,Column Names Optional,Native Platform / Content,Medium,,,,,5,paragraph,02d5fc8a-4017-4003-b318-88b55ba4a464
857,4,SQL Masterclass (Comprehensive),sql-masterclass,2,Basic SQL Queries,3,INSERT - Adding Data,8,Example,Native Platform / Content,Medium,,,,,0,heading,98647591-dee7-423a-8581-cd0b30955cd9
858,4,SQL Masterclass (Comprehensive),sql-masterclass,2,Basic SQL Queries,3,INSERT - Adding Data,9,INSERT Students Example,Native Platform / Content,Medium,,,,,20,code_block,467438cf-868a-4214-966e-221bf79b2423
859,4,SQL Masterclass (Comprehensive),sql-masterclass,2,Basic SQL Queries,3,INSERT - Adding Data,10,INSERT Tips,Native Platform / Content,Medium,,,,,10,list,b17ec07f-4d7e-4724-9c57-c7709ef449c6
860,4,SQL Masterclass (Comprehensive),sql-masterclass,2,Basic SQL Queries,3,INSERT - Adding Data,11,INSERT Data Quiz,Interactive Quiz (GrindGram),Easy,,,"Explanation: INSERT INTO is the correct SQL keyword to add new rows to a table. You specify the table name, optionally list columns, and provide values.",,20,quiz,624579fa-0f2d-43c8-8869-3a8b3041f6d9
861,4,SQL Masterclass (Comprehensive),sql-masterclass,2,Basic SQL Queries,4,SELECT - Reading Data,1,SELECT Command,Native Platform / Content,Medium,,,,,0,heading,50b5511f-e8b1-4a45-bbdb-18254cab11da
862,4,SQL Masterclass (Comprehensive),sql-masterclass,2,Basic SQL Queries,4,SELECT - Reading Data,2,Reading Data Introduction,Native Platform / Content,Medium,,,,,0,paragraph,2b77399e-ac20-4a58-aac8-7521083ea2c9
863,4,SQL Masterclass (Comprehensive),sql-masterclass,2,Basic SQL Queries,4,SELECT - Reading Data,3,SELECT Components,Native Platform / Content,Medium,,,,,0,list,c0e3b562-b742-4fc7-bc8e-a9bbc6d51220
864,4,SQL Masterclass (Comprehensive),sql-masterclass,2,Basic SQL Queries,4,SELECT - Reading Data,4,Syntax,Native Platform / Content,Medium,,,,,0,heading,93677af6-b616-41b7-80e8-eeee33ef82f8
865,4,SQL Masterclass (Comprehensive),sql-masterclass,2,Basic SQL Queries,4,SELECT - Reading Data,5,SELECT Syntax,Native Platform / Content,Medium,,,,,0,code,e056014f-e809-49c4-8638-231a53461bf2
866,4,SQL Masterclass (Comprehensive),sql-masterclass,2,Basic SQL Queries,4,SELECT - Reading Data,6,Example Introduction,Native Platform / Content,Medium,,,,,0,paragraph,1e66aec8-36dd-4d57-826b-bb74e9fd8aa6
867,4,SQL Masterclass (Comprehensive),sql-masterclass,2,Basic SQL Queries,4,SELECT - Reading Data,7,SELECT Specific Columns,Native Platform / Content,Medium,,,,,5,code,1b46f686-ad42-4216-b248-91a5c14ecc16
868,4,SQL Masterclass (Comprehensive),sql-masterclass,2,Basic SQL Queries,4,SELECT - Reading Data,8,SELECT All Explanation,Native Platform / Content,Medium,,,,,0,paragraph,3cbb612d-9a3b-4e48-813d-2983f9272484
869,4,SQL Masterclass (Comprehensive),sql-masterclass,2,Basic SQL Queries,4,SELECT - Reading Data,9,SELECT All Example,Native Platform / Content,Medium,,,,,5,code,c6342af4-4ded-44c8-8fb4-163ed79cc78c
870,4,SQL Masterclass (Comprehensive),sql-masterclass,2,Basic SQL Queries,4,SELECT - Reading Data,10,Pro Tip,Native Platform / Content,Medium,,,,,0,tip,d84c23cc-ab73-421a-a229-705173b5af8c
871,4,SQL Masterclass (Comprehensive),sql-masterclass,2,Basic SQL Queries,4,SELECT - Reading Data,11,SELECT Quiz,Interactive Quiz (GrindGram),Easy,,,"Explanation: The correct syntax is SELECT followed by the column names separated by commas, then FROM and the table name.",,10,quiz,3b84f1ee-dfd6-4fdb-aa4f-0e6ef9d69e21
872,4,SQL Masterclass (Comprehensive),sql-masterclass,2,Basic SQL Queries,5,WHERE - Filtering Data,1,WHERE Clause,Native Platform / Content,Medium,,,,,0,heading,87b4b4dc-49dd-40c8-a63c-a3f67291b6b6
873,4,SQL Masterclass (Comprehensive),sql-masterclass,2,Basic SQL Queries,5,WHERE - Filtering Data,2,WHERE Introduction,Native Platform / Content,Medium,,,,,0,paragraph,940512f4-3d2c-46ba-a73a-c42d2d3bbe3e
874,4,SQL Masterclass (Comprehensive),sql-masterclass,2,Basic SQL Queries,5,WHERE - Filtering Data,3,What WHERE Does,Native Platform / Content,Medium,,,,,0,heading,cb1d2c33-5955-4fd7-bf84-8198cf5bbaa7
875,4,SQL Masterclass (Comprehensive),sql-masterclass,2,Basic SQL Queries,5,WHERE - Filtering Data,4,WHERE Explanation,Native Platform / Content,Medium,,,,,0,paragraph,70005860-48a6-4591-8833-049408f70321
876,4,SQL Masterclass (Comprehensive),sql-masterclass,2,Basic SQL Queries,5,WHERE - Filtering Data,5,Syntax,Native Platform / Content,Medium,,,,,0,heading,fd5e5a6d-d8b8-4953-982e-8675c54ad964
877,4,SQL Masterclass (Comprehensive),sql-masterclass,2,Basic SQL Queries,5,WHERE - Filtering Data,6,WHERE Syntax,Native Platform / Content,Medium,,,,,0,code,f328f294-d8a0-480e-be60-879789006ee8
878,4,SQL Masterclass (Comprehensive),sql-masterclass,2,Basic SQL Queries,5,WHERE - Filtering Data,7,Common Operators,Native Platform / Content,Medium,,,,,0,heading,a306eec5-b4cb-4948-94b9-5090cfbfac5b
879,4,SQL Masterclass (Comprehensive),sql-masterclass,2,Basic SQL Queries,5,WHERE - Filtering Data,8,WHERE Operators,Native Platform / Content,Medium,,,,,0,list,485598ff-68cb-4634-9a00-a0462bd63ccd
880,4,SQL Masterclass (Comprehensive),sql-masterclass,2,Basic SQL Queries,5,WHERE - Filtering Data,9,Divider,Native Platform / Content,Medium,,,,,0,divider,be28c454-ce03-4968-8184-2501ea79b841
881,4,SQL Masterclass (Comprehensive),sql-masterclass,2,Basic SQL Queries,5,WHERE - Filtering Data,10,Examples,Native Platform / Content,Medium,,,,,0,heading,de9e7e6a-412d-4494-a894-b54efc4fa24b
882,4,SQL Masterclass (Comprehensive),sql-masterclass,2,Basic SQL Queries,5,WHERE - Filtering Data,11,Example 1 Introduction,Native Platform / Content,Medium,,,,,0,paragraph,6bc0d384-9976-4b30-b198-fa75cdbb1afa
883,4,SQL Masterclass (Comprehensive),sql-masterclass,2,Basic SQL Queries,5,WHERE - Filtering Data,12,CSE Department Example,Native Platform / Content,Medium,,,,,5,code,87c66095-2c53-4953-aacf-732ad5ac8472
884,4,SQL Masterclass (Comprehensive),sql-masterclass,2,Basic SQL Queries,5,WHERE - Filtering Data,13,Example 2 Introduction,Native Platform / Content,Medium,,,,,0,paragraph,53bf4017-7024-493f-b364-56d0a19279f0
885,4,SQL Masterclass (Comprehensive),sql-masterclass,2,Basic SQL Queries,5,WHERE - Filtering Data,14,AND Operator Example,Native Platform / Content,Medium,,,,,5,code,6be94467-eda1-4764-a428-fe3098a59fef
886,4,SQL Masterclass (Comprehensive),sql-masterclass,2,Basic SQL Queries,5,WHERE - Filtering Data,15,Example 3 Introduction,Native Platform / Content,Medium,,,,,0,paragraph,470ace60-39dd-4602-a8fd-8912cab72988
887,4,SQL Masterclass (Comprehensive),sql-masterclass,2,Basic SQL Queries,5,WHERE - Filtering Data,16,IN Operator Example,Native Platform / Content,Medium,,,,,5,code,073253b8-4cb1-49f2-9ce4-edd3ed120d76
888,4,SQL Masterclass (Comprehensive),sql-masterclass,2,Basic SQL Queries,5,WHERE - Filtering Data,17,Example 4 Introduction,Native Platform / Content,Medium,,,,,0,paragraph,f6a4f286-aa65-4d13-9098-1cbf044db8fe
889,4,SQL Masterclass (Comprehensive),sql-masterclass,2,Basic SQL Queries,5,WHERE - Filtering Data,18,IS NULL Example,Native Platform / Content,Medium,,,,,5,code,0f9a9f90-289f-46bc-bf56-7e44f996416b
890,4,SQL Masterclass (Comprehensive),sql-masterclass,2,Basic SQL Queries,5,WHERE - Filtering Data,19,Example 5 Introduction,Native Platform / Content,Medium,,,,,0,paragraph,eb3bd59f-308c-487d-ac30-e55250f1405c
891,4,SQL Masterclass (Comprehensive),sql-masterclass,2,Basic SQL Queries,5,WHERE - Filtering Data,20,BETWEEN Operator Example,Native Platform / Content,Medium,,,,,5,code,d762b81a-b7df-4333-addb-694a4bc31067
892,4,SQL Masterclass (Comprehensive),sql-masterclass,2,Basic SQL Queries,5,WHERE - Filtering Data,21,Example 6 Introduction,Native Platform / Content,Medium,,,,,0,paragraph,4b2e4443-dfca-4d94-85db-f5e7c20678d7
893,4,SQL Masterclass (Comprehensive),sql-masterclass,2,Basic SQL Queries,5,WHERE - Filtering Data,22,Complex Conditions Example,Native Platform / Content,Medium,,,,,5,code,15788886-2634-480e-a8d7-f937d9ae3f51
894,4,SQL Masterclass (Comprehensive),sql-masterclass,2,Basic SQL Queries,5,WHERE - Filtering Data,23,Pro Tip,Native Platform / Content,Medium,,,,,0,tip,81c7e96a-8b25-432d-ab6a-c884cb241866
895,4,SQL Masterclass (Comprehensive),sql-masterclass,2,Basic SQL Queries,5,WHERE - Filtering Data,24,WHERE Quiz 1,Interactive Quiz (GrindGram),Easy,,,"Explanation: String values must be enclosed in single quotes, and we use = (not ==) for comparison in SQL. The AND operator combines multiple conditions.",,10,quiz,cf1e89d8-2eaa-46f0-a4c9-b7e71d66c07c
896,4,SQL Masterclass (Comprehensive),sql-masterclass,2,Basic SQL Queries,5,WHERE - Filtering Data,25,WHERE Quiz 2,Interactive Quiz (GrindGram),Easy,,,"Explanation: The IN operator allows you to check if a column value matches any value in a specified list. For example, WHERE year IN (2, 3, 4) checks if year is 2,",,10,quiz,67719f1a-6046-4f65-9f6b-3439102c31f1
897,4,SQL Masterclass (Comprehensive),sql-masterclass,2,Basic SQL Queries,6,DISTINCT - Removing Duplicates,1,DISTINCT,Native Platform / Content,Medium,,,,,0,heading,7729c352-6bc9-4ead-bc00-4488c720aae9
898,4,SQL Masterclass (Comprehensive),sql-masterclass,2,Basic SQL Queries,6,DISTINCT - Removing Duplicates,2,DISTINCT Introduction,Native Platform / Content,Medium,,,,,0,paragraph,3c029d5d-c17f-435b-b6c9-c4e1d16fbdfc
899,4,SQL Masterclass (Comprehensive),sql-masterclass,2,Basic SQL Queries,6,DISTINCT - Removing Duplicates,3,Syntax,Native Platform / Content,Medium,,,,,0,heading,9925403e-9a10-467e-9c8b-1cfca583c416
900,4,SQL Masterclass (Comprehensive),sql-masterclass,2,Basic SQL Queries,6,DISTINCT - Removing Duplicates,4,DISTINCT Syntax,Native Platform / Content,Medium,,,,,0,code,6462f17a-f256-4964-9a5f-40f2c7199117
901,4,SQL Masterclass (Comprehensive),sql-masterclass,2,Basic SQL Queries,6,DISTINCT - Removing Duplicates,5,Example,Native Platform / Content,Medium,,,,,0,heading,07d344e3-f759-46e4-9df7-a0008e6aa931
902,4,SQL Masterclass (Comprehensive),sql-masterclass,2,Basic SQL Queries,6,DISTINCT - Removing Duplicates,6,DISTINCT Department,Native Platform / Content,Medium,,,,,5,code,b70f2b71-ae4b-4040-8f57-9f7cac2433d2
903,4,SQL Masterclass (Comprehensive),sql-masterclass,2,Basic SQL Queries,6,DISTINCT - Removing Duplicates,7,Divider,Native Platform / Content,Medium,,,,,0,divider,b1f43b50-e3f6-4e7a-9633-583b3ee27709
904,4,SQL Masterclass (Comprehensive),sql-masterclass,2,Basic SQL Queries,6,DISTINCT - Removing Duplicates,8,DISTINCT with Multiple Columns,Native Platform / Content,Medium,,,,,0,heading,e6c3c0ec-3574-4ead-8631-32fb9b334e34
905,4,SQL Masterclass (Comprehensive),sql-masterclass,2,Basic SQL Queries,6,DISTINCT - Removing Duplicates,9,Multiple Columns Explanation,Native Platform / Content,Medium,,,,,0,paragraph,472d3670-907d-4216-9f93-b23ede4602bd
906,4,SQL Masterclass (Comprehensive),sql-masterclass,2,Basic SQL Queries,6,DISTINCT - Removing Duplicates,10,DISTINCT Multiple Columns,Native Platform / Content,Medium,,,,,5,code,d4fa4683-03b0-40ec-b7be-5e0f5753aef8
907,4,SQL Masterclass (Comprehensive),sql-masterclass,2,Basic SQL Queries,6,DISTINCT - Removing Duplicates,11,Note,Native Platform / Content,Medium,,,,,0,info,0734397e-9d89-4353-8178-1f4a19db56a8
908,4,SQL Masterclass (Comprehensive),sql-masterclass,2,Basic SQL Queries,6,DISTINCT - Removing Duplicates,12,With vs Without DISTINCT,Native Platform / Content,Medium,,,,,0,heading,be08c0b9-3fc4-4ee3-816d-efe36d1795fa
909,4,SQL Masterclass (Comprehensive),sql-masterclass,2,Basic SQL Queries,6,DISTINCT - Removing Duplicates,13,Comparison Introduction,Native Platform / Content,Medium,,,,,0,paragraph,b49acd30-df45-4bf9-96c4-a9c994bdcf43
910,4,SQL Masterclass (Comprehensive),sql-masterclass,2,Basic SQL Queries,6,DISTINCT - Removing Duplicates,14,Without DISTINCT,Native Platform / Content,Medium,,,,,0,code,eacbc7a5-3649-4804-bd67-4a6df2341fbf
911,4,SQL Masterclass (Comprehensive),sql-masterclass,2,Basic SQL Queries,6,DISTINCT - Removing Duplicates,15,Result Without DISTINCT,Native Platform / Content,Medium,,,,,0,table,13f55d3d-f8a2-4540-829e-6f96a57b1021
912,4,SQL Masterclass (Comprehensive),sql-masterclass,2,Basic SQL Queries,6,DISTINCT - Removing Duplicates,16,With DISTINCT,Native Platform / Content,Medium,,,,,5,code,8880ccd1-5836-4dc3-882c-346f2f4d3cfa
913,4,SQL Masterclass (Comprehensive),sql-masterclass,2,Basic SQL Queries,6,DISTINCT - Removing Duplicates,17,Result With DISTINCT,Native Platform / Content,Medium,,,,,5,table,043da0c5-a34f-41a5-9779-1b1d2a7515e8
914,4,SQL Masterclass (Comprehensive),sql-masterclass,2,Basic SQL Queries,6,DISTINCT - Removing Duplicates,18,Performance Note,Native Platform / Content,Medium,,,,,0,tip,1744c2ea-b971-48e0-88d2-bccbd24051d1
915,4,SQL Masterclass (Comprehensive),sql-masterclass,2,Basic SQL Queries,6,DISTINCT - Removing Duplicates,19,DISTINCT Quiz 1,Interactive Quiz (GrindGram),Easy,,,Explanation: DISTINCT considers the entire row. A row is considered duplicate only if ALL selected columns have the same values as another row.,,10,quiz,c4f4cb40-ca74-4257-8ae6-42a48b3c7209
916,4,SQL Masterclass (Comprehensive),sql-masterclass,3,Grouping & Sorting,1,ORDER BY - Sorting Results,1,ORDER BY,Native Platform / Content,Medium,,,,,0,heading,79ddebba-20ef-4c2f-a559-43e9272a23c5
917,4,SQL Masterclass (Comprehensive),sql-masterclass,3,Grouping & Sorting,1,ORDER BY - Sorting Results,2,ORDER BY Introduction,Native Platform / Content,Medium,,,,,0,paragraph,00aeb8e5-b798-4dcb-9988-0c3a2bbdcbe2
918,4,SQL Masterclass (Comprehensive),sql-masterclass,3,Grouping & Sorting,1,ORDER BY - Sorting Results,3,Syntax,Native Platform / Content,Medium,,,,,0,heading,fc7ac6fd-7d73-4d09-99f1-8db61e7d6bdb
919,4,SQL Masterclass (Comprehensive),sql-masterclass,3,Grouping & Sorting,1,ORDER BY - Sorting Results,4,ORDER BY Syntax,Native Platform / Content,Medium,,,,,0,code,9ea031b3-d634-4ca2-80a5-da68046e1330
920,4,SQL Masterclass (Comprehensive),sql-masterclass,3,Grouping & Sorting,1,ORDER BY - Sorting Results,5,Examples,Native Platform / Content,Medium,,,,,0,heading,2e345aa7-ce63-47e5-a79d-e36930f1ff75
921,4,SQL Masterclass (Comprehensive),sql-masterclass,3,Grouping & Sorting,1,ORDER BY - Sorting Results,6,Sort by CGPA,Native Platform / Content,Medium,,,,,0,paragraph,49863b04-e6ae-4bd4-896d-982da0408e3a
922,4,SQL Masterclass (Comprehensive),sql-masterclass,3,Grouping & Sorting,1,ORDER BY - Sorting Results,7,ORDER BY CGPA Example,Native Platform / Content,Medium,,,,,5,code,705576e6-d405-4163-91c2-373dfad73513
923,4,SQL Masterclass (Comprehensive),sql-masterclass,3,Grouping & Sorting,1,ORDER BY - Sorting Results,8,Multiple Column Sort,Native Platform / Content,Medium,,,,,0,paragraph,e7a67b94-ff27-4b75-b007-81aad3ee64ee
924,4,SQL Masterclass (Comprehensive),sql-masterclass,3,Grouping & Sorting,1,ORDER BY - Sorting Results,9,Multiple Column Sort Example,Native Platform / Content,Medium,,,,,5,code,829e076f-bdd0-49d8-ae1d-d01b93e5103a
925,4,SQL Masterclass (Comprehensive),sql-masterclass,3,Grouping & Sorting,1,ORDER BY - Sorting Results,10,ORDER BY Quiz,Interactive Quiz (GrindGram),Easy,,,"Explanation: By default, ORDER BY sorts in ascending order (ASC). You only need to specify DESC if you want descending order.",,10,quiz,7c1897ad-51df-4ff4-b6b6-54b5e5cab95e
926,4,SQL Masterclass (Comprehensive),sql-masterclass,3,Grouping & Sorting,2,GROUP BY - Grouping Data,1,GROUP BY,Native Platform / Content,Medium,,,,,0,heading,e23a46f1-f2c7-43e3-a68b-37787fa4999f
927,4,SQL Masterclass (Comprehensive),sql-masterclass,3,Grouping & Sorting,2,GROUP BY - Grouping Data,2,Why GROUP BY?,Native Platform / Content,Medium,,,,,0,paragraph,7048a632-1657-4dad-b1cd-80a5eb9b193b
928,4,SQL Masterclass (Comprehensive),sql-masterclass,3,Grouping & Sorting,2,GROUP BY - Grouping Data,3,Examples,Native Platform / Content,Medium,,,,,0,heading,90831fec-1174-4eb0-9ae4-5ba55d157470
929,4,SQL Masterclass (Comprehensive),sql-masterclass,3,Grouping & Sorting,2,GROUP BY - Grouping Data,4,Example Questions,Native Platform / Content,Medium,,,,,0,list,299be81f-0138-426c-9154-28226fc48cd2
930,4,SQL Masterclass (Comprehensive),sql-masterclass,3,Grouping & Sorting,2,GROUP BY - Grouping Data,5,Divider,Native Platform / Content,Medium,,,,,0,divider,e171f439-39b7-406b-9ba9-69acf09acca4
931,4,SQL Masterclass (Comprehensive),sql-masterclass,3,Grouping & Sorting,2,GROUP BY - Grouping Data,6,"What does ""grouping rows"" mean?",Native Platform / Content,Medium,,,,,0,heading,d92b8b43-818b-4347-b8f5-3a0f0b324a67
932,4,SQL Masterclass (Comprehensive),sql-masterclass,3,Grouping & Sorting,2,GROUP BY - Grouping Data,7,Grouping Explanation,Native Platform / Content,Medium,,,,,0,paragraph,a2eacfa3-7fe4-489b-b4c2-249c8965421b
933,4,SQL Masterclass (Comprehensive),sql-masterclass,3,Grouping & Sorting,2,GROUP BY - Grouping Data,8,Mini students table,Native Platform / Content,Medium,,,,,0,table,930b3587-1308-467d-8242-87d2d084ab59
934,4,SQL Masterclass (Comprehensive),sql-masterclass,3,Grouping & Sorting,2,GROUP BY - Grouping Data,9,Divider,Native Platform / Content,Medium,,,,,0,divider,e15af2e9-1f97-4f22-b244-ecd6eb708ce6
935,4,SQL Masterclass (Comprehensive),sql-masterclass,3,Grouping & Sorting,2,GROUP BY - Grouping Data,10,Step-by-step mental model,Native Platform / Content,Medium,,,,,0,heading,9b03b97d-fc08-4d4f-9148-b50bff006fe4
936,4,SQL Masterclass (Comprehensive),sql-masterclass,3,Grouping & Sorting,2,GROUP BY - Grouping Data,11,Step 1 - Find the categories,Native Platform / Content,Medium,,,,,0,paragraph,f4d435ba-0af6-439a-b816-88f59eb2e040
937,4,SQL Masterclass (Comprehensive),sql-masterclass,3,Grouping & Sorting,2,GROUP BY - Grouping Data,12,Step 1 Details,Native Platform / Content,Medium,,,,,0,list,b685f058-6869-4792-ad4a-ff87b44ec87a
938,4,SQL Masterclass (Comprehensive),sql-masterclass,3,Grouping & Sorting,2,GROUP BY - Grouping Data,13,Bucket Breakdown,Native Platform / Content,Medium,,,,,0,list,ec91d67e-e09f-4e37-baa8-8f28508c92c3
939,4,SQL Masterclass (Comprehensive),sql-masterclass,3,Grouping & Sorting,2,GROUP BY - Grouping Data,14,NULL Values,Native Platform / Content,Medium,,,,,0,info,0d34fb5e-258a-4651-96f8-babd336bfb9d
940,4,SQL Masterclass (Comprehensive),sql-masterclass,3,Grouping & Sorting,2,GROUP BY - Grouping Data,15,Divider,Native Platform / Content,Medium,,,,,0,divider,7208847f-57f1-4c6c-a9af-6780d1a76d65
941,4,SQL Masterclass (Comprehensive),sql-masterclass,3,Grouping & Sorting,2,GROUP BY - Grouping Data,16,Core syntax,Native Platform / Content,Medium,,,,,0,heading,84657081-93eb-432d-8b8e-a8193cc10025
942,4,SQL Masterclass (Comprehensive),sql-masterclass,3,Grouping & Sorting,2,GROUP BY - Grouping Data,17,GROUP BY Syntax,Native Platform / Content,Medium,,,,,10,code_block,6544cfa1-923b-438c-a57e-d1f25999d8a5
943,4,SQL Masterclass (Comprehensive),sql-masterclass,3,Grouping & Sorting,2,GROUP BY - Grouping Data,18,Divider,Native Platform / Content,Medium,,,,,0,divider,47d6aa8f-8fd8-444d-bdaa-18e51ce5b375
944,4,SQL Masterclass (Comprehensive),sql-masterclass,3,Grouping & Sorting,2,GROUP BY - Grouping Data,19,Starter examples (our college DB),Native Platform / Content,Medium,,,,,0,heading,fe688df4-f9ed-4cfd-b30b-08ee87f4e79e
945,4,SQL Masterclass (Comprehensive),sql-masterclass,3,Grouping & Sorting,2,GROUP BY - Grouping Data,20,Example 1 - Unique departments,Native Platform / Content,Medium,,,,,0,paragraph,9d6aeaf0-b821-4875-86de-794c6f2f98db
946,4,SQL Masterclass (Comprehensive),sql-masterclass,3,Grouping & Sorting,2,GROUP BY - Grouping Data,21,Unique Departments,Native Platform / Content,Medium,,,,,10,code_block,85b46327-143b-4378-8a1a-d4c0f6e1dc9d
947,4,SQL Masterclass (Comprehensive),sql-masterclass,3,Grouping & Sorting,2,GROUP BY - Grouping Data,22,Example 2 - Finer buckets,Native Platform / Content,Medium,,,,,0,paragraph,605add30-e410-41f2-a163-845748733f50
948,4,SQL Masterclass (Comprehensive),sql-masterclass,3,Grouping & Sorting,2,GROUP BY - Grouping Data,23,Department + Year Grouping,Native Platform / Content,Medium,,,,,10,code_block,d94ab2b9-a105-4390-97c6-e6d1cb491347
949,4,SQL Masterclass (Comprehensive),sql-masterclass,3,Grouping & Sorting,2,GROUP BY - Grouping Data,24,Divider,Native Platform / Content,Medium,,,,,0,divider,c3017955-775d-49c7-8e83-d5aa7ed9e3dd
950,4,SQL Masterclass (Comprehensive),sql-masterclass,3,Grouping & Sorting,2,GROUP BY - Grouping Data,25,DISTINCT vs GROUP BY (common doubt),Native Platform / Content,Medium,,,,,0,heading,0da04f59-f5f1-4988-abb8-18f68daa0129
951,4,SQL Masterclass (Comprehensive),sql-masterclass,3,Grouping & Sorting,2,GROUP BY - Grouping Data,26,When to use what,Native Platform / Content,Medium,,,,,0,list,f02c6334-871b-4de7-8c82-72127233f7f9
952,4,SQL Masterclass (Comprehensive),sql-masterclass,3,Grouping & Sorting,2,GROUP BY - Grouping Data,27,DISTINCT Example,Native Platform / Content,Medium,,,,,5,code_block,9487a422-d5ff-40e7-8693-7179cd45ac9b
953,4,SQL Masterclass (Comprehensive),sql-masterclass,3,Grouping & Sorting,2,GROUP BY - Grouping Data,28,GROUP BY for Grouping,Native Platform / Content,Medium,,,,,5,code_block,3f5099a7-d151-440e-b3f8-968fc539c32c
954,4,SQL Masterclass (Comprehensive),sql-masterclass,3,Grouping & Sorting,2,GROUP BY - Grouping Data,29,Divider,Native Platform / Content,Medium,,,,,0,divider,667ebc18-71b5-4a91-8125-ea9fa4cbd1c5
955,4,SQL Masterclass (Comprehensive),sql-masterclass,3,Grouping & Sorting,2,GROUP BY - Grouping Data,30,Rules you must remember (or you'll get errors),Native Platform / Content,Medium,,,,,0,heading,7bb2276c-5208-426d-91ca-69559fdbde02
956,4,SQL Masterclass (Comprehensive),sql-masterclass,3,Grouping & Sorting,2,GROUP BY - Grouping Data,31,Important Rule,Native Platform / Content,Medium,,,,,0,tip,ecc91ddb-d9f8-4632-ae62-57cf3e886b3c
957,4,SQL Masterclass (Comprehensive),sql-masterclass,3,Grouping & Sorting,2,GROUP BY - Grouping Data,32,✅ Correct,Native Platform / Content,Medium,,,,,0,tip,36cbad32-7df4-455f-826d-edff3afdd094
958,4,SQL Masterclass (Comprehensive),sql-masterclass,3,Grouping & Sorting,2,GROUP BY - Grouping Data,33,❌ Incorrect,Native Platform / Content,Medium,,,,,0,tip,eefc2669-6158-4623-8acb-fcca40222145
959,4,SQL Masterclass (Comprehensive),sql-masterclass,3,Grouping & Sorting,2,GROUP BY - Grouping Data,34,GROUP BY Quiz 1,Interactive Quiz (GrindGram),Easy,,,"Explanation: GROUP BY department creates one row per unique department. Since there are 4 unique departments, the result will have 4 rows, one for each department.",,10,quiz,d453df49-10a8-4010-a552-0351c6d68f24
960,4,SQL Masterclass (Comprehensive),sql-masterclass,3,Grouping & Sorting,2,GROUP BY - Grouping Data,35,GROUP BY Quiz 2,Interactive Quiz (GrindGram),Medium,,,"Explanation: Option B is correct because all selected columns (department and year) are listed in the GROUP BY clause. Options A, C, and D are wrong because they s",,15,quiz,67a51224-b065-448c-a005-5a9748e4140a
961,4,SQL Masterclass (Comprehensive),sql-masterclass,3,Grouping & Sorting,3,Aggregate Functions - Summarizing Data,1,Aggregate Functions,Native Platform / Content,Medium,,,,,0,heading,3215c3d4-5d01-472d-a976-4e02c3335701
962,4,SQL Masterclass (Comprehensive),sql-masterclass,3,Grouping & Sorting,3,Aggregate Functions - Summarizing Data,2,What are Aggregate Functions?,Native Platform / Content,Medium,,,,,0,paragraph,4cc1e76f-2141-49d1-b8ec-64cb9c99908e
963,4,SQL Masterclass (Comprehensive),sql-masterclass,3,Grouping & Sorting,3,Aggregate Functions - Summarizing Data,3,Basic Example,Native Platform / Content,Medium,,,,,10,code,c1344184-e239-4fdd-8581-d67e24af1edc
964,4,SQL Masterclass (Comprehensive),sql-masterclass,3,Grouping & Sorting,3,Aggregate Functions - Summarizing Data,4,Common Aggregate Functions,Native Platform / Content,Medium,,,,,0,heading,1fd055fe-6955-48bb-a662-04201c89b256
965,4,SQL Masterclass (Comprehensive),sql-masterclass,3,Grouping & Sorting,3,Aggregate Functions - Summarizing Data,5,Function Reference,Native Platform / Content,Medium,,,,,5,table,1e832d3e-26a5-4888-8d4b-60eb97a458ef
966,4,SQL Masterclass (Comprehensive),sql-masterclass,3,Grouping & Sorting,3,Aggregate Functions - Summarizing Data,6,Employee Table Example,Native Platform / Content,Medium,,,,,15,code,58c623b5-e9b3-4a94-b910-4cf348490699
967,4,SQL Masterclass (Comprehensive),sql-masterclass,3,Grouping & Sorting,3,Aggregate Functions - Summarizing Data,7,Using with GROUP BY,Native Platform / Content,Medium,,,,,0,heading,5ef5ee15-c815-4799-b708-5b51095f0e8a
968,4,SQL Masterclass (Comprehensive),sql-masterclass,3,Grouping & Sorting,3,Aggregate Functions - Summarizing Data,8,Department-wise Statistics,Native Platform / Content,Medium,,,,,15,code,77c12e31-5c6a-4ca3-abd8-ff4e2dafa87e
969,4,SQL Masterclass (Comprehensive),sql-masterclass,3,Grouping & Sorting,3,Aggregate Functions - Summarizing Data,9,Pro Tips,Native Platform / Content,Medium,,,,,0,tip,237fae46-3896-49bf-9695-0b9f3cb8bb01
970,4,SQL Masterclass (Comprehensive),sql-masterclass,3,Grouping & Sorting,3,Aggregate Functions - Summarizing Data,10,Aggregate Functions Quiz,Interactive Quiz (GrindGram),Easy,,,Explanation: COUNT() is used to count the number of rows. You can use COUNT(*) to count all rows or COUNT(column_name) to count non-null values in a specific colum,,10,quiz,1c8555a2-8826-425d-b521-8b0e4fe453ae
971,4,SQL Masterclass (Comprehensive),sql-masterclass,3,Grouping & Sorting,3,Aggregate Functions - Summarizing Data,11,GROUP BY Quiz,Interactive Quiz (GrindGram),Easy,,,"Explanation: Use AVG() with GROUP BY to calculate the average salary for each department separately. The GROUP BY clause groups rows by department, then AVG() calc",,15,quiz,41a8e222-7f98-4cbe-a00e-458cc01a99e0
972,4,SQL Masterclass (Comprehensive),sql-masterclass,3,Grouping & Sorting,4,HAVING Clause - Filtering Groups,1,HAVING Clause,Native Platform / Content,Medium,,,,,0,heading,f33dae90-3c85-4409-839c-07ea8558da94
973,4,SQL Masterclass (Comprehensive),sql-masterclass,3,Grouping & Sorting,4,HAVING Clause - Filtering Groups,2,What is the HAVING Clause?,Native Platform / Content,Medium,,,,,0,paragraph,27b8f9fe-64ba-4cb7-9ba7-f17e70680c4c
974,4,SQL Masterclass (Comprehensive),sql-masterclass,3,Grouping & Sorting,4,HAVING Clause - Filtering Groups,3,💡 Simple way to remember,Native Platform / Content,Medium,,,,,0,tip,694ee385-a093-4dc2-b245-a09cc1e667ea
975,4,SQL Masterclass (Comprehensive),sql-masterclass,3,Grouping & Sorting,4,HAVING Clause - Filtering Groups,4,Why We Need HAVING,Native Platform / Content,Medium,,,,,0,heading,8b79f1d1-5591-4634-a16b-90fd0ce7919a
976,4,SQL Masterclass (Comprehensive),sql-masterclass,3,Grouping & Sorting,4,HAVING Clause - Filtering Groups,5,WHERE Clause Limitation,Native Platform / Content,Medium,,,,,0,paragraph,836caa8b-4896-4e26-885a-e2f935c1a64f
977,4,SQL Masterclass (Comprehensive),sql-masterclass,3,Grouping & Sorting,4,HAVING Clause - Filtering Groups,6,❌ Wrong Way - WHERE with Aggregate,Native Platform / Content,Medium,,,,,0,code,ab094aeb-94cd-457f-b0d6-c59156f7bc9c
978,4,SQL Masterclass (Comprehensive),sql-masterclass,3,Grouping & Sorting,4,HAVING Clause - Filtering Groups,7,✅ Correct Way - HAVING,Native Platform / Content,Medium,,,,,10,code,03c7007b-d9db-445c-b9f2-93ce92ef233b
979,4,SQL Masterclass (Comprehensive),sql-masterclass,3,Grouping & Sorting,4,HAVING Clause - Filtering Groups,8,"What Exactly Gets ""Grouped""?",Native Platform / Content,Medium,,,,,0,heading,02d17d2d-7054-47ba-820d-d4af28bde11a
980,4,SQL Masterclass (Comprehensive),sql-masterclass,3,Grouping & Sorting,4,HAVING Clause - Filtering Groups,9,Grouping Explanation,Native Platform / Content,Medium,,,,,0,paragraph,fa6d4979-52e7-4772-be03-d9a9d1565b62
981,4,SQL Masterclass (Comprehensive),sql-masterclass,3,Grouping & Sorting,4,HAVING Clause - Filtering Groups,10,Step-by-Step Execution,Native Platform / Content,Medium,,,,,0,heading,95cea65f-8bbf-4873-b352-db593dc62f18
982,4,SQL Masterclass (Comprehensive),sql-masterclass,3,Grouping & Sorting,4,HAVING Clause - Filtering Groups,11,Execution Steps,Native Platform / Content,Medium,,,,,0,list,2de26fee-ec19-4534-bb9a-13476836114f
983,4,SQL Masterclass (Comprehensive),sql-masterclass,3,Grouping & Sorting,4,HAVING Clause - Filtering Groups,12,Tiny Example,Native Platform / Content,Medium,,,,,15,code,cbe87b9d-2c33-4f13-b3f4-13c19143080b
984,4,SQL Masterclass (Comprehensive),sql-masterclass,3,Grouping & Sorting,4,HAVING Clause - Filtering Groups,13,Key Takeaways,Native Platform / Content,Medium,,,,,0,heading,2c51a161-babf-4416-967c-47fe1b93d092
985,4,SQL Masterclass (Comprehensive),sql-masterclass,3,Grouping & Sorting,4,HAVING Clause - Filtering Groups,14,Key Takeaways List,Native Platform / Content,Medium,,,,,0,list,7c8a72c3-7846-46ae-b6d1-86078a9a9216
986,4,SQL Masterclass (Comprehensive),sql-masterclass,3,Grouping & Sorting,4,HAVING Clause - Filtering Groups,15,Multiple Grouping Example,Native Platform / Content,Medium,,,,,10,code,da455fe8-b030-4301-83b4-f40e5db17697
987,4,SQL Masterclass (Comprehensive),sql-masterclass,3,Grouping & Sorting,4,HAVING Clause - Filtering Groups,16,Combining WHERE and HAVING,Native Platform / Content,Medium,,,,,0,heading,adbf0490-05b0-4d53-a33f-4e804f846085
988,4,SQL Masterclass (Comprehensive),sql-masterclass,3,Grouping & Sorting,4,HAVING Clause - Filtering Groups,17,Combined WHERE and HAVING,Native Platform / Content,Medium,,,,,15,code,974cec5c-fafe-4f5b-bef8-859406690767
989,4,SQL Masterclass (Comprehensive),sql-masterclass,3,Grouping & Sorting,4,HAVING Clause - Filtering Groups,18,HAVING Clause Quiz,Interactive Quiz (GrindGram),Easy,,,Explanation: HAVING is used to filter groups after aggregation. WHERE filters individual rows before grouping.,,10,quiz,b301d9ce-16c2-4195-a5aa-9579a65e2dd9
990,4,SQL Masterclass (Comprehensive),sql-masterclass,3,Grouping & Sorting,4,HAVING Clause - Filtering Groups,19,WHERE vs HAVING Quiz,Interactive Quiz (GrindGram),Intermediate,,,Explanation: HAVING is used with GROUP BY to filter groups based on aggregate functions. WHERE cannot be used with aggregate functions.,,15,quiz,a76ddf6a-554d-48f9-a0d1-8034b92a333c
991,4,SQL Masterclass (Comprehensive),sql-masterclass,4,SQL Practice Queries,1,Basic Practice Queries,1,Practice Queries,Native Platform / Content,Medium,,,,,0,heading,e39f04fc-94bb-4966-a882-ca2645798e35
992,4,SQL Masterclass (Comprehensive),sql-masterclass,4,SQL Practice Queries,1,Basic Practice Queries,2,Introduction,Native Platform / Content,Medium,,,,,0,paragraph,ac81b79f-1970-42c1-9dce-880439b29898
993,4,SQL Masterclass (Comprehensive),sql-masterclass,4,SQL Practice Queries,1,Basic Practice Queries,3,Database Reference,Native Platform / Content,Medium,,,,,0,paragraph,f8129a71-5d97-431f-a107-7bc3d4e1ec81
994,4,SQL Masterclass (Comprehensive),sql-masterclass,4,SQL Practice Queries,1,Basic Practice Queries,4,Practice Query 1,Native Platform / Content,Medium,,,,,0,heading,f69e572c-f71b-4826-b5db-78e90f8339cd
995,4,SQL Masterclass (Comprehensive),sql-masterclass,4,SQL Practice Queries,1,Basic Practice Queries,5,Query 1 Description,Native Platform / Content,Medium,,,,,0,paragraph,83a81a9f-3bb4-4131-a3fd-1011951d709b
996,4,SQL Masterclass (Comprehensive),sql-masterclass,4,SQL Practice Queries,1,Basic Practice Queries,6,Query 1 Solution,Native Platform / Content,Medium,,,,,15,code,080affcc-d33f-41cb-badd-090a4c64c9ec
997,4,SQL Masterclass (Comprehensive),sql-masterclass,4,SQL Practice Queries,1,Basic Practice Queries,7,Practice Query 2,Native Platform / Content,Medium,,,,,0,heading,9b308f6e-c4a2-41bb-8b8e-3c14cc3cddd2
998,4,SQL Masterclass (Comprehensive),sql-masterclass,4,SQL Practice Queries,1,Basic Practice Queries,8,Query 2 Description,Native Platform / Content,Medium,,,,,0,paragraph,fa8eb3fd-c97c-49d1-a764-784acab610af
999,4,SQL Masterclass (Comprehensive),sql-masterclass,4,SQL Practice Queries,1,Basic Practice Queries,9,Query 2 Solution,Native Platform / Content,Medium,,,,,20,code,1535d590-a203-402d-ad17-12c32bfa50d3
1000,4,SQL Masterclass (Comprehensive),sql-masterclass,4,SQL Practice Queries,1,Basic Practice Queries,10,Practice Query 3,Native Platform / Content,Medium,,,,,0,heading,101eb1d0-a2dd-455f-8b1a-6f26a38f6be1
1001,4,SQL Masterclass (Comprehensive),sql-masterclass,4,SQL Practice Queries,1,Basic Practice Queries,11,Query 3 Description,Native Platform / Content,Medium,,,,,0,paragraph,c8651b95-a65e-42df-95a9-8b368e22325c
1002,4,SQL Masterclass (Comprehensive),sql-masterclass,4,SQL Practice Queries,1,Basic Practice Queries,12,Query 3 Solution,Native Platform / Content,Medium,,,,,15,code,4d287251-9c02-4d4f-83e5-f46d1382178c
1003,4,SQL Masterclass (Comprehensive),sql-masterclass,4,SQL Practice Queries,1,Basic Practice Queries,13,Practice Query 4,Native Platform / Content,Medium,,,,,0,heading,2c447203-8335-4239-8102-b195a15bf84c
1004,4,SQL Masterclass (Comprehensive),sql-masterclass,4,SQL Practice Queries,1,Basic Practice Queries,14,Query 4 Description,Native Platform / Content,Medium,,,,,0,paragraph,423cff02-8d8c-4b41-a9cc-d246964a9049
1005,4,SQL Masterclass (Comprehensive),sql-masterclass,4,SQL Practice Queries,1,Basic Practice Queries,15,Query 4 Solution,Native Platform / Content,Medium,,,,,15,code,2a86045d-1ffa-4c56-941a-152c60491f37
1006,4,SQL Masterclass (Comprehensive),sql-masterclass,4,SQL Practice Queries,1,Basic Practice Queries,16,Practice Tips,Native Platform / Content,Medium,,,,,0,tip,762dc066-20e6-4c99-a848-f8e7d014f3d2
1007,4,SQL Masterclass (Comprehensive),sql-masterclass,4,SQL Practice Queries,1,Basic Practice Queries,17,Practice Query Challenge,Interactive Quiz (GrindGram),Easy,,,"Explanation: The correct query uses AND to find students who are BOTH from CSE department AND have CGPA greater than 7.0. Options b uses OR (wrong logic), c uses >",,10,quiz,41dde301-56d5-45b3-9cc6-094bc576f12d
1008,4,SQL Masterclass (Comprehensive),sql-masterclass,4,SQL Practice Queries,1,Basic Practice Queries,18,Aggregate Functions Quiz,Interactive Quiz (GrindGram),Intermediate,,,"Explanation: Option a is correct: SELECT dept, COUNT(*) FROM students GROUP BY dept; This groups students by department and counts them. Option b has incorrect WHE",,15,quiz,d572a05a-8a49-4696-a08a-892fe557a579
1009,4,SQL Masterclass (Comprehensive),sql-masterclass,5,SQL Constraints,1,Introduction to Constraints,1,SQL Constraints,Native Platform / Content,Medium,,,,,0,heading,8c0031f8-9dfd-42fa-ba52-ced7950666b9
1010,4,SQL Masterclass (Comprehensive),sql-masterclass,5,SQL Constraints,1,Introduction to Constraints,2,Introduction,Native Platform / Content,Medium,,,,,0,paragraph,2134c2e8-8452-4467-bad0-910083d7025c
1011,4,SQL Masterclass (Comprehensive),sql-masterclass,5,SQL Constraints,1,Introduction to Constraints,3,Using Our College Database,Native Platform / Content,Medium,,,,,0,tip,791d4907-b5fd-4fb8-ab2c-ded09be2e0b2
1012,4,SQL Masterclass (Comprehensive),sql-masterclass,5,SQL Constraints,1,Introduction to Constraints,4,Types of Constraints,Native Platform / Content,Medium,,,,,0,heading,d7c0f2c8-8356-4b28-9c2d-6a0d49b1fef6
1013,4,SQL Masterclass (Comprehensive),sql-masterclass,5,SQL Constraints,1,Introduction to Constraints,5,Constraint Types Overview,Native Platform / Content,Medium,,,,,0,list,707f8ce9-0d35-4725-a427-9fba1d2eb3ff
1014,4,SQL Masterclass (Comprehensive),sql-masterclass,5,SQL Constraints,1,Introduction to Constraints,6,SET NULL Action,Native Platform / Content,Medium,,,,,0,heading,ba316425-8339-41f6-94f3-5b54eda25591
1015,4,SQL Masterclass (Comprehensive),sql-masterclass,5,SQL Constraints,1,Introduction to Constraints,7,SET NULL Explanation,Native Platform / Content,Medium,,,,,0,paragraph,5d2c1f2c-4cd9-4f04-a496-18627632d1b7
1016,4,SQL Masterclass (Comprehensive),sql-masterclass,5,SQL Constraints,1,Introduction to Constraints,8,SET NULL Example,Native Platform / Content,Medium,,,,,25,code,c7925f4a-aa8e-4ed4-8710-bc715552521c
1017,4,SQL Masterclass (Comprehensive),sql-masterclass,5,SQL Constraints,1,Introduction to Constraints,9,RESTRICT Action,Native Platform / Content,Medium,,,,,0,heading,fbb67500-1878-4198-9975-4b0436cc0ace
1018,4,SQL Masterclass (Comprehensive),sql-masterclass,5,SQL Constraints,1,Introduction to Constraints,10,RESTRICT Explanation,Native Platform / Content,Medium,,,,,0,paragraph,9ef0c14f-8f3f-42b3-9cba-9016b3239ec8
1019,4,SQL Masterclass (Comprehensive),sql-masterclass,5,SQL Constraints,1,Introduction to Constraints,11,RESTRICT Example,Native Platform / Content,Medium,,,,,25,code,d3be4bf6-1fdd-4dfe-8c71-de1e0018fa16
1020,4,SQL Masterclass (Comprehensive),sql-masterclass,5,SQL Constraints,1,Introduction to Constraints,12,Common CHECK Patterns,Native Platform / Content,Medium,,,,,0,heading,61732f91-c3fe-4f5a-8f5f-4351234d55b6
1021,4,SQL Masterclass (Comprehensive),sql-masterclass,5,SQL Constraints,1,Introduction to Constraints,13,CHECK Patterns Examples,Native Platform / Content,Medium,,,,,20,code,c62d5568-2b3a-4d45-9e8c-4399c06a7f7b
1022,4,SQL Masterclass (Comprehensive),sql-masterclass,5,SQL Constraints,1,Introduction to Constraints,14,Quiz: NOT NULL vs UNIQUE,Interactive Quiz (GrindGram),Easy,,,"Explanation: NOT NULL ensures a column cannot have NULL values (must have a value), while UNIQUE ensures all values in a column are different from each other. They",,10,quiz,07c47cc6-be90-46b2-8520-63dba9058135
1023,4,SQL Masterclass (Comprehensive),sql-masterclass,5,SQL Constraints,1,Introduction to Constraints,15,Quiz: PRIMARY KEY,Interactive Quiz (GrindGram),Easy,,,"Explanation: PRIMARY KEY combines NOT NULL (cannot be empty) and UNIQUE (no duplicates) constraints. A table can have exactly one PRIMARY KEY, it cannot contain NU",,10,quiz,a1147509-9e6a-4650-a861-87127812611a
1024,4,SQL Masterclass (Comprehensive),sql-masterclass,5,SQL Constraints,1,Introduction to Constraints,16,Quiz: FOREIGN KEY CASCADE,Interactive Quiz (GrindGram),Intermediate,,,"Explanation: ON DELETE CASCADE means when you delete a parent row, all related child rows are automatically deleted. This is useful when child records don't make s",,15,quiz,5a9f8a99-a502-46ab-b64c-b209b9cf29f7
1025,4,SQL Masterclass (Comprehensive),sql-masterclass,5,SQL Constraints,1,Introduction to Constraints,17,Quiz: CHECK Constraint,Interactive Quiz (GrindGram),Intermediate,,,"Explanation: CHECK (age >= 18 AND age <= 65) correctly includes both 18 and 65 as valid values. Option a excludes both endpoints, option c excludes 18 and 65, and ",,15,quiz,1d15da21-3d77-410b-a0fd-a777f6a88852
1026,4,SQL Masterclass (Comprehensive),sql-masterclass,5,SQL Constraints,1,Introduction to Constraints,18,Quiz: DEFAULT Constraint,Interactive Quiz (GrindGram),Easy,,,"Explanation: DEFAULT values are used only when you don't provide a value for that column during INSERT. If you explicitly provide a value (even NULL, if allowed), ",,10,quiz,204810a9-f02e-41f4-945f-a2e61edcc625
1027,4,SQL Masterclass (Comprehensive),sql-masterclass,5,SQL Constraints,1,Introduction to Constraints,19,Quiz: Referential Integrity,Interactive Quiz (GrindGram),Intermediate,,,Explanation: FOREIGN KEY constraints maintain referential integrity by ensuring that values in a child table exist in the parent table. This prevents orphan record,,15,quiz,91efdbcf-b90b-4982-9fbc-8f76e2f8de37
1028,4,SQL Masterclass (Comprehensive),sql-masterclass,5,SQL Constraints,2,NOT NULL and UNIQUE Constraints,1,NOT NULL Constraint,Native Platform / Content,Medium,,,,,0,heading,9ddfbe17-a314-4354-8af4-9893f23bfc56
1029,4,SQL Masterclass (Comprehensive),sql-masterclass,5,SQL Constraints,2,NOT NULL and UNIQUE Constraints,2,NOT NULL Explanation,Native Platform / Content,Medium,,,,,0,paragraph,29bab840-c76d-49c4-81e2-3bf39897ae6c
1030,4,SQL Masterclass (Comprehensive),sql-masterclass,5,SQL Constraints,2,NOT NULL and UNIQUE Constraints,3,NOT NULL Example,Native Platform / Content,Medium,,,,,20,code,ba218bbc-9084-48a3-9864-524f214dd432
1031,4,SQL Masterclass (Comprehensive),sql-masterclass,5,SQL Constraints,2,NOT NULL and UNIQUE Constraints,4,UNIQUE Constraint,Native Platform / Content,Medium,,,,,0,heading,d3ca9743-529c-4d90-896e-96f0de9e4465
1032,4,SQL Masterclass (Comprehensive),sql-masterclass,5,SQL Constraints,2,NOT NULL and UNIQUE Constraints,5,UNIQUE Explanation,Native Platform / Content,Medium,,,,,0,paragraph,e6653c3f-3b33-4628-af70-bafe28f66b75
1033,4,SQL Masterclass (Comprehensive),sql-masterclass,5,SQL Constraints,2,NOT NULL and UNIQUE Constraints,6,UNIQUE Example,Native Platform / Content,Medium,,,,,20,code,dd9f055b-60c3-47d4-96ee-c41e1ff26ff2
1034,4,SQL Masterclass (Comprehensive),sql-masterclass,5,SQL Constraints,2,NOT NULL and UNIQUE Constraints,7,Important Notes,Native Platform / Content,Medium,,,,,0,tip,2d6e903b-119d-4e86-9a0e-3dce2cd92b0d
1035,4,SQL Masterclass (Comprehensive),sql-masterclass,5,SQL Constraints,2,NOT NULL and UNIQUE Constraints,8,Quiz: NOT NULL vs UNIQUE,Interactive Quiz (GrindGram),Easy,,,"Explanation: NOT NULL ensures a column cannot have NULL values (must have a value), while UNIQUE ensures all values in a column are different from each other. They",,10,quiz,c14e1276-5e0f-455e-8747-c6bc8dc33bd8
1036,4,SQL Masterclass (Comprehensive),sql-masterclass,5,SQL Constraints,3,PRIMARY KEY Constraints,1,PRIMARY KEY Constraint,Native Platform / Content,Medium,,,,,0,heading,e13c4b49-636f-4ca2-bde9-11aed8c09574
1037,4,SQL Masterclass (Comprehensive),sql-masterclass,5,SQL Constraints,3,PRIMARY KEY Constraints,2,PRIMARY KEY Explanation,Native Platform / Content,Medium,,,,,0,paragraph,4510d4b3-43ec-4288-93de-35a133222b9c
1038,4,SQL Masterclass (Comprehensive),sql-masterclass,5,SQL Constraints,3,PRIMARY KEY Constraints,3,PRIMARY KEY Example,Native Platform / Content,Medium,,,,,25,code,60a06f5e-8a5b-4712-ac7c-18fb72d30870
1039,4,SQL Masterclass (Comprehensive),sql-masterclass,5,SQL Constraints,3,PRIMARY KEY Constraints,4,Primary Key Rules,Native Platform / Content,Medium,,,,,0,tip,7990a917-36af-46c1-8606-9e1869f0f3f0
1040,4,SQL Masterclass (Comprehensive),sql-masterclass,5,SQL Constraints,3,PRIMARY KEY Constraints,5,Quiz: PRIMARY KEY,Interactive Quiz (GrindGram),Easy,,,"Explanation: PRIMARY KEY combines NOT NULL (cannot be empty) and UNIQUE (no duplicates) constraints. A table can have exactly one PRIMARY KEY, it cannot contain NU",,10,quiz,049db3ec-4ee3-4bd2-bf1a-638ea08aa287
1041,4,SQL Masterclass (Comprehensive),sql-masterclass,5,SQL Constraints,4,FOREIGN KEY Constraints,1,FOREIGN KEY Constraint,Native Platform / Content,Medium,,,,,0,heading,3eb7de8f-d656-4128-b649-ff991d880632
1042,4,SQL Masterclass (Comprehensive),sql-masterclass,5,SQL Constraints,4,FOREIGN KEY Constraints,2,FOREIGN KEY Introduction,Native Platform / Content,Medium,,,,,0,paragraph,5a083447-9120-4dd2-9f3a-d1c613a66b8b
1043,4,SQL Masterclass (Comprehensive),sql-masterclass,5,SQL Constraints,4,FOREIGN KEY Constraints,3,FOREIGN KEY Definition,Native Platform / Content,Medium,,,,,0,paragraph,bd06265f-257b-4bd5-9469-f8f10bfe9309
1044,4,SQL Masterclass (Comprehensive),sql-masterclass,5,SQL Constraints,4,FOREIGN KEY Constraints,4,FOREIGN KEY Basic Example,Native Platform / Content,Medium,,,,,25,code,739fca63-16f6-4f44-8af8-065e6fe1a5f0
1045,4,SQL Masterclass (Comprehensive),sql-masterclass,5,SQL Constraints,4,FOREIGN KEY Constraints,5,Referential Actions,Native Platform / Content,Medium,,,,,0,heading,65fd4b37-050d-41cc-85a5-23bf5ba71922
1046,4,SQL Masterclass (Comprehensive),sql-masterclass,5,SQL Constraints,4,FOREIGN KEY Constraints,6,CASCADE Action,Native Platform / Content,Medium,,,,,0,heading,e8702853-d9ca-480d-a335-5e5fc6cf4984
1047,4,SQL Masterclass (Comprehensive),sql-masterclass,5,SQL Constraints,4,FOREIGN KEY Constraints,7,CASCADE Explanation,Native Platform / Content,Medium,,,,,0,paragraph,53065d29-82ed-4a74-8958-a597f9750b47
1048,4,SQL Masterclass (Comprehensive),sql-masterclass,5,SQL Constraints,4,FOREIGN KEY Constraints,8,CASCADE Example,Native Platform / Content,Medium,,,,,25,code,276986b8-97b7-45d5-b6d5-e685c6f88033
1049,4,SQL Masterclass (Comprehensive),sql-masterclass,5,SQL Constraints,4,FOREIGN KEY Constraints,9,Quiz: FOREIGN KEY CASCADE,Interactive Quiz (GrindGram),Intermediate,,,"Explanation: ON DELETE CASCADE means when you delete a parent row, all related child rows are automatically deleted. This is useful when child records don't make s",,15,quiz,e130104c-fef7-4744-82e3-e3eb350443b8
1050,4,SQL Masterclass (Comprehensive),sql-masterclass,5,SQL Constraints,5,CHECK and DEFAULT Constraints,1,CHECK Constraint,Native Platform / Content,Medium,,,,,0,heading,53c2e77b-bffb-49fb-8d34-d9bc43793d63
1051,4,SQL Masterclass (Comprehensive),sql-masterclass,5,SQL Constraints,5,CHECK and DEFAULT Constraints,2,CHECK Explanation,Native Platform / Content,Medium,,,,,0,paragraph,72b3e97d-b585-49bb-8d91-5fe981de736d
1052,4,SQL Masterclass (Comprehensive),sql-masterclass,5,SQL Constraints,5,CHECK and DEFAULT Constraints,3,CHECK Example,Native Platform / Content,Medium,,,,,25,code,e9716bad-5bd2-41d8-aae0-55baa91e1e93
1053,4,SQL Masterclass (Comprehensive),sql-masterclass,5,SQL Constraints,5,CHECK and DEFAULT Constraints,4,DEFAULT Constraint,Native Platform / Content,Medium,,,,,0,heading,2dcf2e69-81f6-4c27-b084-6a6fa40c348f
1054,4,SQL Masterclass (Comprehensive),sql-masterclass,5,SQL Constraints,5,CHECK and DEFAULT Constraints,5,DEFAULT Explanation,Native Platform / Content,Medium,,,,,0,paragraph,f5a1b92a-03ef-42cc-a045-eb98053b4cb4
1055,4,SQL Masterclass (Comprehensive),sql-masterclass,5,SQL Constraints,5,CHECK and DEFAULT Constraints,6,DEFAULT Example,Native Platform / Content,Medium,,,,,20,code,801b2ada-088a-4aca-b315-e5ce2e97cf1b
1056,4,SQL Masterclass (Comprehensive),sql-masterclass,5,SQL Constraints,5,CHECK and DEFAULT Constraints,7,Quiz: CHECK and DEFAULT,Interactive Quiz (GrindGram),Intermediate,,,"Explanation: CHECK (age >= 18 AND age <= 65) correctly includes both 18 and 65 as valid values. Option a excludes both endpoints, option c excludes 18 and 65, and ",,15,quiz,fbaaf61f-3197-4c51-91dd-2dfba620f3dc
1057,4,SQL Masterclass (Comprehensive),sql-masterclass,5,SQL Constraints,6,Advanced Constraints & Best Practices,1,Adding and Dropping Constraints,Native Platform / Content,Medium,,,,,0,heading,7680dfdd-0ba8-4ec8-8240-36fcf9a0d3ba
1058,4,SQL Masterclass (Comprehensive),sql-masterclass,5,SQL Constraints,6,Advanced Constraints & Best Practices,2,Altering Constraints,Native Platform / Content,Medium,,,,,0,paragraph,35d2eb42-edd8-4f7e-86a2-aeca66790530
1059,4,SQL Masterclass (Comprehensive),sql-masterclass,5,SQL Constraints,6,Advanced Constraints & Best Practices,3,Altering Constraints Examples,Native Platform / Content,Medium,,,,,20,code,2f0ec7ac-fbea-4ab8-9d46-3afd3644d93d
1060,4,SQL Masterclass (Comprehensive),sql-masterclass,5,SQL Constraints,6,Advanced Constraints & Best Practices,4,Best Practices,Native Platform / Content,Medium,,,,,0,heading,12f3d2bc-445a-4e1a-a07d-002fc1a703d3
1061,4,SQL Masterclass (Comprehensive),sql-masterclass,5,SQL Constraints,6,Advanced Constraints & Best Practices,5,Constraint Best Practices,Native Platform / Content,Medium,,,,,0,tip,1c50f85a-6487-443f-bf97-b57f3259618b
1062,4,SQL Masterclass (Comprehensive),sql-masterclass,5,SQL Constraints,6,Advanced Constraints & Best Practices,6,Quick Recap,Native Platform / Content,Medium,,,,,0,heading,33d57809-c138-4dc2-a6d9-e833fff6f37b
1063,4,SQL Masterclass (Comprehensive),sql-masterclass,5,SQL Constraints,6,Advanced Constraints & Best Practices,7,Quick Recap,Native Platform / Content,Medium,,,,,0,tip,6b5c34d0-7a43-451e-820f-9830a8dd84b5
1064,4,SQL Masterclass (Comprehensive),sql-masterclass,5,SQL Constraints,6,Advanced Constraints & Best Practices,8,Quiz: Referential Integrity,Interactive Quiz (GrindGram),Intermediate,,,Explanation: FOREIGN KEY constraints maintain referential integrity by ensuring that values in a child table exist in the parent table. This prevents orphan record,,15,quiz,a5a8bd89-3aad-43c2-b699-cb86c199e73d
1065,4,SQL Masterclass (Comprehensive),sql-masterclass,6,SQL JOINS,1,Introduction to JOINS,1,SQL JOINS - Complete Guide,Native Platform / Content,Medium,,,,,0,heading,26d6b10d-a549-4899-a2f4-3d408aa74027
1066,4,SQL Masterclass (Comprehensive),sql-masterclass,6,SQL JOINS,1,Introduction to JOINS,2,Why We Need JOINs,Native Platform / Content,Medium,,,,,0,paragraph,a0d949b8-6261-49d9-96bf-b5b4288f44e6
1067,4,SQL Masterclass (Comprehensive),sql-masterclass,6,SQL JOINS,1,Introduction to JOINS,3,Example Scenario,Native Platform / Content,Medium,,,,,0,paragraph,ffdd401d-5b66-437b-8e18-52bac538e2d4
1068,4,SQL Masterclass (Comprehensive),sql-masterclass,6,SQL JOINS,1,Introduction to JOINS,4,What is a JOIN?,Native Platform / Content,Medium,,,,,0,paragraph,9d5fd4e0-e6ee-4f77-a3c2-049a5607ed06
1069,4,SQL Masterclass (Comprehensive),sql-masterclass,6,SQL JOINS,1,Introduction to JOINS,5,Types of JOINS,Native Platform / Content,Medium,,,,,0,heading,b9a837d7-d06c-4c76-a696-85f7156bf593
1070,4,SQL Masterclass (Comprehensive),sql-masterclass,6,SQL JOINS,1,Introduction to JOINS,6,JOIN Types Visual Guide,Native Platform / Content,Medium,,,,,20,code,b4362db4-9433-46f4-855b-bae9c99ba930
1071,4,SQL Masterclass (Comprehensive),sql-masterclass,6,SQL JOINS,1,Introduction to JOINS,7,JOIN Types Comparison,Native Platform / Content,Medium,,,,,0,list,cf8a0989-2463-42cd-8192-ccc89acdc22f
1072,4,SQL Masterclass (Comprehensive),sql-masterclass,6,SQL JOINS,2,INNER JOIN,1,INNER JOIN,Native Platform / Content,Medium,,,,,0,heading,0b6ad83b-30e7-4703-9f86-7bf644fe0def
1073,4,SQL Masterclass (Comprehensive),sql-masterclass,6,SQL JOINS,2,INNER JOIN,2,What is INNER JOIN?,Native Platform / Content,Medium,,,,,0,paragraph,551958f7-4c93-4e21-9ea6-cfc9790bd0a3
1074,4,SQL Masterclass (Comprehensive),sql-masterclass,6,SQL JOINS,2,INNER JOIN,3,INNER JOIN Syntax,Native Platform / Content,Medium,,,,,0,heading,100af34f-fd52-4f8b-9ca5-39f3044b1477
1075,4,SQL Masterclass (Comprehensive),sql-masterclass,6,SQL JOINS,2,INNER JOIN,4,Simple Explanation,Native Platform / Content,Medium,,,,,0,paragraph,d68f11ed-6926-4bd3-96ad-bc9d7cb936b6
1076,4,SQL Masterclass (Comprehensive),sql-masterclass,6,SQL JOINS,2,INNER JOIN,5,INNER JOIN Syntax Example,Native Platform / Content,Medium,,,,,15,code,3b67e482-0408-42b2-8e57-a54f3992901e
1077,4,SQL Masterclass (Comprehensive),sql-masterclass,6,SQL JOINS,2,INNER JOIN,6,How JOINs Work,Native Platform / Content,Medium,,,,,0,paragraph,9df49633-f8bb-4f01-982e-9acddc05c6d1
1078,4,SQL Masterclass (Comprehensive),sql-masterclass,6,SQL JOINS,2,INNER JOIN,7,INNER JOIN Example,Native Platform / Content,Medium,,,,,0,heading,ded048bc-76d7-40c8-bae1-632834dd7e33
1079,4,SQL Masterclass (Comprehensive),sql-masterclass,6,SQL JOINS,2,INNER JOIN,8,Example Question,Native Platform / Content,Medium,,,,,0,paragraph,fa8490ae-191b-46b4-b857-ea1041c2801f
1080,4,SQL Masterclass (Comprehensive),sql-masterclass,6,SQL JOINS,2,INNER JOIN,9,INNER JOIN Example Query,Native Platform / Content,Medium,,,,,25,code,9aa57544-cfce-4fb8-a355-c3138333c9e5
1081,4,SQL Masterclass (Comprehensive),sql-masterclass,6,SQL JOINS,2,INNER JOIN,10,Query Result,Native Platform / Content,Medium,,,,,0,table,107c3440-f7c9-4850-a726-b1b17218ac5c
1082,4,SQL Masterclass (Comprehensive),sql-masterclass,6,SQL JOINS,2,INNER JOIN,11,Important Note,Native Platform / Content,Medium,,,,,0,tip,33485046-b035-4cf5-b126-0d9d65dca087
1083,4,SQL Masterclass (Comprehensive),sql-masterclass,6,SQL JOINS,2,INNER JOIN,12,INNER JOIN Quiz,Interactive Quiz (GrindGram),Beginner,,,"Explanation: INNER JOIN returns only the rows where there are matching values in both tables. If a row in one table has no matching row in the other table, it will",,15,quiz,c8ba651e-ca75-4452-86ad-af26b62a882b
1084,4,SQL Masterclass (Comprehensive),sql-masterclass,6,SQL JOINS,3,LEFT JOIN (LEFT OUTER JOIN),1,What is LEFT JOIN?,Native Platform / Content,Medium,,,,,0,paragraph,0348552e-11ab-4014-98f5-bc946a70eda7
1085,4,SQL Masterclass (Comprehensive),sql-masterclass,6,SQL JOINS,3,LEFT JOIN (LEFT OUTER JOIN),2,How LEFT JOIN Works,Native Platform / Content,Medium,,,,,0,paragraph,6639584c-ecc1-433a-aaae-4ee5268704c2
1086,4,SQL Masterclass (Comprehensive),sql-masterclass,6,SQL JOINS,3,LEFT JOIN (LEFT OUTER JOIN),3,Syntax,Native Platform / Content,Medium,,,,,0,heading,bc53bda3-d57c-47b1-a75d-cb3e3bf07bbb
1087,4,SQL Masterclass (Comprehensive),sql-masterclass,6,SQL JOINS,3,LEFT JOIN (LEFT OUTER JOIN),4,LEFT JOIN Syntax,Native Platform / Content,Medium,,,,,15,code,043366ec-e663-4972-977f-35a43ef5a99b
1088,4,SQL Masterclass (Comprehensive),sql-masterclass,6,SQL JOINS,3,LEFT JOIN (LEFT OUTER JOIN),5,"Example 1: All Students, Including Those Not Enrolled",Native Platform / Content,Medium,,,,,0,heading,4e67895a-c374-4e8a-9d69-8e73715d9ccd
1089,4,SQL Masterclass (Comprehensive),sql-masterclass,6,SQL JOINS,3,LEFT JOIN (LEFT OUTER JOIN),6,Example 1 Question,Native Platform / Content,Medium,,,,,0,paragraph,d89e17da-4ba2-4acd-a2c7-7c7244071711
1090,4,SQL Masterclass (Comprehensive),sql-masterclass,6,SQL JOINS,3,LEFT JOIN (LEFT OUTER JOIN),7,Example 1 Query,Native Platform / Content,Medium,,,,,25,code,979098a9-b61f-45e8-b31c-1b44a5581796
1091,4,SQL Masterclass (Comprehensive),sql-masterclass,6,SQL JOINS,3,LEFT JOIN (LEFT OUTER JOIN),8,Example 1 Result,Native Platform / Content,Medium,,,,,0,table,09318c59-eeef-43ab-8ca8-7ac01dadcd2b
1092,4,SQL Masterclass (Comprehensive),sql-masterclass,6,SQL JOINS,3,LEFT JOIN (LEFT OUTER JOIN),9,Result Explanation,Native Platform / Content,Medium,,,,,0,paragraph,c986f930-3c67-47c0-be81-db981bac0eee
1093,4,SQL Masterclass (Comprehensive),sql-masterclass,6,SQL JOINS,3,LEFT JOIN (LEFT OUTER JOIN),10,Key Point,Native Platform / Content,Medium,,,,,0,tip,6646870b-38e5-49fd-a6fc-28c81c65de05
1094,4,SQL Masterclass (Comprehensive),sql-masterclass,6,SQL JOINS,3,LEFT JOIN (LEFT OUTER JOIN),11,Example 2: Courses with Enrollment Count,Native Platform / Content,Medium,,,,,0,heading,3a3614e0-24ce-4382-a006-ac275365ed05
1095,4,SQL Masterclass (Comprehensive),sql-masterclass,6,SQL JOINS,3,LEFT JOIN (LEFT OUTER JOIN),12,Example 2 Question,Native Platform / Content,Medium,,,,,0,paragraph,2ca45134-d08c-460e-b48e-99e0b4114dce
1096,4,SQL Masterclass (Comprehensive),sql-masterclass,6,SQL JOINS,3,LEFT JOIN (LEFT OUTER JOIN),13,Example 2 Query,Native Platform / Content,Medium,,,,,30,code,506d1905-49b8-4048-919a-e2fec187ba85
1097,4,SQL Masterclass (Comprehensive),sql-masterclass,6,SQL JOINS,3,LEFT JOIN (LEFT OUTER JOIN),14,Example 2 Result,Native Platform / Content,Medium,,,,,0,table,21c6c8b2-10c1-4d9d-ab67-1db64efa3bc1
1098,4,SQL Masterclass (Comprehensive),sql-masterclass,6,SQL JOINS,3,LEFT JOIN (LEFT OUTER JOIN),15,LEFT JOIN Quiz,Interactive Quiz (GrindGram),Intermediate,,,"Explanation: LEFT JOIN returns all rows from the left table. When there are no matching rows in the right table, the left table row still appears in the result, bu",,20,quiz,b7a1d5b5-6ca8-4f41-9dc3-4fe853e33092
1099,4,SQL Masterclass (Comprehensive),sql-masterclass,6,SQL JOINS,4,RIGHT JOIN (RIGHT OUTER JOIN),1,RIGHT JOIN (RIGHT OUTER JOIN),Native Platform / Content,Medium,,,,,0,heading,cea02365-876f-49f7-9c66-fe94d9bb856c
1100,4,SQL Masterclass (Comprehensive),sql-masterclass,6,SQL JOINS,4,RIGHT JOIN (RIGHT OUTER JOIN),2,What is RIGHT JOIN?,Native Platform / Content,Medium,,,,,0,paragraph,e892d917-0894-4934-bc85-9dda89493731
1101,4,SQL Masterclass (Comprehensive),sql-masterclass,6,SQL JOINS,4,RIGHT JOIN (RIGHT OUTER JOIN),3,RIGHT JOIN vs LEFT JOIN,Native Platform / Content,Medium,,,,,0,paragraph,3b83929a-0ae2-4a98-a5ef-0050212686ce
1102,4,SQL Masterclass (Comprehensive),sql-masterclass,6,SQL JOINS,4,RIGHT JOIN (RIGHT OUTER JOIN),4,Syntax,Native Platform / Content,Medium,,,,,0,heading,f4dea964-978e-4eef-ac96-812e99b46be8
1103,4,SQL Masterclass (Comprehensive),sql-masterclass,6,SQL JOINS,4,RIGHT JOIN (RIGHT OUTER JOIN),5,RIGHT JOIN Syntax,Native Platform / Content,Medium,,,,,15,code,cd0d1734-2a32-45b9-a61c-77406c297b2c
1104,4,SQL Masterclass (Comprehensive),sql-masterclass,6,SQL JOINS,4,RIGHT JOIN (RIGHT OUTER JOIN),6,"Example: All Courses, Even Without Enrollments",Native Platform / Content,Medium,,,,,0,heading,33676012-683e-44f0-a137-d25fa0d2bc90
1105,4,SQL Masterclass (Comprehensive),sql-masterclass,6,SQL JOINS,4,RIGHT JOIN (RIGHT OUTER JOIN),7,RIGHT JOIN Example Query,Native Platform / Content,Medium,,,,,25,code,68e10c49-e478-4258-bdf0-cfba656fb438
1106,4,SQL Masterclass (Comprehensive),sql-masterclass,6,SQL JOINS,4,RIGHT JOIN (RIGHT OUTER JOIN),8,RIGHT JOIN Result,Native Platform / Content,Medium,,,,,0,table,54bea09c-6f76-46f8-8d15-8623299ce034
1107,4,SQL Masterclass (Comprehensive),sql-masterclass,6,SQL JOINS,4,RIGHT JOIN (RIGHT OUTER JOIN),9,Pro Tip,Native Platform / Content,Medium,,,,,0,tip,94d79964-0408-4bb7-b0d5-3ac7f9ab850e
1108,4,SQL Masterclass (Comprehensive),sql-masterclass,6,SQL JOINS,4,RIGHT JOIN (RIGHT OUTER JOIN),10,Same Query Using LEFT JOIN,Native Platform / Content,Medium,,,,,0,heading,620d3e71-e5a0-4cc8-9021-68abac56ba45
1109,4,SQL Masterclass (Comprehensive),sql-masterclass,6,SQL JOINS,4,RIGHT JOIN (RIGHT OUTER JOIN),11,LEFT JOIN Alternative,Native Platform / Content,Medium,,,,,20,code,92776925-78ba-459b-9bd8-eea17143b86a
1110,4,SQL Masterclass (Comprehensive),sql-masterclass,6,SQL JOINS,4,RIGHT JOIN (RIGHT OUTER JOIN),12,RIGHT JOIN Quiz,Interactive Quiz (GrindGram),Intermediate,,,Explanation: RIGHT JOIN is rarely used because you can achieve the same result by swapping the table order and using LEFT JOIN instead. This makes the code more co,,15,quiz,88704f25-7d1d-4b3e-bba9-31abacd5bb37
1111,4,SQL Masterclass (Comprehensive),sql-masterclass,6,SQL JOINS,5,FULL OUTER JOIN,1,FULL OUTER JOIN,Native Platform / Content,Medium,,,,,0,heading,12d3c3dc-0f7a-4776-9b82-a38ea7eeafc5
1112,4,SQL Masterclass (Comprehensive),sql-masterclass,6,SQL JOINS,5,FULL OUTER JOIN,2,What is FULL OUTER JOIN?,Native Platform / Content,Medium,,,,,0,paragraph,10a15745-7964-480c-89f1-7c168d2cfef6
1113,4,SQL Masterclass (Comprehensive),sql-masterclass,6,SQL JOINS,5,FULL OUTER JOIN,3,How FULL OUTER JOIN Works,Native Platform / Content,Medium,,,,,0,paragraph,b89ddb29-29ab-4fb8-af10-38f7ceefd9be
1114,4,SQL Masterclass (Comprehensive),sql-masterclass,6,SQL JOINS,5,FULL OUTER JOIN,4,Simple Explanation,Native Platform / Content,Medium,,,,,0,paragraph,fadb6a47-6399-4f11-9d90-d03929186519
1115,4,SQL Masterclass (Comprehensive),sql-masterclass,6,SQL JOINS,5,FULL OUTER JOIN,5,Syntax,Native Platform / Content,Medium,,,,,0,heading,4addff2c-fd6e-42cb-8c1d-bffebff447ea
1116,4,SQL Masterclass (Comprehensive),sql-masterclass,6,SQL JOINS,5,FULL OUTER JOIN,6,FULL OUTER JOIN Syntax,Native Platform / Content,Medium,,,,,15,code,226282cb-ca79-4855-9b0d-6dac754cd4c8
1117,4,SQL Masterclass (Comprehensive),sql-masterclass,6,SQL JOINS,5,FULL OUTER JOIN,7,Example: All Students + All Courses,Native Platform / Content,Medium,,,,,0,heading,76e13778-3170-490d-b7db-439b39c05ccb
1118,4,SQL Masterclass (Comprehensive),sql-masterclass,6,SQL JOINS,5,FULL OUTER JOIN,8,Example Goal,Native Platform / Content,Medium,,,,,0,paragraph,207c33d4-19f0-4f8a-82dd-79c4ba3762b4
1119,4,SQL Masterclass (Comprehensive),sql-masterclass,6,SQL JOINS,5,FULL OUTER JOIN,9,FULL OUTER JOIN Example Query,Native Platform / Content,Medium,,,,,30,code,c780e272-a70b-4788-87cc-261bb04fc3fc
1120,4,SQL Masterclass (Comprehensive),sql-masterclass,6,SQL JOINS,5,FULL OUTER JOIN,10,FULL OUTER JOIN Result,Native Platform / Content,Medium,,,,,0,table,c77879da-762b-44d1-860d-52d9b44d72f3
1121,4,SQL Masterclass (Comprehensive),sql-masterclass,6,SQL JOINS,5,FULL OUTER JOIN,11,Result Explanation,Native Platform / Content,Medium,,,,,0,paragraph,dc8f9ba7-3fb8-46fb-82bf-3d37eae47623
1122,4,SQL Masterclass (Comprehensive),sql-masterclass,6,SQL JOINS,5,FULL OUTER JOIN,12,FULL OUTER JOIN Quiz,Interactive Quiz (GrindGram),Intermediate,,,"Explanation: FULL OUTER JOIN returns all rows from both tables. When there are no matches, the missing side is filled with NULL values, ensuring you get complete d",,20,quiz,bd7962f7-e9d8-4616-b62f-9476d021ad3b
1123,4,SQL Masterclass (Comprehensive),sql-masterclass,6,SQL JOINS,6,CROSS JOIN,1,CROSS JOIN,Native Platform / Content,Medium,,,,,0,heading,69b18d88-56bc-4891-87fc-c7c8b2e8183e
1124,4,SQL Masterclass (Comprehensive),sql-masterclass,6,SQL JOINS,6,CROSS JOIN,2,What is CROSS JOIN?,Native Platform / Content,Medium,,,,,0,paragraph,3a25b176-ea8c-4a4c-bd39-9103e58a79e6
1125,4,SQL Masterclass (Comprehensive),sql-masterclass,6,SQL JOINS,6,CROSS JOIN,3,Simple Explanation,Native Platform / Content,Medium,,,,,0,paragraph,11871efb-1fde-47e9-9e01-ac8226affcc1
1126,4,SQL Masterclass (Comprehensive),sql-masterclass,6,SQL JOINS,6,CROSS JOIN,4,Cartesian Join,Native Platform / Content,Medium,,,,,0,paragraph,50432f5e-6212-4847-8731-05496cda7ddc
1127,4,SQL Masterclass (Comprehensive),sql-masterclass,6,SQL JOINS,6,CROSS JOIN,5,Syntax,Native Platform / Content,Medium,,,,,0,heading,c19adc66-ddca-407e-859e-99eab523a0a1
1128,4,SQL Masterclass (Comprehensive),sql-masterclass,6,SQL JOINS,6,CROSS JOIN,6,CROSS JOIN Syntax,Native Platform / Content,Medium,,,,,15,code,4ec21180-627c-494b-851b-db523b849c82
1129,4,SQL Masterclass (Comprehensive),sql-masterclass,6,SQL JOINS,6,CROSS JOIN,7,Example: Every Professor × Every Course,Native Platform / Content,Medium,,,,,0,heading,3d2c667b-8a8f-40da-aef2-d905e9bea019
1130,4,SQL Masterclass (Comprehensive),sql-masterclass,6,SQL JOINS,6,CROSS JOIN,8,Example Question,Native Platform / Content,Medium,,,,,0,paragraph,55022bb4-2004-417f-81c2-fc1cf96abac3
1131,4,SQL Masterclass (Comprehensive),sql-masterclass,6,SQL JOINS,6,CROSS JOIN,9,CROSS JOIN Example Query,Native Platform / Content,Medium,,,,,25,code,5b2f6678-0d58-4c18-b8a6-44ad93319f94
1132,4,SQL Masterclass (Comprehensive),sql-masterclass,6,SQL JOINS,6,CROSS JOIN,10,CROSS JOIN Result,Native Platform / Content,Medium,,,,,0,table,0d7409ef-02e1-44c0-b9ad-b794bc1ee871
1133,4,SQL Masterclass (Comprehensive),sql-masterclass,6,SQL JOINS,6,CROSS JOIN,11,Result Explanation,Native Platform / Content,Medium,,,,,0,paragraph,f33134bc-c47b-4d4f-be04-5bfc0fae9897
1134,4,SQL Masterclass (Comprehensive),sql-masterclass,6,SQL JOINS,6,CROSS JOIN,12,Where is CROSS JOIN used?,Native Platform / Content,Medium,,,,,0,heading,161eb828-4d56-4033-b52b-5e7606d193ac
1135,4,SQL Masterclass (Comprehensive),sql-masterclass,6,SQL JOINS,6,CROSS JOIN,13,Use Cases Introduction,Native Platform / Content,Medium,,,,,0,paragraph,2b31ec4a-30e8-4cea-a0a1-6f56b800a6b1
1136,4,SQL Masterclass (Comprehensive),sql-masterclass,6,SQL JOINS,6,CROSS JOIN,14,CROSS JOIN Use Cases,Native Platform / Content,Medium,,,,,0,table,5229ce4a-6a3c-4f07-a475-e58934839511
1137,4,SQL Masterclass (Comprehensive),sql-masterclass,6,SQL JOINS,6,CROSS JOIN,15,Important Warning,Native Platform / Content,Medium,,,,,0,tip,85dd0c4e-9896-4bd3-ad05-9704f73be0f5
1138,4,SQL Masterclass (Comprehensive),sql-masterclass,6,SQL JOINS,6,CROSS JOIN,16,CROSS JOIN Quiz,Interactive Quiz (GrindGram),Intermediate,,,Explanation: CROSS JOIN creates every possible combination of rows between two tables without needing any JOIN condition. It's also called a Cartesian product.,,15,quiz,b9efcacd-e811-454e-af7b-acb2583ec7a5
1139,4,SQL Masterclass (Comprehensive),sql-masterclass,6,SQL JOINS,7,SELF JOIN,1,SELF JOIN,Native Platform / Content,Medium,,,,,0,heading,2e6fe775-22f2-42e9-affc-95bdabd03603
1140,4,SQL Masterclass (Comprehensive),sql-masterclass,6,SQL JOINS,7,SELF JOIN,2,What is SELF JOIN?,Native Platform / Content,Medium,,,,,0,paragraph,45997542-f11d-41f5-9fb7-e3ff536176b8
1141,4,SQL Masterclass (Comprehensive),sql-masterclass,6,SQL JOINS,7,SELF JOIN,3,Simple Explanation,Native Platform / Content,Medium,,,,,0,paragraph,87b9c4f0-6737-4950-a8b7-2f3869769534
1142,4,SQL Masterclass (Comprehensive),sql-masterclass,6,SQL JOINS,7,SELF JOIN,4,How SELF JOIN Works,Native Platform / Content,Medium,,,,,0,paragraph,5f352330-f44b-474f-83d3-34d934984308
1143,4,SQL Masterclass (Comprehensive),sql-masterclass,6,SQL JOINS,7,SELF JOIN,5,Example 1: Professor Mentors,Native Platform / Content,Medium,,,,,0,heading,8971c2a9-a079-48ba-bcd8-9af7f891df76
1144,4,SQL Masterclass (Comprehensive),sql-masterclass,6,SQL JOINS,7,SELF JOIN,6,Example 1 Scenario,Native Platform / Content,Medium,,,,,0,paragraph,00e8ad75-7764-423e-b357-f7b7c4eda203
1145,4,SQL Masterclass (Comprehensive),sql-masterclass,6,SQL JOINS,7,SELF JOIN,7,SELF JOIN Example 1 Query,Native Platform / Content,Medium,,,,,25,code,efeef295-dcf2-4f34-921e-7b6340f86d44
1146,4,SQL Masterclass (Comprehensive),sql-masterclass,6,SQL JOINS,7,SELF JOIN,8,Example 1 Result,Native Platform / Content,Medium,,,,,0,table,dedb9020-52e9-4b78-82e1-6f76fcb9d39c
1147,4,SQL Masterclass (Comprehensive),sql-masterclass,6,SQL JOINS,7,SELF JOIN,9,Example 2: Students in Same Department,Native Platform / Content,Medium,,,,,0,heading,5ef2ead3-6096-47d3-b603-292cebc51eb6
1148,4,SQL Masterclass (Comprehensive),sql-masterclass,6,SQL JOINS,7,SELF JOIN,10,Example 2 Question,Native Platform / Content,Medium,,,,,0,paragraph,052e0dee-ad8f-460e-8b7b-87775812d169
1149,4,SQL Masterclass (Comprehensive),sql-masterclass,6,SQL JOINS,7,SELF JOIN,11,SELF JOIN Example 2 Query,Native Platform / Content,Medium,,,,,25,code,e7725cff-db89-4a75-a469-911c28a5ffff
1150,4,SQL Masterclass (Comprehensive),sql-masterclass,6,SQL JOINS,7,SELF JOIN,12,Example 2 Result,Native Platform / Content,Medium,,,,,0,table,fb96fefd-de4e-4fd8-9f4a-04aab9d7d038
1151,4,SQL Masterclass (Comprehensive),sql-masterclass,6,SQL JOINS,7,SELF JOIN,13,Key Points for SELF JOIN,Native Platform / Content,Medium,,,,,0,tip,899a4dec-8605-45a1-a533-c69b5e9b550b
1152,4,SQL Masterclass (Comprehensive),sql-masterclass,6,SQL JOINS,7,SELF JOIN,14,SELF JOIN Quiz,Interactive Quiz (GrindGram),Intermediate,,,Explanation: SELF JOIN is used when you want to compare or relate data that exists within the same table. You use different aliases to treat the same table as if i,,15,quiz,1b136efe-dcbc-4efd-9e9a-15197eb43757
1153,4,SQL Masterclass (Comprehensive),sql-masterclass,7,SQL Set Operations,1,Introduction to Set Operations,1,What Are Set Operations?,Native Platform / Content,Medium,,,,,0,paragraph,38d27dc2-90cd-4f07-ac7d-e6c27891a80f
1154,4,SQL Masterclass (Comprehensive),sql-masterclass,7,SQL Set Operations,1,Introduction to Set Operations,2,Mathematical Set Operations,Native Platform / Content,Medium,,,,,0,list,ce5db5e3-ebea-4a29-9af1-9f863eff27ef
1155,4,SQL Masterclass (Comprehensive),sql-masterclass,7,SQL Set Operations,2,UNION - Combine Unique Results,1,UNION - Combine All Results,Native Platform / Content,Medium,,,,,0,paragraph,e2ace51d-cb10-4234-94df-d67cc0949c43
1156,4,SQL Masterclass (Comprehensive),sql-masterclass,7,SQL Set Operations,2,UNION - Combine Unique Results,2,How UNION Works,Native Platform / Content,Medium,,,,,0,paragraph,8749c994-43b2-4691-95c2-6072879fb009
1157,4,SQL Masterclass (Comprehensive),sql-masterclass,7,SQL Set Operations,2,UNION - Combine Unique Results,3,Syntax,Native Platform / Content,Medium,,,,,0,code,e15fffb5-0b48-4673-9259-0140d7ad1447
1158,4,SQL Masterclass (Comprehensive),sql-masterclass,7,SQL Set Operations,2,UNION - Combine Unique Results,4,Example 1: All Student Names and Professor Names,Native Platform / Content,Medium,,,,,0,paragraph,5689a5c5-66fd-45fb-836d-e8bda2ba59f8
1159,4,SQL Masterclass (Comprehensive),sql-masterclass,7,SQL Set Operations,2,UNION - Combine Unique Results,5,Solution,Native Platform / Content,Medium,,,,,0,code,6199e039-04fd-43a8-9481-3dc906e91085
1160,4,SQL Masterclass (Comprehensive),sql-masterclass,7,SQL Set Operations,2,UNION - Combine Unique Results,6,Example 2: All Departments (Students + Professors),Native Platform / Content,Medium,,,,,0,paragraph,6ec869f1-11bc-4da2-a39e-16e2bdc2b39a
1161,4,SQL Masterclass (Comprehensive),sql-masterclass,7,SQL Set Operations,2,UNION - Combine Unique Results,7,Solution,Native Platform / Content,Medium,,,,,0,code,e4d05d0f-9ade-468e-9956-55cdd3cd7345
1162,4,SQL Masterclass (Comprehensive),sql-masterclass,7,SQL Set Operations,2,UNION - Combine Unique Results,8,Result,Native Platform / Content,Medium,,,,,0,table,2117b2dc-4380-4e95-a739-4f4fb4846d41
1163,4,SQL Masterclass (Comprehensive),sql-masterclass,7,SQL Set Operations,3,UNION ALL - Combine All Results,1,UNION ALL - Combine All Results (Keep Duplicates),Native Platform / Content,Medium,,,,,0,paragraph,d7082ae3-8067-4712-a7f2-665d70754466
1164,4,SQL Masterclass (Comprehensive),sql-masterclass,7,SQL Set Operations,3,UNION ALL - Combine All Results,2,Example: All Departments (Including Duplicates),Native Platform / Content,Medium,,,,,0,code,19b3d3d9-3eb8-4ccf-b212-7e44cf8fc8f2
1165,4,SQL Masterclass (Comprehensive),sql-masterclass,7,SQL Set Operations,3,UNION ALL - Combine All Results,3,Result,Native Platform / Content,Medium,,,,,0,table,cf9cd4e2-5bd5-48a5-9053-3733d1265332
1166,4,SQL Masterclass (Comprehensive),sql-masterclass,7,SQL Set Operations,3,UNION ALL - Combine All Results,4,Key Difference,Native Platform / Content,Medium,,,,,0,tip,8866fc6b-4546-495a-a574-92dc7a69b7a8
1167,4,SQL Masterclass (Comprehensive),sql-masterclass,7,SQL Set Operations,4,INTERSECT - Common Elements,1,INTERSECT - Common Elements Only,Native Platform / Content,Medium,,,,,0,paragraph,38c813ea-5acf-451c-b6a0-7f5b4afee612
1168,4,SQL Masterclass (Comprehensive),sql-masterclass,7,SQL Set Operations,4,INTERSECT - Common Elements,2,Example: Students Who Are Also Teaching Assistants,Native Platform / Content,Medium,,,,,0,paragraph,d86fabdf-0158-48e5-abe2-110d02031cf6
1169,4,SQL Masterclass (Comprehensive),sql-masterclass,7,SQL Set Operations,4,INTERSECT - Common Elements,3,Solution,Native Platform / Content,Medium,,,,,0,code,65ade939-f6f6-4444-89e3-b2ab8a2946aa
1170,4,SQL Masterclass (Comprehensive),sql-masterclass,7,SQL Set Operations,4,INTERSECT - Common Elements,4,Result,Native Platform / Content,Medium,,,,,0,table,b6394880-a429-46c8-a301-0c5b4d219f68
1171,4,SQL Masterclass (Comprehensive),sql-masterclass,7,SQL Set Operations,4,INTERSECT - Common Elements,5,Example: Common Departments,Native Platform / Content,Medium,,,,,0,paragraph,1b6909b7-0c76-412b-bf8d-82088622fa35
1172,4,SQL Masterclass (Comprehensive),sql-masterclass,7,SQL Set Operations,4,INTERSECT - Common Elements,6,Solution,Native Platform / Content,Medium,,,,,0,code,f52cc831-4e13-4262-a04a-49eea9ffe73e
1173,4,SQL Masterclass (Comprehensive),sql-masterclass,7,SQL Set Operations,4,INTERSECT - Common Elements,7,Result,Native Platform / Content,Medium,,,,,0,table,3ab11a03-32bb-4d90-bb4f-13da77af9544
1174,4,SQL Masterclass (Comprehensive),sql-masterclass,7,SQL Set Operations,5,EXCEPT - Elements from First Set Only,1,EXCEPT (MINUS in Oracle) - Elements from First Set Only,Native Platform / Content,Medium,,,,,0,paragraph,951e591c-2de4-4e7b-aa64-ab470ef93910
1175,4,SQL Masterclass (Comprehensive),sql-masterclass,7,SQL Set Operations,5,EXCEPT - Elements from First Set Only,2,Example: Students Not Teaching,Native Platform / Content,Medium,,,,,0,paragraph,d6f8b244-10e7-4e69-ab3b-73ec30e76835
1176,4,SQL Masterclass (Comprehensive),sql-masterclass,7,SQL Set Operations,5,EXCEPT - Elements from First Set Only,3,Solution,Native Platform / Content,Medium,,,,,0,code,3bb1d690-3bf7-4e0e-91b3-ec62b44ad283
1177,4,SQL Masterclass (Comprehensive),sql-masterclass,7,SQL Set Operations,5,EXCEPT - Elements from First Set Only,4,Result,Native Platform / Content,Medium,,,,,0,table,fd869477-60f9-4caf-960f-cb3bf36c7ba8
1178,4,SQL Masterclass (Comprehensive),sql-masterclass,7,SQL Set Operations,5,EXCEPT - Elements from First Set Only,5,Example: Departments with Only Students (No Professors),Native Platform / Content,Medium,,,,,0,paragraph,fb5d3b20-fe1a-4df2-b194-b2bf9d502534
1179,4,SQL Masterclass (Comprehensive),sql-masterclass,7,SQL Set Operations,5,EXCEPT - Elements from First Set Only,6,Solution,Native Platform / Content,Medium,,,,,0,code,1024ffc4-30ef-4198-ad85-66d55266ea07
1180,4,SQL Masterclass (Comprehensive),sql-masterclass,7,SQL Set Operations,5,EXCEPT - Elements from First Set Only,7,Result,Native Platform / Content,Medium,,,,,0,table,6767de7f-9b99-4940-a853-af548f450cac
1181,4,SQL Masterclass (Comprehensive),sql-masterclass,7,SQL Set Operations,6,Advanced Set Operations,1,Advanced Examples - Complex Analysis,Native Platform / Content,Medium,,,,,0,paragraph,149c2b7a-a956-4b72-b1af-642442a2c9d0
1182,4,SQL Masterclass (Comprehensive),sql-masterclass,7,SQL Set Operations,6,Advanced Set Operations,2,Complex Analysis Query,Native Platform / Content,Medium,,,,,0,code,8c36b6b3-95fd-491e-9a42-2d5a06dd25a1
1183,4,SQL Masterclass (Comprehensive),sql-masterclass,7,SQL Set Operations,6,Advanced Set Operations,3,Quick Comparison Table,Native Platform / Content,Medium,,,,,0,table,548a4341-14a5-4166-8daf-ca49bf4806fc
1184,4,SQL Masterclass (Comprehensive),sql-masterclass,7,SQL Set Operations,6,Advanced Set Operations,4,Important Rules for Set Operations,Native Platform / Content,Medium,,,,,0,tip,874034ac-00fa-418e-a3d0-6800d127dda6
1185,4,SQL Masterclass (Comprehensive),sql-masterclass,7,SQL Set Operations,6,Advanced Set Operations,5,Practice Exercises,Native Platform / Content,Medium,,,,,0,list,7daf2f28-ce56-4071-bd38-f910176eb88c
1186,4,SQL Masterclass (Comprehensive),sql-masterclass,8,SQL Subqueries,1,Introduction to Subqueries,1,What's a Subquery?,Native Platform / Content,Medium,,,,,0,paragraph,599907a8-5d27-4a36-9315-20f760f834c3
1187,4,SQL Masterclass (Comprehensive),sql-masterclass,8,SQL Subqueries,1,Introduction to Subqueries,2,Definition,Native Platform / Content,Medium,,,,,0,paragraph,3b0fd155-fd73-41f3-873c-f6635a677d58
1188,4,SQL Masterclass (Comprehensive),sql-masterclass,8,SQL Subqueries,1,Introduction to Subqueries,3,General Syntax,Native Platform / Content,Medium,,,,,0,code,dde880b7-82fc-4c9e-8931-cdaf4213be74
1189,4,SQL Masterclass (Comprehensive),sql-masterclass,8,SQL Subqueries,1,Introduction to Subqueries,4,How Subqueries Work,Native Platform / Content,Medium,,,,,0,paragraph,6c297354-26df-43d7-9ab7-3e03b28c8de2
1190,4,SQL Masterclass (Comprehensive),sql-masterclass,8,SQL Subqueries,1,Introduction to Subqueries,5,Common Clauses Where Subqueries Are Used,Native Platform / Content,Medium,,,,,0,table,e68100a9-8271-4341-9d76-f2ccdb4b3b82
1191,4,SQL Masterclass (Comprehensive),sql-masterclass,8,SQL Subqueries,1,Introduction to Subqueries,6,Real-World Example,Native Platform / Content,Medium,,,,,0,paragraph,91595cca-a5f0-401a-8391-b17799b8e193
1192,4,SQL Masterclass (Comprehensive),sql-masterclass,8,SQL Subqueries,1,Introduction to Subqueries,7,Example Query,Native Platform / Content,Medium,,,,,0,code,983108cb-2556-4ff9-b46f-bbfdb6dbf8a5
1193,4,SQL Masterclass (Comprehensive),sql-masterclass,8,SQL Subqueries,1,Introduction to Subqueries,8,Explanation,Native Platform / Content,Medium,,,,,0,paragraph,8a8c1d65-61c0-40a5-af99-0cad79e190a6
1194,4,SQL Masterclass (Comprehensive),sql-masterclass,8,SQL Subqueries,2,Single-Row Subqueries,1,Single-Row Subquery,Native Platform / Content,Medium,,,,,0,paragraph,a5ff72cc-1aee-4cf0-9302-02ff728450f5
1195,4,SQL Masterclass (Comprehensive),sql-masterclass,8,SQL Subqueries,2,Single-Row Subqueries,2,Example: Find students who joined after the first admission date,Native Platform / Content,Medium,,,,,0,code,96e39050-1265-4ecd-b999-5d5c0104f211
1196,4,SQL Masterclass (Comprehensive),sql-masterclass,8,SQL Subqueries,3,Multi-Row Subqueries,1,Multi-Row Subquery,Native Platform / Content,Medium,,,,,0,paragraph,588b4ae3-99be-4088-b4c7-bd7dad48e33a
1197,4,SQL Masterclass (Comprehensive),sql-masterclass,8,SQL Subqueries,3,Multi-Row Subqueries,2,Example: Find students who live in the same city as professors,Native Platform / Content,Medium,,,,,0,code,e8845166-251b-4fbe-9cee-df62de23f972
1198,4,SQL Masterclass (Comprehensive),sql-masterclass,8,SQL Subqueries,3,Multi-Row Subqueries,3,Explanation,Native Platform / Content,Medium,,,,,0,paragraph,cb5ef256-4a0e-4e75-8755-413276ddbc6c
1199,4,SQL Masterclass (Comprehensive),sql-masterclass,8,SQL Subqueries,4,Correlated Subqueries,1,Correlated Subquery,Native Platform / Content,Medium,,,,,0,paragraph,c556cdad-332b-4b2d-bbe4-97d3a6d64127
1200,4,SQL Masterclass (Comprehensive),sql-masterclass,8,SQL Subqueries,4,Correlated Subqueries,2,Example: Find students whose CGPA is above the average CGPA of their department,Native Platform / Content,Medium,,,,,0,code,065b841e-7a77-4622-98eb-c713b37a6d8a
1201,4,SQL Masterclass (Comprehensive),sql-masterclass,8,SQL Subqueries,4,Correlated Subqueries,3,Explanation,Native Platform / Content,Medium,,,,,0,paragraph,5fd7e18c-7676-4a39-8ed7-76a75588390d
1202,4,SQL Masterclass (Comprehensive),sql-masterclass,8,SQL Subqueries,5,Subqueries in Different Clauses,1,Subquery in FROM Clause (Inline View),Native Platform / Content,Medium,,,,,0,paragraph,f65606af-19bf-4652-994a-3e653c1671ea
1203,4,SQL Masterclass (Comprehensive),sql-masterclass,8,SQL Subqueries,5,Subqueries in Different Clauses,2,Example: Find average CGPA per department and show only those above 8,Native Platform / Content,Medium,,,,,0,code,bb2e281c-d008-4ea9-8394-5e4d61415284
1204,4,SQL Masterclass (Comprehensive),sql-masterclass,8,SQL Subqueries,5,Subqueries in Different Clauses,3,Explanation,Native Platform / Content,Medium,,,,,0,paragraph,d8943860-0bdc-4c5c-be15-3166ace23b8d
1205,4,SQL Masterclass (Comprehensive),sql-masterclass,8,SQL Subqueries,5,Subqueries in Different Clauses,4,Subquery in SELECT Clause (Scalar Subquery),Native Platform / Content,Medium,,,,,0,paragraph,144f83f5-7f85-4c2e-be00-24b39b218636
1206,4,SQL Masterclass (Comprehensive),sql-masterclass,8,SQL Subqueries,5,Subqueries in Different Clauses,5,Example: Show each student with total student count next to their name,Native Platform / Content,Medium,,,,,0,code,86beed84-c41a-492f-9a85-1ce664e654f3
1207,4,SQL Masterclass (Comprehensive),sql-masterclass,8,SQL Subqueries,5,Subqueries in Different Clauses,6,Subquery with EXISTS,Native Platform / Content,Medium,,,,,0,paragraph,111fd4f2-99fe-4b06-aa58-87100efbee9e
1208,4,SQL Masterclass (Comprehensive),sql-masterclass,8,SQL Subqueries,5,Subqueries in Different Clauses,7,Example: Find students who have at least one enrollment,Native Platform / Content,Medium,,,,,0,code,15dcea95-9743-4a8e-b0ec-1bcb9b7002f7
1209,4,SQL Masterclass (Comprehensive),sql-masterclass,8,SQL Subqueries,5,Subqueries in Different Clauses,8,Explanation,Native Platform / Content,Medium,,,,,0,paragraph,4d471554-ce9b-40a6-b3f3-dca7aef1857c
1210,4,SQL Masterclass (Comprehensive),sql-masterclass,8,SQL Subqueries,6,Subqueries vs JOINs - Best Practices,1,Types of Subqueries,Native Platform / Content,Medium,,,,,0,table,f538475c-9c91-43e3-b892-789724f458ae
1211,4,SQL Masterclass (Comprehensive),sql-masterclass,8,SQL Subqueries,6,Subqueries vs JOINs - Best Practices,2,Subquery vs JOIN Comparison,Native Platform / Content,Medium,,,,,0,table,45fcf57a-4a23-485f-991b-962cbd140d5a
1212,4,SQL Masterclass (Comprehensive),sql-masterclass,8,SQL Subqueries,6,Subqueries vs JOINs - Best Practices,3,Use Subquery when:,Native Platform / Content,Medium,,,,,0,list,0a6e169a-3d49-4cb9-9f5c-9fb0b5c1a478
1213,4,SQL Masterclass (Comprehensive),sql-masterclass,8,SQL Subqueries,6,Subqueries vs JOINs - Best Practices,4,Use JOIN when:,Native Platform / Content,Medium,,,,,0,list,643fbaaf-5ecf-45af-aa49-88dbb5fcef7f
1214,4,SQL Masterclass (Comprehensive),sql-masterclass,8,SQL Subqueries,6,Subqueries vs JOINs - Best Practices,5,Pro Tip,Native Platform / Content,Medium,,,,,0,tip,252b196d-525b-4db2-8b11-792ac15a587a
1215,5,SDE Internship Calendar 2026,sde-internship-calendar-2026,1,Internship Calendar 2026,1,Jan 2026,1,Uber HackTag Internship,Company Career Portal,General,https://www.uber.com/careers,,"Company: Uber; Stipend: ₹60,000 - ₹90,000 /mo; ",,0,enhanced-table,uber-hacktag-2026
1216,5,SDE Internship Calendar 2026,sde-internship-calendar-2026,1,Internship Calendar 2026,1,Jan 2026,2,Boston Nex Tech Internship Program,Company Career Portal,General,https://www.bostonnext.com/careers,,"Company: Boston Nex Tech (BNT); Stipend: ₹50,000 - ₹80,000 /mo; ",,0,enhanced-table,boston-nex-tech-2026
1217,5,SDE Internship Calendar 2026,sde-internship-calendar-2026,1,Internship Calendar 2026,1,Jan 2026,3,Goldman Sachs Campus Hiring Program,Company Career Portal,General,https://www.goldmansachs.com/careers,,"Company: Goldman Sachs; Stipend: ₹120,000 - ₹150,000 /mo; ",,0,enhanced-table,goldman-sachs-2026
1218,5,SDE Internship Calendar 2026,sde-internship-calendar-2026,1,Internship Calendar 2026,1,Jan 2026,4,Barclays Internship Program,Company Career Portal,General,https://www.barclays.com/careers,,"Company: Barclays; Stipend: ₹70,000 - ₹100,000 /mo; ",,0,enhanced-table,barclays-2026
1219,5,SDE Internship Calendar 2026,sde-internship-calendar-2026,1,Internship Calendar 2026,1,Jan 2026,5,TCS Research Internship,Company Career Portal,General,https://www.tcs.com/careers,,"Company: Tata Consultancy Services (TCS); Stipend: ₹40,000 - ₹60,000 /mo; ",,0,enhanced-table,tcs-research-2026
1220,5,SDE Internship Calendar 2026,sde-internship-calendar-2026,1,Internship Calendar 2026,1,Jan 2026,6,Infosys Instep Internship,Company Career Portal,General,https://www.infosys.com/careers,,"Company: Infosys; Stipend: ₹45,000 - ₹65,000 /mo; ",,0,enhanced-table,infosys-instep-2026
1221,5,SDE Internship Calendar 2026,sde-internship-calendar-2026,1,Internship Calendar 2026,2,Feb 2026,1,Google Summer of Code (GSoC),Company Career Portal,General,https://summerofcode.withgoogle.com,,"Company: Google; Stipend: ₹150,000 - ₹200,000 /mo; ",,0,enhanced-table,google-summer-code-2026
1222,5,SDE Internship Calendar 2026,sde-internship-calendar-2026,1,Internship Calendar 2026,2,Feb 2026,2,JP Morgan Chase Code for Good Internship,Company Career Portal,General,https://careers.jpmorgan.com,,"Company: JP Morgan Chase & Co; Stipend: ₹80,000 - ₹80,000 /mo; ",,0,enhanced-table,jpmorgan-code-for-good-2026
1223,5,SDE Internship Calendar 2026,sde-internship-calendar-2026,1,Internship Calendar 2026,2,Feb 2026,3,Walmart Code Her Internship,Company Career Portal,General,https://walmart.com/careers,,"Company: Walmart; Stipend: ₹60,000 - ₹90,000 /mo; ",,0,enhanced-table,walmart-code-her-2026
1224,5,SDE Internship Calendar 2026,sde-internship-calendar-2026,1,Internship Calendar 2026,2,Feb 2026,4,ServiceNow Women Code To Win Internship,Company Career Portal,General,https://www.servicenow.com/careers,,"Company: ServiceNow; Stipend: ₹100,000 - ₹100,000 /mo; ",,0,enhanced-table,servicenow-women-code-to-win-2026
1225,5,SDE Internship Calendar 2026,sde-internship-calendar-2026,1,Internship Calendar 2026,2,Feb 2026,5,DRDO Research & Development Internship,Company Career Portal,General,https://www.drdo.gov.in/careers,,"Company: DRDO; Stipend: ₹30,000 - ₹50,000 /mo; ",,0,enhanced-table,drdo-2026
1226,5,SDE Internship Calendar 2026,sde-internship-calendar-2026,1,Internship Calendar 2026,3,Mar 2026,1,Infosys HackWithInfy,Company Career Portal,General,https://www.infosys.com/careers,,"Company: Infosys; Stipend: ₹40,000 - ₹60,000 /mo; ",,0,enhanced-table,infosys-hackwithinfy-2026
1227,5,SDE Internship Calendar 2026,sde-internship-calendar-2026,1,Internship Calendar 2026,3,Mar 2026,2,Flipkart Runway Internship,Company Career Portal,General,https://www.flipkartcareers.com,,"Company: Flipkart; Stipend: ₹100,000 - ₹100,000 /mo; ",,0,enhanced-table,flipkart-runway-2026
1228,5,SDE Internship Calendar 2026,sde-internship-calendar-2026,1,Internship Calendar 2026,3,Mar 2026,3,ISRO Research Internship,Company Career Portal,General,https://www.isro.gov.in/careers,,"Company: ISRO; Stipend: ₹25,000 - ₹45,000 /mo; ",,0,enhanced-table,isro-2026
1229,5,SDE Internship Calendar 2026,sde-internship-calendar-2026,1,Internship Calendar 2026,4,Apr 2026,1,Qualcomm 6-Months Internship Program,Company Career Portal,General,https://www.qualcomm.com/careers,,"Company: Qualcomm; Stipend: ₹60,000 - ₹90,000 /mo; ",,0,enhanced-table,qualcomm-6months-2026
1230,5,SDE Internship Calendar 2026,sde-internship-calendar-2026,1,Internship Calendar 2026,4,Apr 2026,2,Myntra Hacker Ramp Internship,Company Career Portal,General,https://www.myntra.com/careers,,"Company: Myntra; Stipend: ₹70,000 - ₹70,000 /mo; ",,0,enhanced-table,myntra-hacker-ramp-2026
1231,5,SDE Internship Calendar 2026,sde-internship-calendar-2026,1,Internship Calendar 2026,4,Apr 2026,3,LinkedIn Coachin Program,Company Career Portal,General,https://www.linkedin.com/careers,,"Company: LinkedIn; Stipend: ₹80,000 - ₹120,000 /mo; ",,0,enhanced-table,linkedin-coachin-2026
1232,5,SDE Internship Calendar 2026,sde-internship-calendar-2026,1,Internship Calendar 2026,5,May 2026,1,Microsoft Software Engineering Intern,Company Career Portal,General,https://careers.microsoft.com,,"Company: Microsoft; Stipend: ₹80,000 - ₹120,000 /mo; ",,0,enhanced-table,microsoft-swe-intern-2026
1233,5,SDE Internship Calendar 2026,sde-internship-calendar-2026,1,Internship Calendar 2026,5,May 2026,2,Microsoft Engage Program,Company Career Portal,General,https://careers.microsoft.com,,"Company: Microsoft; Stipend: ₹100,000 - ₹100,000 /mo; ",,0,enhanced-table,microsoft-engage-2026
1234,5,SDE Internship Calendar 2026,sde-internship-calendar-2026,1,Internship Calendar 2026,5,May 2026,3,Flipkart Grid Internship,Company Career Portal,General,https://www.flipkartcareers.com,,"Company: Flipkart; Stipend: ₹50,000 - ₹80,000 /mo; ",,0,enhanced-table,flipkart-grid-2026
1235,5,SDE Internship Calendar 2026,sde-internship-calendar-2026,1,Internship Calendar 2026,5,May 2026,4,Cisco Ideathon Internship,Company Career Portal,General,https://www.cisco.com/careers,,"Company: Cisco; Stipend: ₹75,000 - ₹100,000 /mo; ",,0,enhanced-table,cisco-ideathon-2026
1236,5,SDE Internship Calendar 2026,sde-internship-calendar-2026,1,Internship Calendar 2026,5,May 2026,5,Qualcomm Summer Internship Program,Company Career Portal,General,https://www.qualcomm.com/careers,,"Company: Qualcomm; Stipend: ₹70,000 - ₹100,000 /mo; ",,0,enhanced-table,qualcomm-summer-2026
1237,5,SDE Internship Calendar 2026,sde-internship-calendar-2026,1,Internship Calendar 2026,5,May 2026,6,JusPay Internship Program,Company Career Portal,General,https://www.juspay.in/careers,,"Company: JusPay; Stipend: ₹50,000 - ₹50,000 /mo; ",,0,enhanced-table,juspay-2026
1238,5,SDE Internship Calendar 2026,sde-internship-calendar-2026,1,Internship Calendar 2026,6,Jun 2026,1,Cognizant Fusion Internship,Company Career Portal,General,https://www.cognizant.com/careers,,"Company: Cognizant; Stipend: ₹45,000 - ₹65,000 /mo; ",,0,enhanced-table,cognizant-fusion-2026
1239,5,SDE Internship Calendar 2026,sde-internship-calendar-2026,1,Internship Calendar 2026,6,Jun 2026,2,Swiggy LaunchPad Internship,Company Career Portal,General,https://careers.swiggy.com,,"Company: Swiggy; Stipend: ₹45,000 - ₹45,000 /mo; ",,0,enhanced-table,swiggy-launchpad-2026
1240,5,SDE Internship Calendar 2026,sde-internship-calendar-2026,1,Internship Calendar 2026,6,Jun 2026,3,HCL TechBee Internship,Company Career Portal,General,https://www.hcltech.com/careers,,"Company: HCL; Stipend: ₹35,000 - ₹50,000 /mo; ",,0,enhanced-table,hcl-techbee-2026
1241,5,SDE Internship Calendar 2026,sde-internship-calendar-2026,1,Internship Calendar 2026,6,Jun 2026,4,Oracle Student-Grads Internship Program,Company Career Portal,General,https://www.oracle.com/careers,,"Company: Oracle; Stipend: ₹50,000 - ₹80,000 /mo; ",,0,enhanced-table,oracle-student-grads-2026
1242,5,SDE Internship Calendar 2026,sde-internship-calendar-2026,1,Internship Calendar 2026,6,Jun 2026,5,DELL IT Intern Program,Company Career Portal,General,https://www.dell.com/careers,,"Company: DELL; Stipend: ₹45,000 - ₹70,000 /mo; ",,0,enhanced-table,dell-it-intern-2026
1243,5,SDE Internship Calendar 2026,sde-internship-calendar-2026,1,Internship Calendar 2026,6,Jun 2026,6,Genpact NextGen Internship Program,Company Career Portal,General,https://www.genpact.com/careers,,"Company: Genpact; Stipend: ₹40,000 - ₹60,000 /mo; ",,0,enhanced-table,genpact-nextgen-2026
1244,5,SDE Internship Calendar 2026,sde-internship-calendar-2026,1,Internship Calendar 2026,6,Jun 2026,7,GitHub Externship,GitHub,General,https://github.com/careers,,"Company: GitHub; Stipend: ₹70,000 - ₹110,000 /mo; ",,0,enhanced-table,github-externship-2026
1245,5,SDE Internship Calendar 2026,sde-internship-calendar-2026,1,Internship Calendar 2026,7,Jul 2026,1,Walmart Global Tech Technology Intern,Company Career Portal,General,https://walmart.com/careers,,"Company: Walmart Global Tech; Stipend: ₹60,000 - ₹90,000 /mo; ",,0,enhanced-table,walmart-global-tech-2026
1246,5,SDE Internship Calendar 2026,sde-internship-calendar-2026,1,Internship Calendar 2026,7,Jul 2026,2,JusPay Internship Program (July),Company Career Portal,General,https://www.juspay.in/careers,,"Company: JusPay; Stipend: ₹50,000 - ₹50,000 /mo; ",,0,enhanced-table,juspay-july-2026
1247,5,SDE Internship Calendar 2026,sde-internship-calendar-2026,1,Internship Calendar 2026,7,Jul 2026,3,Meta Hackercup Internship,Company Career Portal,General,https://www.metacareers.com,,"Company: Meta; Stipend: ₹90,000 - ₹130,000 /mo; ",,0,enhanced-table,meta-hackercup-2026
1248,5,SDE Internship Calendar 2026,sde-internship-calendar-2026,1,Internship Calendar 2026,8,Aug 2026,1,CodeNation Code Agon Internship,Company Career Portal,General,https://www.codenation.dev/careers,,"Company: CodeNation; Stipend: ₹150,000 - ₹150,000 /mo; ",,0,enhanced-table,codenation-code-agon-2026
1249,5,SDE Internship Calendar 2026,sde-internship-calendar-2026,1,Internship Calendar 2026,8,Aug 2026,2,D.E. Shaw Ascent Internship,Company Career Portal,General,https://www.deshaw.com/careers,,"Company: D.E. Shaw; Stipend: ₹60,000 - ₹60,000 /mo; ",,0,enhanced-table,deshaw-ascent-2026
1250,5,SDE Internship Calendar 2026,sde-internship-calendar-2026,1,Internship Calendar 2026,9,Sep 2026,1,Goldman Sachs Engineering Summer Analyst,Company Career Portal,General,https://www.goldmansachs.com/careers,,"Company: Goldman Sachs; Stipend: ₹120,000 - ₹150,000 /mo; ",,0,enhanced-table,goldman-sachs-engineering-analyst-2026
1251,5,SDE Internship Calendar 2026,sde-internship-calendar-2026,1,Internship Calendar 2026,9,Sep 2026,2,Adobe Internship Program,Company Career Portal,General,https://www.adobe.com/careers,,"Company: Adobe; Stipend: ₹85,000 - ₹120,000 /mo; ",,0,enhanced-table,adobe-2026
1252,5,SDE Internship Calendar 2026,sde-internship-calendar-2026,1,Internship Calendar 2026,9,Sep 2026,3,Visa Internship Program,Company Career Portal,General,https://www.visa.com/careers,,"Company: Visa; Stipend: ₹80,000 - ₹120,000 /mo; ",,0,enhanced-table,visa-2026
1253,5,SDE Internship Calendar 2026,sde-internship-calendar-2026,1,Internship Calendar 2026,9,Sep 2026,4,Google Applications Engineering Intern,Company Career Portal,General,https://careers.google.com,,"Company: Google; Stipend: ₹100,000 - ₹150,000 /mo; ",,0,enhanced-table,google-applications-engineering-2026
1254,5,SDE Internship Calendar 2026,sde-internship-calendar-2026,1,Internship Calendar 2026,10,Oct 2026,1,Google STEP Internship,Company Career Portal,General,https://careers.google.com,,"Company: Google; Stipend: ₹90,000 - ₹130,000 /mo; ",,0,enhanced-table,google-step-2026
1255,5,SDE Internship Calendar 2026,sde-internship-calendar-2026,1,Internship Calendar 2026,10,Oct 2026,2,Amazon SDE Intern,Company Career Portal,General,https://www.amazon.jobs,,"Company: Amazon; Stipend: ₹90,000 - ₹130,000 /mo; ",,0,enhanced-table,amazon-sde-intern-2026
1256,5,SDE Internship Calendar 2026,sde-internship-calendar-2026,1,Internship Calendar 2026,10,Oct 2026,3,EY Techathone Internship,Company Career Portal,General,https://www.ey.com/careers,,"Company: EY; Stipend: ₹60,000 - ₹90,000 /mo; ",,0,enhanced-table,ey-techathone-2026
1257,5,SDE Internship Calendar 2026,sde-internship-calendar-2026,1,Internship Calendar 2026,11,Nov 2026,1,Amazon WoW (Women of the World) Internship,Company Career Portal,General,https://www.amazon.jobs,,"Company: Amazon; Stipend: ₹70,000 - ₹100,000 /mo; ",,0,enhanced-table,amazon-wow-2026
1258,5,SDE Internship Calendar 2026,sde-internship-calendar-2026,1,Internship Calendar 2026,11,Nov 2026,2,Intuit Internship Program,Company Career Portal,General,https://www.intuit.com/careers,,"Company: Intuit; Stipend: ₹150,000 - ₹150,000 /mo; ",,0,enhanced-table,intuit-2026
1259,5,SDE Internship Calendar 2026,sde-internship-calendar-2026,1,Internship Calendar 2026,11,Nov 2026,3,Morgan Stanley Internship Program,Company Career Portal,General,https://www.morganstanley.com/careers,,"Company: Morgan Stanley; Stipend: ₹100,000 - ₹130,000 /mo; ",,0,enhanced-table,morgan-stanley-2026
1260,5,SDE Internship Calendar 2026,sde-internship-calendar-2026,1,Internship Calendar 2026,11,Nov 2026,4,Uber UberStar Internship,Company Career Portal,General,https://www.uber.com/careers,,"Company: Uber; Stipend: ₹150,000 - ₹150,000 /mo; ",,0,enhanced-table,uber-uberstar-2026
1261,5,SDE Internship Calendar 2026,sde-internship-calendar-2026,1,Internship Calendar 2026,12,Dec 2026,1,Tata Consultancy Services (TCS) Internship,Company Career Portal,General,https://www.tcs.com/careers,,"Company: Tata Consultancy Services (TCS); Stipend: ₹35,000 - ₹55,000 /mo; ",,0,enhanced-table,tcs-2026
1262,5,SDE Internship Calendar 2026,sde-internship-calendar-2026,1,Internship Calendar 2026,12,Dec 2026,2,Microsoft Tech/PM/Design/SDE Internship,Company Career Portal,General,https://careers.microsoft.com,,"Company: Microsoft; Stipend: ₹85,000 - ₹125,000 /mo; ",,0,enhanced-table,microsoft-multi-role-2026
1263,5,SDE Internship Calendar 2026,sde-internship-calendar-2026,1,Internship Calendar 2026,12,Dec 2026,3,American Express Geek Goddess,Company Career Portal,General,https://www.americanexpress.com/careers,,"Company: American Express; Stipend: ₹80,000 - ₹120,000 /mo; ",,0,enhanced-table,amex-geek-goddess-2026
1264,5,SDE Internship Calendar 2026,sde-internship-calendar-2026,1,Internship Calendar 2026,12,Dec 2026,4,IBM India Internship Program,Company Career Portal,General,https://www.ibm.com/careers,,"Company: IBM India; Stipend: ₹40,000 - ₹70,000 /mo; ",,0,enhanced-table,ibm-india-2026
1265,6,SDE Offcampus Calendar 2026,sde-offcampus-calendar-2026,1,Off-Campus Placement Calendar 2026,1,Jan 2026,1,Introduction to Off-Campus Placements,Native Platform / Content,General,,,,,0,paragraph,1d80e8d5-42a2-4a8d-96b6-476baed70f40
1266,6,SDE Offcampus Calendar 2026,sde-offcampus-calendar-2026,1,Off-Campus Placement Calendar 2026,1,Jan 2026,2,About Off-Campus Opportunities,Native Platform / Content,General,,,,,0,paragraph,02f81913-eb75-48eb-b7e3-7067f839f5ed
1267,6,SDE Offcampus Calendar 2026,sde-offcampus-calendar-2026,1,Off-Campus Placement Calendar 2026,1,Jan 2026,3,Preparation for Interviews,Native Platform / Content,General,,,,,0,paragraph,e91e3528-cc4d-4b9d-8179-01b311cafad9
1268,6,SDE Offcampus Calendar 2026,sde-offcampus-calendar-2026,1,Off-Campus Placement Calendar 2026,1,Jan 2026,4,Coding Sheet Link,Native Platform / Content,General,,,,,0,link,7475a6b3-8d16-4b24-9b4f-f93ef1c32d18
1269,6,SDE Offcampus Calendar 2026,sde-offcampus-calendar-2026,1,Off-Campus Placement Calendar 2026,1,Jan 2026,5,Amazon SDE Off-Campus Hiring,Company Career Portal,General,https://www.amazon.jobs/en/,,"Company: Amazon; Salary: ₹1,800,000 - ₹2,500,000 INR; ",,0,enhanced-table,2ca390ca-349a-4d7b-9417-22db8895dbae
1270,6,SDE Offcampus Calendar 2026,sde-offcampus-calendar-2026,1,Off-Campus Placement Calendar 2026,1,Jan 2026,6,Microsoft SDE Off-Campus Hiring,Company Career Portal,General,https://careers.microsoft.com/,,"Company: Microsoft; Salary: ₹2,000,000 - ₹2,800,000 INR; ",,0,enhanced-table,b301d059-0467-420c-aceb-1fc88e57d0f7
1271,6,SDE Offcampus Calendar 2026,sde-offcampus-calendar-2026,1,Off-Campus Placement Calendar 2026,1,Jan 2026,7,Cyware Off-Campus Hiring,Company Career Portal,General,https://cyware.com/careers,,"Company: Cyware; Salary: ₹900,000 - ₹1,500,000 INR; ",,0,enhanced-table,52ba0816-e3e7-467e-a624-04b0f9acdb23
1272,6,SDE Offcampus Calendar 2026,sde-offcampus-calendar-2026,1,Off-Campus Placement Calendar 2026,1,Jan 2026,8,GeeksforGeeks Off-Campus Hiring,GeeksforGeeks,General,https://www.geeksforgeeks.org/careers,,"Company: GeeksforGeeks; Salary: ₹600,000 - ₹800,000 INR; ",,0,enhanced-table,b30ea971-5dea-4773-8f72-395456ee1aed
1273,6,SDE Offcampus Calendar 2026,sde-offcampus-calendar-2026,1,Off-Campus Placement Calendar 2026,1,Jan 2026,9,HackerEarth Off-Campus Hiring,Company Career Portal,General,https://www.hackerearth.com/careers,,"Company: HackerEarth; Salary: ₹1,470,000 - ₹1,600,000 INR; ",,0,enhanced-table,47d12586-f45d-428d-8722-1451fed4cf46
1274,6,SDE Offcampus Calendar 2026,sde-offcampus-calendar-2026,1,Off-Campus Placement Calendar 2026,1,Jan 2026,10,Rakuten Off-Campus Hiring,Company Career Portal,General,https://rakuten.com/careers,,"Company: Rakuten; Salary: ₹600,000 - ₹1,000,000 INR; ",,0,enhanced-table,52434223-07d1-4315-bbef-e41b41246ead
1275,6,SDE Offcampus Calendar 2026,sde-offcampus-calendar-2026,1,Off-Campus Placement Calendar 2026,2,Feb 2026,1,Google SDE Off-Campus Hiring,Company Career Portal,General,https://careers.google.com/,,"Company: Google; Salary: ₹2,500,000 - ₹3,500,000 INR; ",,0,enhanced-table,8f57e7e2-e0d2-4348-81d2-f2effcb6cc4e
1276,6,SDE Offcampus Calendar 2026,sde-offcampus-calendar-2026,1,Off-Campus Placement Calendar 2026,2,Feb 2026,2,Capgemini Off-Campus Hiring,External Web Resource,General,http://app.joinsuperset.com/join/#/signup/student/jobprofiles/8ef54342-9e29-4069-a055-d9cbba6b30f1,,"Company: Capgemini; Salary: ₹400,000 - ₹700,000 INR; ",,0,enhanced-table,dd63a636-68f5-4228-9e99-fc2bb5b68556
1277,6,SDE Offcampus Calendar 2026,sde-offcampus-calendar-2026,1,Off-Campus Placement Calendar 2026,2,Feb 2026,3,IBM Off-Campus Hiring,Company Career Portal,General,https://careers.ibm.com/en_US/careers/JobDetail?jobId=52240,,"Company: IBM; Salary: ₹400,000 - ₹600,000 INR; ",,0,enhanced-table,6d5e278b-e26f-48a7-a4fe-0b5571e9e390
1278,6,SDE Offcampus Calendar 2026,sde-offcampus-calendar-2026,1,Off-Campus Placement Calendar 2026,2,Feb 2026,4,Wipro Work Integrated Learning Program,External Web Resource,General,https://app.joinsuperset.com/join/#/signup/student/jobprofiles/6fa74b2d-cea6-4fb5-9ca9-5c1537da23c5,,"Company: Wipro; Salary: ₹350,000 - ₹450,000 INR; ",,0,enhanced-table,345beb66-2dcb-4eb1-a4c5-f03fe4cac689
1279,6,SDE Offcampus Calendar 2026,sde-offcampus-calendar-2026,1,Off-Campus Placement Calendar 2026,2,Feb 2026,5,Uber Software Engineer I Off-Campus Hiring,Company Career Portal,General,https://docs.google.com/forms/d/e/1FAIpQLSfTF_yEVIq-SC82pk1HjEj5yNuxdTPccd5F7v2m5glQVrFXDg/viewform,,"Company: Uber; Salary: ₹3,000,000 - ₹3,000,000 INR; ",,0,enhanced-table,b116d4cf-6849-4c50-8c36-2e1b44f1cf37
1280,6,SDE Offcampus Calendar 2026,sde-offcampus-calendar-2026,1,Off-Campus Placement Calendar 2026,3,Mar 2026,1,Flipkart SDE Off-Campus Hiring,Company Career Portal,General,https://www.flipkartcareers.com/,,"Company: Flipkart; Salary: ₹1,500,000 - ₹2,200,000 INR; ",,0,enhanced-table,5dbdfe9d-6282-4898-ac9e-a68933a42009
1281,6,SDE Offcampus Calendar 2026,sde-offcampus-calendar-2026,1,Off-Campus Placement Calendar 2026,4,Apr 2026,1,TCS Off-Campus Hiring,Company Career Portal,General,https://www.tcs.com/careers,,"Company: TCS; Salary: ₹336,000 - ₹720,000 INR; ",,0,enhanced-table,be215166-eb44-4c66-9043-65f449170d08
1282,6,SDE Offcampus Calendar 2026,sde-offcampus-calendar-2026,1,Off-Campus Placement Calendar 2026,4,Apr 2026,2,Infosys Off-Campus Hiring,Company Career Portal,General,https://www.infosys.com/careers,,"Company: Infosys; Salary: ₹360,000 - ₹950,000 INR; ",,0,enhanced-table,5e68de33-90bf-4f4b-90de-c20fdba9cbea
1283,6,SDE Offcampus Calendar 2026,sde-offcampus-calendar-2026,1,Off-Campus Placement Calendar 2026,4,Apr 2026,3,Netmeds Off-Campus Hiring,Company Career Portal,General,https://www.netmeds.com/careers,,"Company: Netmeds; Salary: ₹640,000 - ₹1,000,000 INR; ",,0,enhanced-table,57a593d2-5bd7-4d49-9eb9-c2a3362e1d37
1284,6,SDE Offcampus Calendar 2026,sde-offcampus-calendar-2026,1,Off-Campus Placement Calendar 2026,4,Apr 2026,4,Accolite Off-Campus Hiring,Company Career Portal,General,https://www.accolite.com/careers,,"Company: Accolite; Salary: ₹600,000 - ₹800,000 INR; ",,0,enhanced-table,23b8c7f3-b9b4-49b0-822a-9eae69a41b9a
1285,6,SDE Offcampus Calendar 2026,sde-offcampus-calendar-2026,1,Off-Campus Placement Calendar 2026,4,Apr 2026,5,Atlassian Off-Campus Hiring,Company Career Portal,General,https://www.atlassian.com/careers,,"Company: Atlassian; Salary: ₹4,200,000 - ₹4,200,000 INR; ",,0,enhanced-table,cec70ebf-04f8-46a3-bebf-e832a77825f7
1286,6,SDE Offcampus Calendar 2026,sde-offcampus-calendar-2026,1,Off-Campus Placement Calendar 2026,4,Apr 2026,6,Innovaccer HackerRamp,Company Career Portal,General,https://www.innovaccer.com/careers,,"Company: Innovaccer HackerRamp; Salary: ₹1,200,000 - ₹1,300,000 INR; ",,0,enhanced-table,6d89a673-e90e-4c22-918d-0eadaa7efdfc
1287,6,SDE Offcampus Calendar 2026,sde-offcampus-calendar-2026,1,Off-Campus Placement Calendar 2026,4,Apr 2026,7,BYJU'S Off-Campus Hiring,Company Career Portal,General,https://byjus.com/careers,,"Company: BYJU'S; Salary: ₹1,100,000 - ₹1,200,000 INR; ",,0,enhanced-table,dcb7171d-44ec-4cb0-ba25-586f576fe3ed
1288,6,SDE Offcampus Calendar 2026,sde-offcampus-calendar-2026,1,Off-Campus Placement Calendar 2026,4,Apr 2026,8,LinkedIn Off-Campus Hiring,Company Career Portal,General,https://www.linkedin.com/jobs,,"Company: LinkedIn; Salary: ₹1,600,000 - ₹1,800,000 INR; ",,0,enhanced-table,0fa8ec0c-8726-4663-9a55-c611e7f86012
1289,6,SDE Offcampus Calendar 2026,sde-offcampus-calendar-2026,1,Off-Campus Placement Calendar 2026,4,Apr 2026,9,HackerRank Off-Campus Hiring,HackerRank,General,https://www.hackerrank.com/careers,,"Company: HackerRank; Salary: ₹1,600,000 - ₹1,600,000 INR; ",,0,enhanced-table,1c0a7fe4-fc07-4d8c-912e-9bfa42838a96
1290,6,SDE Offcampus Calendar 2026,sde-offcampus-calendar-2026,1,Off-Campus Placement Calendar 2026,4,Apr 2026,10,DailyRounds Off-Campus Hiring,Company Career Portal,General,https://dailyrounds.org/careers,,Company: DailyRounds; Salary: ₹0 - ₹0 INR; ,,0,enhanced-table,7af27bd6-c73c-4e96-a26d-ebf699486754
1291,6,SDE Offcampus Calendar 2026,sde-offcampus-calendar-2026,1,Off-Campus Placement Calendar 2026,5,May 2026,1,Infosys Off-Campus Hiring,Company Career Portal,General,https://www.infosys.com/careers,,"Company: Infosys; Salary: ₹360,000 - ₹950,000 INR; ",,0,enhanced-table,5a4ed34d-7ae3-42cb-847a-affcb8bfd583
1292,6,SDE Offcampus Calendar 2026,sde-offcampus-calendar-2026,1,Off-Campus Placement Calendar 2026,5,May 2026,2,Uber Off-Campus Hiring,Company Career Portal,General,https://www.uber.com/careers,,"Company: Uber; Salary: ₹3,000,000 - ₹3,000,000 INR; ",,0,enhanced-table,96255fa4-8a72-4d4d-bb06-898b9b05ca15
1293,6,SDE Offcampus Calendar 2026,sde-offcampus-calendar-2026,1,Off-Campus Placement Calendar 2026,5,May 2026,3,Microsoft Off-Campus Hiring,Company Career Portal,General,https://careers.microsoft.com/,,"Company: Microsoft; Salary: ₹4,000,000 - ₹4,000,000 INR; ",,0,enhanced-table,ac78ef2c-8823-4b59-ac22-f58161040090
1294,6,SDE Offcampus Calendar 2026,sde-offcampus-calendar-2026,1,Off-Campus Placement Calendar 2026,5,May 2026,4,LinkedIn Off-Campus Hiring,Company Career Portal,General,https://www.linkedin.com/jobs,,"Company: LinkedIn; Salary: ₹1,600,000 - ₹1,800,000 INR; ",,0,enhanced-table,de8d88fa-d692-464d-ac2a-4b85bf19d6df
1295,6,SDE Offcampus Calendar 2026,sde-offcampus-calendar-2026,1,Off-Campus Placement Calendar 2026,5,May 2026,5,Accolite Off-Campus Hiring,Company Career Portal,General,https://www.accolite.com/careers,,"Company: Accolite; Salary: ₹600,000 - ₹800,000 INR; ",,0,enhanced-table,d2919ffb-fc55-463b-80a1-3b0c1fb12bdd
1296,6,SDE Offcampus Calendar 2026,sde-offcampus-calendar-2026,1,Off-Campus Placement Calendar 2026,5,May 2026,6,MAQ Software Off-Campus Hiring,Company Career Portal,General,https://www.maqsoftware.com/careers,,"Company: MAQ Software; Salary: ₹600,000 - ₹800,000 INR; ",,0,enhanced-table,77d36eee-f7f1-4d2b-a27a-ec4319c822a8
1297,6,SDE Offcampus Calendar 2026,sde-offcampus-calendar-2026,1,Off-Campus Placement Calendar 2026,6,Jun 2026,1,TCS Off-Campus Hiring,Company Career Portal,General,https://www.tcs.com/careers,,"Company: TCS; Salary: ₹336,000 - ₹720,000 INR; ",,0,enhanced-table,8cd3532d-e2c7-4f0d-8399-fbceaf87aa6d
1298,6,SDE Offcampus Calendar 2026,sde-offcampus-calendar-2026,1,Off-Campus Placement Calendar 2026,6,Jun 2026,2,Flipkart Grid,Company Career Portal,General,https://www.flipkartcareers.com/,,"Company: Flipkart Grid; Salary: ₹2,000,000 - ₹2,000,000 INR; ",,0,enhanced-table,ec65f5c3-9d2e-4801-9afc-f08c71abaa5b
1299,6,SDE Offcampus Calendar 2026,sde-offcampus-calendar-2026,1,Off-Campus Placement Calendar 2026,6,Jun 2026,3,Urban Ladder Off-Campus Hiring,Company Career Portal,General,https://www.urbanladder.com/careers,,"Company: Urban Ladder; Salary: ₹1,200,000 - ₹1,500,000 INR; ",,0,enhanced-table,24415377-19ca-4a56-83d1-61d3841863af
1300,6,SDE Offcampus Calendar 2026,sde-offcampus-calendar-2026,1,Off-Campus Placement Calendar 2026,6,Jun 2026,4,Microsoft Off-Campus Hiring,Company Career Portal,General,https://careers.microsoft.com/,,"Company: Microsoft; Salary: ₹4,000,000 - ₹4,000,000 INR; ",,0,enhanced-table,bd23ae99-2cb4-49fe-86be-7990308b6df4
1301,6,SDE Offcampus Calendar 2026,sde-offcampus-calendar-2026,1,Off-Campus Placement Calendar 2026,8,Aug 2026,1,Cognizant Off-Campus Hiring,Company Career Portal,General,https://www.cognizant.com/careers,,"Company: Cognizant; Salary: ₹400,000 - ₹680,000 INR; ",,0,enhanced-table,dabce304-a80f-48be-9101-22ec61d3c9dc
1302,6,SDE Offcampus Calendar 2026,sde-offcampus-calendar-2026,1,Off-Campus Placement Calendar 2026,8,Aug 2026,2,Yellow Off-Campus Hiring,Company Career Portal,General,https://yellow.ai/careers,,Company: Yellow; Salary: ₹0 - ₹0 INR; ,,0,enhanced-table,cfe0534f-a0d3-48e8-8879-d31a8637e3b4
1303,6,SDE Offcampus Calendar 2026,sde-offcampus-calendar-2026,1,Off-Campus Placement Calendar 2026,8,Aug 2026,3,Netmeds Off-Campus Hiring,Company Career Portal,General,https://www.netmeds.com/careers,,"Company: Netmeds; Salary: ₹640,000 - ₹1,000,000 INR; ",,0,enhanced-table,beaddb57-c146-46e6-a0d4-8d74f8febf28
1304,6,SDE Offcampus Calendar 2026,sde-offcampus-calendar-2026,1,Off-Campus Placement Calendar 2026,8,Aug 2026,4,Rakuten Off-Campus Hiring,Company Career Portal,General,https://rakuten.com/careers,,"Company: Rakuten; Salary: ₹600,000 - ₹1,000,000 INR; ",,0,enhanced-table,d26a4304-e5f1-42ec-9b1a-e1d35ee18614
1305,6,SDE Offcampus Calendar 2026,sde-offcampus-calendar-2026,1,Off-Campus Placement Calendar 2026,8,Aug 2026,5,Goldman Sachs Off-Campus Hiring,Company Career Portal,General,https://www.goldmansachs.com/careers,,"Company: Goldman Sachs; Salary: ₹2,000,000 - ₹2,000,000 INR; ",,0,enhanced-table,4ebb6aaf-a046-4cd5-b26b-2629a9026be4
1306,6,SDE Offcampus Calendar 2026,sde-offcampus-calendar-2026,1,Off-Campus Placement Calendar 2026,8,Aug 2026,6,CodeNation / Trilogy Off-Campus Hiring,Company Career Portal,General,https://www.codenation.com/careers,,"Company: CodeNation / Trilogy; Salary: ₹3,000,000 - ₹3,000,000 INR; ",,0,enhanced-table,ae9c3e0d-a8a1-4331-8bda-1005bce488e2
1307,6,SDE Offcampus Calendar 2026,sde-offcampus-calendar-2026,1,Off-Campus Placement Calendar 2026,9,Sep 2026,1,JPMC Code for Good,Company Career Portal,General,https://careers.jpmorgan.com/,,"Company: JPMC Code for Good; Salary: ₹1,600,000 - ₹2,500,000 INR; ",,0,enhanced-table,b578edde-2e1b-46f0-9071-f82458bbd492
1308,6,SDE Offcampus Calendar 2026,sde-offcampus-calendar-2026,1,Off-Campus Placement Calendar 2026,9,Sep 2026,2,BNY Code Divas (BNY Mellon),Company Career Portal,General,https://www.bnymellon.com/careers,,"Company: BNY Code Divas (BNY Mellon); Salary: ₹1,000,000 - ₹1,200,000 INR; ",,0,enhanced-table,b18c7517-9a9e-43db-a00e-db1896d73390
1309,6,SDE Offcampus Calendar 2026,sde-offcampus-calendar-2026,1,Off-Campus Placement Calendar 2026,9,Sep 2026,3,Deloitte TechnoUtsav,Company Career Portal,General,https://www2.deloitte.com/careers,,"Company: Deloitte TechnoUtsav; Salary: ₹600,000 - ₹800,000 INR; ",,0,enhanced-table,9bac4c48-dd22-409b-8edc-73c08b6bea82
1310,6,SDE Offcampus Calendar 2026,sde-offcampus-calendar-2026,1,Off-Campus Placement Calendar 2026,9,Sep 2026,4,Agoda Off-Campus Hiring,Company Career Portal,General,https://careers.agoda.com/,,"Company: Agoda; Salary: ₹1,000,000 - ₹1,500,000 INR; ",,0,enhanced-table,d8e699e3-19b9-4e76-80d0-ab4483b33044
1311,6,SDE Offcampus Calendar 2026,sde-offcampus-calendar-2026,1,Off-Campus Placement Calendar 2026,9,Sep 2026,5,Yellow Off-Campus Hiring,Company Career Portal,General,https://yellow.ai/careers,,Company: Yellow; Salary: ₹0 - ₹0 INR; ,,0,enhanced-table,597ebd60-bc01-4c32-b43b-73dd99ab7c0a
1312,6,SDE Offcampus Calendar 2026,sde-offcampus-calendar-2026,1,Off-Campus Placement Calendar 2026,10,Oct 2026,1,JP Morgan New Grad Off-Campus Hiring,Company Career Portal,General,https://careers.jpmorgan.com/,,"Company: JP Morgan; Salary: ₹1,600,000 - ₹2,500,000 INR; ",,0,enhanced-table,3a387067-9050-4961-b852-a203fc79f85e
1313,6,SDE Offcampus Calendar 2026,sde-offcampus-calendar-2026,1,Off-Campus Placement Calendar 2026,10,Oct 2026,2,Flipkart / PhonePe Off-Campus Hiring,Company Career Portal,General,https://www.flipkartcareers.com/,,"Company: Flipkart / PhonePe; Salary: ₹2,200,000 - ₹2,200,000 INR; ",,0,enhanced-table,7643b3c5-bfb0-4733-997e-12ce2f1f6583
1314,6,SDE Offcampus Calendar 2026,sde-offcampus-calendar-2026,1,Off-Campus Placement Calendar 2026,10,Oct 2026,3,Myntra HackerRamp,Company Career Portal,General,https://www.myntra.com/careers,,"Company: Myntra HackerRamp; Salary: ₹1,600,000 - ₹1,800,000 INR; ",,0,enhanced-table,bc6f480c-a7b5-46b9-96df-977c06c73474
1315,6,SDE Offcampus Calendar 2026,sde-offcampus-calendar-2026,1,Off-Campus Placement Calendar 2026,10,Oct 2026,4,BNY Code Divas (BNY Mellon),Company Career Portal,General,https://www.bnymellon.com/careers,,"Company: BNY Code Divas (BNY Mellon); Salary: ₹1,000,000 - ₹1,200,000 INR; ",,0,enhanced-table,ce1ff6a9-dbbc-4f19-97ce-fd23ddd43142
1316,6,SDE Offcampus Calendar 2026,sde-offcampus-calendar-2026,1,Off-Campus Placement Calendar 2026,10,Oct 2026,5,Agoda Off-Campus Hiring,Company Career Portal,General,https://careers.agoda.com/,,"Company: Agoda; Salary: ₹1,000,000 - ₹1,500,000 INR; ",,0,enhanced-table,d0a19e84-135d-4e7a-be21-af7d9f242921
1317,6,SDE Offcampus Calendar 2026,sde-offcampus-calendar-2026,1,Off-Campus Placement Calendar 2026,10,Oct 2026,6,OYO Off-Campus Hiring,Company Career Portal,General,https://www.oyorooms.com/careers,,"Company: OYO; Salary: ₹1,000,000 - ₹1,200,000 INR; ",,0,enhanced-table,c693ba75-b140-4f9a-a9fa-c19472d2672d
1318,6,SDE Offcampus Calendar 2026,sde-offcampus-calendar-2026,1,Off-Campus Placement Calendar 2026,10,Oct 2026,7,Seekify / Seekho Off-Campus Hiring,Company Career Portal,General,https://seekify.com/careers,,"Company: Seekify / Seekho; Salary: ₹1,000,000 - ₹1,200,000 INR; ",,0,enhanced-table,0553431a-4157-4922-8b8f-8afc46024ebd
1319,6,SDE Offcampus Calendar 2026,sde-offcampus-calendar-2026,1,Off-Campus Placement Calendar 2026,10,Oct 2026,8,Zeta / ShareChat Off-Campus Hiring,Company Career Portal,General,https://www.zeta.tech/careers,,"Company: Zeta / ShareChat; Salary: ₹3,000,000 - ₹3,000,000 INR; ",,0,enhanced-table,31ebabb4-3e3a-4c17-b4fb-2a6002e0f5ae
1320,6,SDE Offcampus Calendar 2026,sde-offcampus-calendar-2026,1,Off-Campus Placement Calendar 2026,10,Oct 2026,9,HackerRank Off-Campus Hiring,HackerRank,General,https://www.hackerrank.com/careers,,"Company: HackerRank; Salary: ₹1,600,000 - ₹1,600,000 INR; ",,0,enhanced-table,a1cd01f3-bfa1-4140-a3bb-99cefcb93511
1321,6,SDE Offcampus Calendar 2026,sde-offcampus-calendar-2026,1,Off-Campus Placement Calendar 2026,10,Oct 2026,10,Kickdrum Off-Campus Hiring,Company Career Portal,General,https://kickdrum.com/careers,,"Company: Kickdrum; Salary: ₹1,000,000 - ₹1,200,000 INR; ",,0,enhanced-table,c19ad183-8815-4000-b6d3-123e9fd45093
1322,6,SDE Offcampus Calendar 2026,sde-offcampus-calendar-2026,1,Off-Campus Placement Calendar 2026,11,Nov 2026,1,Barclays Off-Campus Hiring,Company Career Portal,General,https://home.barclays/careers,,"Company: Barclays; Salary: ₹1,600,000 - ₹2,000,000 INR; ",,0,enhanced-table,ebfd196d-0b7b-4e45-b402-d6fe25e2f2a8
1323,6,SDE Offcampus Calendar 2026,sde-offcampus-calendar-2026,1,Off-Campus Placement Calendar 2026,11,Nov 2026,2,Netflix Off-Campus Hiring,Company Career Portal,General,https://jobs.netflix.com/,,"Company: Netflix; Salary: ₹3,700,000 - ₹3,700,000 INR; ",,0,enhanced-table,9f14f343-2f39-42ed-9980-91ee201640dc
1324,6,SDE Offcampus Calendar 2026,sde-offcampus-calendar-2026,1,Off-Campus Placement Calendar 2026,11,Nov 2026,3,BharatPe Off-Campus Hiring,Company Career Portal,General,https://bharatpe.com/careers,,"Company: BharatPe; Salary: ₹1,600,000 - ₹1,600,000 INR; ",,0,enhanced-table,1b3ddbb2-61c5-4778-984e-2fcc87d91540
1325,6,SDE Offcampus Calendar 2026,sde-offcampus-calendar-2026,1,Off-Campus Placement Calendar 2026,11,Nov 2026,4,Cars24 Off-Campus Hiring,Company Career Portal,General,https://www.cars24.com/careers,,"Company: Cars24; Salary: ₹1,500,000 - ₹1,700,000 INR; ",,0,enhanced-table,e46a0065-a98f-415b-ae7f-a347e020f0b4
1326,6,SDE Offcampus Calendar 2026,sde-offcampus-calendar-2026,1,Off-Campus Placement Calendar 2026,11,Nov 2026,5,KeepTruckin Off-Campus Hiring,Company Career Portal,General,https://keeptruckin.com/careers,,Company: KeepTruckin; Salary: ₹0 - ₹0 INR; ,,0,enhanced-table,6193f24f-53b6-4a6a-9b99-057c25f54f3d
1327,6,SDE Offcampus Calendar 2026,sde-offcampus-calendar-2026,1,Off-Campus Placement Calendar 2026,11,Nov 2026,6,Dunzo Off-Campus Hiring,Company Career Portal,General,https://dunzo.com/careers,,"Company: Dunzo; Salary: ₹1,800,000 - ₹2,000,000 INR; ",,0,enhanced-table,3bed889c-381a-48c3-b44e-efe5bcd0d2d7
1328,6,SDE Offcampus Calendar 2026,sde-offcampus-calendar-2026,1,Off-Campus Placement Calendar 2026,11,Nov 2026,7,GitHub Externship,GitHub,General,https://github.com/careers,,"Company: GitHub Externship; Salary: ₹1,300,000 - ₹1,700,000 INR; ",,0,enhanced-table,c8d575bb-0314-426d-9c0e-47736311f146
1329,6,SDE Offcampus Calendar 2026,sde-offcampus-calendar-2026,1,Off-Campus Placement Calendar 2026,11,Nov 2026,8,Media.net Off-Campus Hiring,Company Career Portal,General,https://www.media.net/careers,,"Company: Media.net; Salary: ₹3,000,000 - ₹3,000,000 INR; ",,0,enhanced-table,e9e4ab56-8d59-40d9-ba8c-c4f4740f294a
1330,6,SDE Offcampus Calendar 2026,sde-offcampus-calendar-2026,1,Off-Campus Placement Calendar 2026,11,Nov 2026,9,Agoda Off-Campus Hiring,Company Career Portal,General,https://careers.agoda.com/,,"Company: Agoda; Salary: ₹1,000,000 - ₹1,500,000 INR; ",,0,enhanced-table,afa4d7ff-aed6-40b4-9c8c-8aa9d0ca6360
1331,6,SDE Offcampus Calendar 2026,sde-offcampus-calendar-2026,1,Off-Campus Placement Calendar 2026,12,Dec 2026,1,Netmeds Off-Campus Hiring,Company Career Portal,General,https://www.netmeds.com/careers,,"Company: Netmeds; Salary: ₹640,000 - ₹1,000,000 INR; ",,0,enhanced-table,4f0eb4ee-3d37-4374-8097-432d61ef4e8e
1332,6,SDE Offcampus Calendar 2026,sde-offcampus-calendar-2026,1,Off-Campus Placement Calendar 2026,12,Dec 2026,2,Urban Ladder Off-Campus Hiring,Company Career Portal,General,https://www.urbanladder.com/careers,,"Company: Urban Ladder; Salary: ₹1,200,000 - ₹1,500,000 INR; ",,0,enhanced-table,c9b58e4d-b78a-42d8-ac81-e4c4b8b7567f
1333,6,SDE Offcampus Calendar 2026,sde-offcampus-calendar-2026,1,Off-Campus Placement Calendar 2026,12,Dec 2026,3,Zeta / ShareChat Off-Campus Hiring,Company Career Portal,General,https://www.zeta.tech/careers,,"Company: Zeta / ShareChat; Salary: ₹3,000,000 - ₹3,000,000 INR; ",,0,enhanced-table,77cf3998-22f9-4754-977d-eb35e952d513
1334,6,SDE Offcampus Calendar 2026,sde-offcampus-calendar-2026,1,Off-Campus Placement Calendar 2026,12,Dec 2026,4,Media.net Off-Campus Hiring,Company Career Portal,General,https://www.media.net/careers,,"Company: Media.net; Salary: ₹3,000,000 - ₹3,000,000 INR; ",,0,enhanced-table,7b4636a7-ea7e-4094-82ab-4cb331e3f145
1335,6,SDE Offcampus Calendar 2026,sde-offcampus-calendar-2026,1,Off-Campus Placement Calendar 2026,12,Dec 2026,5,Amazon WoW / Amazon 6-Month Intern,Company Career Portal,General,https://www.amazon.jobs/en/,,"Company: Amazon WoW / Amazon; Salary: ₹4,000,000 - ₹4,000,000 INR; ",,0,enhanced-table,51c80812-d934-4bf4-b95d-3aded4bb7158
1336,6,SDE Offcampus Calendar 2026,sde-offcampus-calendar-2026,1,Off-Campus Placement Calendar 2026,12,Dec 2026,6,BrowserStack Intern Off-Campus Hiring,Company Career Portal,General,https://www.browserstack.com/careers,,"Company: BrowserStack; Salary: ₹2,500,000 - ₹2,500,000 INR; ",,0,enhanced-table,21e104d5-6179-4e00-84eb-626ed501214e
1337,6,SDE Offcampus Calendar 2026,sde-offcampus-calendar-2026,1,Off-Campus Placement Calendar 2026,12,Dec 2026,7,Dunzo Off-Campus Hiring,Company Career Portal,General,https://dunzo.com/careers,,"Company: Dunzo; Salary: ₹1,800,000 - ₹2,000,000 INR; ",,0,enhanced-table,31de4eeb-af40-4fab-9f64-7ab629acd5da
